Series,Month,Sunspots
1,1749-01-01,58.0
1,1749-02-01,62.6
1,1749-03-01,70.0
1,1749-04-01,55.7
1,1749-05-01,85.0
1,1749-06-01,83.5
1,1749-07-01,94.8
1,1749-08-01,66.3
1,1749-09-01,75.9
1,1749-10-01,75.5
1,1749-11-01,158.6
1,1749-12-01,85.2
1,1750-01-01,73.3
1,1750-02-01,75.9
1,1750-03-01,89.2
1,1750-04-01,88.3
1,1750-05-01,90.0
1,1750-06-01,100.0
1,1750-07-01,85.4
1,1750-08-01,103.0
1,1750-09-01,91.2
1,1750-10-01,65.7
1,1750-11-01,63.3
1,1750-12-01,75.4
1,1751-01-01,70.0
1,1751-02-01,43.5
1,1751-03-01,45.3
1,1751-04-01,56.4
1,1751-05-01,60.7
1,1751-06-01,50.7
1,1751-07-01,66.3
1,1751-08-01,59.8
1,1751-09-01,23.5
1,1751-10-01,23.2
1,1751-11-01,28.5
1,1751-12-01,44.0
1,1752-01-01,35.0
1,1752-02-01,50.0
1,1752-03-01,71.0
1,1752-04-01,59.3
1,1752-05-01,59.7
1,1752-06-01,39.6
1,1752-07-01,78.4
1,1752-08-01,29.3
1,1752-09-01,27.1
1,1752-10-01,46.6
1,1752-11-01,37.6
1,1752-12-01,40.0
1,1753-01-01,44.0
1,1753-02-01,32.0
1,1753-03-01,45.7
1,1753-04-01,38.0
1,1753-05-01,36.0
1,1753-06-01,31.7
1,1753-07-01,22.2
1,1753-08-01,39.0
1,1753-09-01,28.0
1,1753-10-01,25.0
1,1753-11-01,20.0
1,1753-12-01,6.7
1,1754-01-01,0.0
1,1754-02-01,3.0
1,1754-03-01,1.7
1,1754-04-01,13.7
1,1754-05-01,20.7
1,1754-06-01,26.7
1,1754-07-01,18.8
1,1754-08-01,12.3
1,1754-09-01,8.2
1,1754-10-01,24.1
1,1754-11-01,13.2
1,1754-12-01,4.2
1,1755-01-01,10.2
1,1755-02-01,11.2
1,1755-03-01,6.8
1,1755-04-01,6.5
1,1755-05-01,0.0
1,1755-06-01,0.0
1,1755-07-01,8.6
1,1755-08-01,3.2
1,1755-09-01,17.8
1,1755-10-01,23.7
1,1755-11-01,6.8
1,1755-12-01,20.0
1,1756-01-01,12.5
1,1756-02-01,7.1
1,1756-03-01,5.4
1,1756-04-01,9.4
1,1756-05-01,12.5
1,1756-06-01,12.9
1,1756-07-01,3.6
1,1756-08-01,6.4
1,1756-09-01,11.8
1,1756-10-01,14.3
1,1756-11-01,17.0
1,1756-12-01,9.4
1,1757-01-01,14.1
1,1757-02-01,21.2
1,1757-03-01,26.2
1,1757-04-01,30.0
1,1757-05-01,38.1
1,1757-06-01,12.8
1,1757-07-01,25.0
1,1757-08-01,51.3
1,1757-09-01,39.7
1,1757-10-01,32.5
1,1757-11-01,64.7
1,1757-12-01,33.5
1,1758-01-01,37.6
1,1758-02-01,52.0
1,1758-03-01,49.0
1,1758-04-01,72.3
1,1758-05-01,46.4
1,1758-06-01,45.0
1,1758-07-01,44.0
1,1758-08-01,38.7
1,1758-09-01,62.5
1,1758-10-01,37.7
1,1758-11-01,43.0
1,1758-12-01,43.0
1,1759-01-01,48.3
1,1759-02-01,44.0
1,1759-03-01,46.8
1,1759-04-01,47.0
1,1759-05-01,49.0
1,1759-06-01,50.0
1,1759-07-01,51.0
1,1759-08-01,71.3
1,1759-09-01,77.2
1,1759-10-01,59.7
1,1759-11-01,46.3
1,1759-12-01,57.0
1,1760-01-01,67.3
1,1760-02-01,59.5
1,1760-03-01,74.7
1,1760-04-01,58.3
1,1760-05-01,72.0
1,1760-06-01,48.3
1,1760-07-01,66.0
1,1760-08-01,75.6
1,1760-09-01,61.3
1,1760-10-01,50.6
1,1760-11-01,59.7
1,1760-12-01,61.0
1,1761-01-01,70.0
1,1761-02-01,91.0
1,1761-03-01,80.7
1,1761-04-01,71.7
1,1761-05-01,107.2
1,1761-06-01,99.3
1,1761-07-01,94.1
1,1761-08-01,91.1
1,1761-09-01,100.7
1,1761-10-01,88.7
1,1761-11-01,89.7
1,1761-12-01,46.0
1,1762-01-01,43.8
1,1762-02-01,72.8
1,1762-03-01,45.7
1,1762-04-01,60.2
1,1762-05-01,39.9
1,1762-06-01,77.1
1,1762-07-01,33.8
1,1762-08-01,67.7
1,1762-09-01,68.5
1,1762-10-01,69.3
1,1762-11-01,77.8
1,1762-12-01,77.2
1,1763-01-01,56.5
1,1763-02-01,31.9
1,1763-03-01,34.2
1,1763-04-01,32.9
1,1763-05-01,32.7
1,1763-06-01,35.8
1,1763-07-01,54.2
1,1763-08-01,26.5
1,1763-09-01,68.1
1,1763-10-01,46.3
1,1763-11-01,60.9
1,1763-12-01,61.4
1,1764-01-01,59.7
1,1764-02-01,59.7
1,1764-03-01,40.2
1,1764-04-01,34.4
1,1764-05-01,44.3
1,1764-06-01,30.0
1,1764-07-01,30.0
1,1764-08-01,30.0
1,1764-09-01,28.2
1,1764-10-01,28.0
1,1764-11-01,26.0
1,1764-12-01,25.7
1,1765-01-01,24.0
1,1765-02-01,26.0
1,1765-03-01,25.0
1,1765-04-01,22.0
1,1765-05-01,20.2
1,1765-06-01,20.0
1,1765-07-01,27.0
1,1765-08-01,29.7
1,1765-09-01,16.0
1,1765-10-01,14.0
1,1765-11-01,14.0
1,1765-12-01,13.0
1,1766-01-01,12.0
1,1766-02-01,11.0
1,1766-03-01,36.6
1,1766-04-01,6.0
1,1766-05-01,26.8
1,1766-06-01,3.0
1,1766-07-01,3.3
1,1766-08-01,4.0
1,1766-09-01,4.3
1,1766-10-01,5.0
1,1766-11-01,5.7
1,1766-12-01,19.2
1,1767-01-01,27.4
1,1767-02-01,30.0
1,1767-03-01,43.0
1,1767-04-01,32.9
1,1767-05-01,29.8
1,1767-06-01,33.3
1,1767-07-01,21.9
1,1767-08-01,40.8
1,1767-09-01,42.7
1,1767-10-01,44.1
1,1767-11-01,54.7
1,1767-12-01,53.3
1,1768-01-01,53.5
1,1768-02-01,66.1
1,1768-03-01,46.3
1,1768-04-01,42.7
1,1768-05-01,77.7
1,1768-06-01,77.4
1,1768-07-01,52.6
1,1768-08-01,66.8
1,1768-09-01,74.8
1,1768-10-01,77.8
1,1768-11-01,90.6
1,1768-12-01,111.8
1,1769-01-01,73.9
1,1769-02-01,64.2
1,1769-03-01,64.3
1,1769-04-01,96.7
1,1769-05-01,73.6
1,1769-06-01,94.4
1,1769-07-01,118.6
1,1769-08-01,120.3
1,1769-09-01,148.8
1,1769-10-01,158.2
1,1769-11-01,148.1
1,1769-12-01,112.0
1,1770-01-01,104.0
1,1770-02-01,142.5
1,1770-03-01,80.1
1,1770-04-01,51.0
1,1770-05-01,70.1
1,1770-06-01,83.3
1,1770-07-01,109.8
1,1770-08-01,126.3
1,1770-09-01,104.4
1,1770-10-01,103.6
1,1770-11-01,132.2
1,1770-12-01,102.3
1,1771-01-01,36.0
1,1771-02-01,46.2
1,1771-03-01,46.7
1,1771-04-01,64.9
1,1771-05-01,152.7
1,1771-06-01,119.5
1,1771-07-01,67.7
1,1771-08-01,58.5
1,1771-09-01,101.4
1,1771-10-01,90.0
1,1771-11-01,99.7
1,1771-12-01,95.7
1,1772-01-01,100.9
1,1772-02-01,90.8
1,1772-03-01,31.1
1,1772-04-01,92.2
1,1772-05-01,38.0
1,1772-06-01,57.0
1,1772-07-01,77.3
1,1772-08-01,56.2
1,1772-09-01,50.5
1,1772-10-01,78.6
1,1772-11-01,61.3
1,1772-12-01,64.0
1,1773-01-01,54.6
1,1773-02-01,29.0
1,1773-03-01,51.2
1,1773-04-01,32.9
1,1773-05-01,41.1
1,1773-06-01,28.4
1,1773-07-01,27.7
1,1773-08-01,12.7
1,1773-09-01,29.3
1,1773-10-01,26.3
1,1773-11-01,40.9
1,1773-12-01,43.2
1,1774-01-01,46.8
1,1774-02-01,65.4
1,1774-03-01,55.7
1,1774-04-01,43.8
1,1774-05-01,51.3
1,1774-06-01,28.5
1,1774-07-01,17.5
1,1774-08-01,6.6
1,1774-09-01,7.9
1,1774-10-01,14.0
1,1774-11-01,17.7
1,1774-12-01,12.2
1,1775-01-01,4.4
1,1775-02-01,0.0
1,1775-03-01,11.6
1,1775-04-01,11.2
1,1775-05-01,3.9
1,1775-06-01,12.3
1,1775-07-01,1.0
1,1775-08-01,7.9
1,1775-09-01,3.2
1,1775-10-01,5.6
1,1775-11-01,15.1
1,1775-12-01,7.9
1,1776-01-01,21.7
1,1776-02-01,11.6
1,1776-03-01,6.3
1,1776-04-01,21.8
1,1776-05-01,11.2
1,1776-06-01,19.0
1,1776-07-01,1.0
1,1776-08-01,24.2
1,1776-09-01,16.0
1,1776-10-01,30.0
1,1776-11-01,35.0
1,1776-12-01,40.0
1,1777-01-01,45.0
1,1777-02-01,36.5
1,1777-03-01,39.0
1,1777-04-01,95.5
1,1777-05-01,80.3
1,1777-06-01,80.7
1,1777-07-01,95.0
1,1777-08-01,112.0
1,1777-09-01,116.2
1,1777-10-01,106.5
1,1777-11-01,146.0
1,1777-12-01,157.3
1,1778-01-01,177.3
1,1778-02-01,109.3
1,1778-03-01,134.0
1,1778-04-01,145.0
1,1778-05-01,238.9
1,1778-06-01,171.6
1,1778-07-01,153.0
1,1778-08-01,140.0
1,1778-09-01,171.7
1,1778-10-01,156.3
1,1778-11-01,150.3
1,1778-12-01,105.0
1,1779-01-01,114.7
1,1779-02-01,165.7
1,1779-03-01,118.0
1,1779-04-01,145.0
1,1779-05-01,140.0
1,1779-06-01,113.7
1,1779-07-01,143.0
1,1779-08-01,112.0
1,1779-09-01,111.0
1,1779-10-01,124.0
1,1779-11-01,114.0
1,1779-12-01,110.0
1,1780-01-01,70.0
1,1780-02-01,98.0
1,1780-03-01,98.0
1,1780-04-01,95.0
1,1780-05-01,107.2
1,1780-06-01,88.0
1,1780-07-01,86.0
1,1780-08-01,86.0
1,1780-09-01,93.7
1,1780-10-01,77.0
1,1780-11-01,60.0
1,1780-12-01,58.7
1,1781-01-01,98.7
1,1781-02-01,74.7
1,1781-03-01,53.0
1,1781-04-01,68.3
1,1781-05-01,104.7
1,1781-06-01,97.7
1,1781-07-01,73.5
1,1781-08-01,66.0
1,1781-09-01,51.0
1,1781-10-01,27.3
1,1781-11-01,67.0
1,1781-12-01,35.2
1,1782-01-01,54.0
1,1782-02-01,37.5
1,1782-03-01,37.0
1,1782-04-01,41.0
1,1782-05-01,54.3
1,1782-06-01,38.0
1,1782-07-01,37.0
1,1782-08-01,44.0
1,1782-09-01,34.0
1,1782-10-01,23.2
1,1782-11-01,31.5
1,1782-12-01,30.0
1,1783-01-01,28.0
1,1783-02-01,38.7
1,1783-03-01,26.7
1,1783-04-01,28.3
1,1783-05-01,23.0
1,1783-06-01,25.2
1,1783-07-01,32.2
1,1783-08-01,20.0
1,1783-09-01,18.0
1,1783-10-01,8.0
1,1783-11-01,15.0
1,1783-12-01,10.5
1,1784-01-01,13.0
1,1784-02-01,8.0
1,1784-03-01,11.0
1,1784-04-01,10.0
1,1784-05-01,6.0
1,1784-06-01,9.0
1,1784-07-01,6.0
1,1784-08-01,10.0
1,1784-09-01,10.0
1,1784-10-01,8.0
1,1784-11-01,17.0
1,1784-12-01,14.0
1,1785-01-01,6.5
1,1785-02-01,8.0
1,1785-03-01,9.0
1,1785-04-01,15.7
1,1785-05-01,20.7
1,1785-06-01,26.3
1,1785-07-01,36.3
1,1785-08-01,20.0
1,1785-09-01,32.0
1,1785-10-01,47.2
1,1785-11-01,40.2
1,1785-12-01,27.3
1,1786-01-01,37.2
1,1786-02-01,47.6
1,1786-03-01,47.7
1,1786-04-01,85.4
1,1786-05-01,92.3
1,1786-06-01,59.0
1,1786-07-01,83.0
1,1786-08-01,89.7
1,1786-09-01,111.5
1,1786-10-01,112.3
1,1786-11-01,116.0
1,1786-12-01,112.7
1,1787-01-01,134.7
1,1787-02-01,106.0
1,1787-03-01,87.4
1,1787-04-01,127.2
1,1787-05-01,134.8
1,1787-06-01,99.2
1,1787-07-01,128.0
1,1787-08-01,137.2
1,1787-09-01,157.3
1,1787-10-01,157.0
1,1787-11-01,141.5
1,1787-12-01,174.0
1,1788-01-01,138.0
1,1788-02-01,129.2
1,1788-03-01,143.3
1,1788-04-01,108.5
1,1788-05-01,113.0
1,1788-06-01,154.2
1,1788-07-01,141.5
1,1788-08-01,136.0
1,1788-09-01,141.0
1,1788-10-01,142.0
1,1788-11-01,94.7
1,1788-12-01,129.5
1,1789-01-01,114.0
1,1789-02-01,125.3
1,1789-03-01,120.0
1,1789-04-01,123.3
1,1789-05-01,123.5
1,1789-06-01,120.0
1,1789-07-01,117.0
1,1789-08-01,103.0
1,1789-09-01,112.0
1,1789-10-01,89.7
1,1789-11-01,134.0
1,1789-12-01,135.5
1,1790-01-01,103.0
1,1790-02-01,127.5
1,1790-03-01,96.3
1,1790-04-01,94.0
1,1790-05-01,93.0
1,1790-06-01,91.0
1,1790-07-01,69.3
1,1790-08-01,87.0
1,1790-09-01,77.3
1,1790-10-01,84.3
1,1790-11-01,82.0
1,1790-12-01,74.0
1,1791-01-01,72.7
1,1791-02-01,62.0
1,1791-03-01,74.0
1,1791-04-01,77.2
1,1791-05-01,73.7
1,1791-06-01,64.2
1,1791-07-01,71.0
1,1791-08-01,43.0
1,1791-09-01,66.5
1,1791-10-01,61.7
1,1791-11-01,67.0
1,1791-12-01,66.0
1,1792-01-01,58.0
1,1792-02-01,64.0
1,1792-03-01,63.0
1,1792-04-01,75.7
1,1792-05-01,62.0
1,1792-06-01,61.0
1,1792-07-01,45.8
1,1792-08-01,60.0
1,1792-09-01,59.0
1,1792-10-01,59.0
1,1792-11-01,57.0
1,1792-12-01,56.0
1,1793-01-01,56.0
1,1793-02-01,55.0
1,1793-03-01,55.5
1,1793-04-01,53.0
1,1793-05-01,52.3
1,1793-06-01,51.0
1,1793-07-01,50.0
1,1793-08-01,29.3
1,1793-09-01,24.0
1,1793-10-01,47.0
1,1793-11-01,44.0
1,1793-12-01,45.7
1,1794-01-01,45.0
1,1794-02-01,44.0
1,1794-03-01,38.0
1,1794-04-01,28.4
1,1794-05-01,55.7
1,1794-06-01,41.5
1,1794-07-01,41.0
1,1794-08-01,40.0
1,1794-09-01,11.1
1,1794-10-01,28.5
1,1794-11-01,67.4
1,1794-12-01,51.4
1,1795-01-01,21.4
1,1795-02-01,39.9
1,1795-03-01,12.6
1,1795-04-01,18.6
1,1795-05-01,31.0
1,1795-06-01,17.1
1,1795-07-01,12.9
1,1795-08-01,25.7
1,1795-09-01,13.5
1,1795-10-01,19.5
1,1795-11-01,25.0
1,1795-12-01,18.0
1,1796-01-01,22.0
1,1796-02-01,23.8
1,1796-03-01,15.7
1,1796-04-01,31.7
1,1796-05-01,21.0
1,1796-06-01,6.7
1,1796-07-01,26.9
1,1796-08-01,1.5
1,1796-09-01,18.4
1,1796-10-01,11.0
1,1796-11-01,8.4
1,1796-12-01,5.1
1,1797-01-01,14.4
1,1797-02-01,4.2
1,1797-03-01,4.0
1,1797-04-01,4.0
1,1797-05-01,7.3
1,1797-06-01,11.1
1,1797-07-01,4.3
1,1797-08-01,6.0
1,1797-09-01,5.7
1,1797-10-01,6.9
1,1797-11-01,5.8
1,1797-12-01,3.0
1,1798-01-01,2.0
1,1798-02-01,4.0
1,1798-03-01,12.4
1,1798-04-01,1.1
1,1798-05-01,0.0
1,1798-06-01,0.0
1,1798-07-01,0.0
1,1798-08-01,3.0
1,1798-09-01,2.4
1,1798-10-01,1.5
1,1798-11-01,12.5
1,1798-12-01,9.9
1,1799-01-01,1.6
1,1799-02-01,12.6
1,1799-03-01,21.7
1,1799-04-01,8.4
1,1799-05-01,8.2
1,1799-06-01,10.6
1,1799-07-01,2.1
1,1799-08-01,0.0
1,1799-09-01,0.0
1,1799-10-01,4.6
1,1799-11-01,2.7
1,1799-12-01,8.6
1,1800-01-01,6.9
1,1800-02-01,9.3
1,1800-03-01,13.9
1,1800-04-01,0.0
1,1800-05-01,5.0
1,1800-06-01,23.7
1,1800-07-01,21.0
1,1800-08-01,19.5
1,1800-09-01,11.5
1,1800-10-01,12.3
1,1800-11-01,10.5
1,1800-12-01,40.1
1,1801-01-01,27.0
1,1801-02-01,29.0
1,1801-03-01,30.0
1,1801-04-01,31.0
1,1801-05-01,32.0
1,1801-06-01,31.2
1,1801-07-01,35.0
1,1801-08-01,38.7
1,1801-09-01,33.5
1,1801-10-01,32.6
1,1801-11-01,39.8
1,1801-12-01,48.2
1,1802-01-01,47.8
1,1802-02-01,47.0
1,1802-03-01,40.8
1,1802-04-01,42.0
1,1802-05-01,44.0
1,1802-06-01,46.0
1,1802-07-01,48.0
1,1802-08-01,50.0
1,1802-09-01,51.8
1,1802-10-01,38.5
1,1802-11-01,34.5
1,1802-12-01,50.0
1,1803-01-01,50.0
1,1803-02-01,50.8
1,1803-03-01,29.5
1,1803-04-01,25.0
1,1803-05-01,44.3
1,1803-06-01,36.0
1,1803-07-01,48.3
1,1803-08-01,34.1
1,1803-09-01,45.3
1,1803-10-01,54.3
1,1803-11-01,51.0
1,1803-12-01,48.0
1,1804-01-01,45.3
1,1804-02-01,48.3
1,1804-03-01,48.0
1,1804-04-01,50.6
1,1804-05-01,33.4
1,1804-06-01,34.8
1,1804-07-01,29.8
1,1804-08-01,43.1
1,1804-09-01,53.0
1,1804-10-01,62.3
1,1804-11-01,61.0
1,1804-12-01,60.0
1,1805-01-01,61.0
1,1805-02-01,44.1
1,1805-03-01,51.4
1,1805-04-01,37.5
1,1805-05-01,39.0
1,1805-06-01,40.5
1,1805-07-01,37.6
1,1805-08-01,42.7
1,1805-09-01,44.4
1,1805-10-01,29.4
1,1805-11-01,41.0
1,1805-12-01,38.3
1,1806-01-01,39.0
1,1806-02-01,29.6
1,1806-03-01,32.7
1,1806-04-01,27.7
1,1806-05-01,26.4
1,1806-06-01,25.6
1,1806-07-01,30.0
1,1806-08-01,26.3
1,1806-09-01,24.0
1,1806-10-01,27.0
1,1806-11-01,25.0
1,1806-12-01,24.0
1,1807-01-01,12.0
1,1807-02-01,12.2
1,1807-03-01,9.6
1,1807-04-01,23.8
1,1807-05-01,10.0
1,1807-06-01,12.0
1,1807-07-01,12.7
1,1807-08-01,12.0
1,1807-09-01,5.7
1,1807-10-01,8.0
1,1807-11-01,2.6
1,1807-12-01,0.0
1,1808-01-01,0.0
1,1808-02-01,4.5
1,1808-03-01,0.0
1,1808-04-01,12.3
1,1808-05-01,13.5
1,1808-06-01,13.5
1,1808-07-01,6.7
1,1808-08-01,8.0
1,1808-09-01,11.7
1,1808-10-01,4.7
1,1808-11-01,10.5
1,1808-12-01,12.3
1,1809-01-01,7.2
1,1809-02-01,9.2
1,1809-03-01,0.9
1,1809-04-01,2.5
1,1809-05-01,2.0
1,1809-06-01,7.7
1,1809-07-01,0.3
1,1809-08-01,0.2
1,1809-09-01,0.4
1,1809-10-01,0.0
1,1809-11-01,0.0
1,1809-12-01,0.0
1,1810-01-01,0.0
1,1810-02-01,0.0
1,1810-03-01,0.0
1,1810-04-01,0.0
1,1810-05-01,0.0
1,1810-06-01,0.0
1,1810-07-01,0.0
1,1810-08-01,0.0
1,1810-09-01,0.0
1,1810-10-01,0.0
1,1810-11-01,0.0
1,1810-12-01,0.0
1,1811-01-01,0.0
1,1811-02-01,0.0
1,1811-03-01,0.0
1,1811-04-01,0.0
1,1811-05-01,0.0
1,1811-06-01,0.0
1,1811-07-01,6.6
1,1811-08-01,0.0
1,1811-09-01,2.4
1,1811-10-01,6.1
1,1811-11-01,0.8
1,1811-12-01,1.1
1,1812-01-01,11.3
1,1812-02-01,1.9
1,1812-03-01,0.7
1,1812-04-01,0.0
1,1812-05-01,1.0
1,1812-06-01,1.3
1,1812-07-01,0.5
1,1812-08-01,15.6
1,1812-09-01,5.2
1,1812-10-01,3.9
1,1812-11-01,7.9
1,1812-12-01,10.1
1,1813-01-01,0.0
1,1813-02-01,10.3
1,1813-03-01,1.9
1,1813-04-01,16.6
1,1813-05-01,5.5
1,1813-06-01,11.2
1,1813-07-01,18.3
1,1813-08-01,8.4
1,1813-09-01,15.3
1,1813-10-01,27.8
1,1813-11-01,16.7
1,1813-12-01,14.3
1,1814-01-01,22.2
1,1814-02-01,12.0
1,1814-03-01,5.7
1,1814-04-01,23.8
1,1814-05-01,5.8
1,1814-06-01,14.9
1,1814-07-01,18.5
1,1814-08-01,2.3
1,1814-09-01,8.1
1,1814-10-01,19.3
1,1814-11-01,14.5
1,1814-12-01,20.1
1,1815-01-01,19.2
1,1815-02-01,32.2
1,1815-03-01,26.2
1,1815-04-01,31.6
1,1815-05-01,9.8
1,1815-06-01,55.9
1,1815-07-01,35.5
1,1815-08-01,47.2
1,1815-09-01,31.5
1,1815-10-01,33.5
1,1815-11-01,37.2
1,1815-12-01,65.0
1,1816-01-01,26.3
1,1816-02-01,68.8
1,1816-03-01,73.7
1,1816-04-01,58.8
1,1816-05-01,44.3
1,1816-06-01,43.6
1,1816-07-01,38.8
1,1816-08-01,23.2
1,1816-09-01,47.8
1,1816-10-01,56.4
1,1816-11-01,38.1
1,1816-12-01,29.9
1,1817-01-01,36.4
1,1817-02-01,57.9
1,1817-03-01,96.2
1,1817-04-01,26.4
1,1817-05-01,21.2
1,1817-06-01,40.0
1,1817-07-01,50.0
1,1817-08-01,45.0
1,1817-09-01,36.7
1,1817-10-01,25.6
1,1817-11-01,28.9
1,1817-12-01,28.4
1,1818-01-01,34.9
1,1818-02-01,22.4
1,1818-03-01,25.4
1,1818-04-01,34.5
1,1818-05-01,53.1
1,1818-06-01,36.4
1,1818-07-01,28.0
1,1818-08-01,31.5
1,1818-09-01,26.1
1,1818-10-01,31.7
1,1818-11-01,10.9
1,1818-12-01,25.8
1,1819-01-01,32.5
1,1819-02-01,20.7
1,1819-03-01,3.7
1,1819-04-01,20.2
1,1819-05-01,19.6
1,1819-06-01,35.0
1,1819-07-01,31.4
1,1819-08-01,26.1
1,1819-09-01,14.9
1,1819-10-01,27.5
1,1819-11-01,25.1
1,1819-12-01,30.6
1,1820-01-01,19.2
1,1820-02-01,26.6
1,1820-03-01,4.5
1,1820-04-01,19.4
1,1820-05-01,29.3
1,1820-06-01,10.8
1,1820-07-01,20.6
1,1820-08-01,25.9
1,1820-09-01,5.2
1,1820-10-01,9.0
1,1820-11-01,7.9
1,1820-12-01,9.7
1,1821-01-01,21.5
1,1821-02-01,4.3
1,1821-03-01,5.7
1,1821-04-01,9.2
1,1821-05-01,1.7
1,1821-06-01,1.8
1,1821-07-01,2.5
1,1821-08-01,4.8
1,1821-09-01,4.4
1,1821-10-01,18.8
1,1821-11-01,4.4
1,1821-12-01,0.0
1,1822-01-01,0.0
1,1822-02-01,0.9
1,1822-03-01,16.1
1,1822-04-01,13.5
1,1822-05-01,1.5
1,1822-06-01,5.6
1,1822-07-01,7.9
1,1822-08-01,2.1
1,1822-09-01,0.0
1,1822-10-01,0.4
1,1822-11-01,0.0
1,1822-12-01,0.0
1,1823-01-01,0.0
1,1823-02-01,0.0
1,1823-03-01,0.6
1,1823-04-01,0.0
1,1823-05-01,0.0
1,1823-06-01,0.0
1,1823-07-01,0.5
1,1823-08-01,0.0
1,1823-09-01,0.0
1,1823-10-01,0.0
1,1823-11-01,0.0
1,1823-12-01,20.4
1,1824-01-01,21.6
1,1824-02-01,10.8
1,1824-03-01,0.0
1,1824-04-01,19.4
1,1824-05-01,2.8
1,1824-06-01,0.0
1,1824-07-01,0.0
1,1824-08-01,1.4
1,1824-09-01,20.5
1,1824-10-01,25.2
1,1824-11-01,0.0
1,1824-12-01,0.8
1,1825-01-01,5.0
1,1825-02-01,15.5
1,1825-03-01,22.4
1,1825-04-01,3.8
1,1825-05-01,15.4
1,1825-06-01,15.4
1,1825-07-01,30.9
1,1825-08-01,25.4
1,1825-09-01,15.7
1,1825-10-01,15.6
1,1825-11-01,11.7
1,1825-12-01,22.0
1,1826-01-01,17.7
1,1826-02-01,18.2
1,1826-03-01,36.7
1,1826-04-01,24.0
1,1826-05-01,32.4
1,1826-06-01,37.1
1,1826-07-01,52.5
1,1826-08-01,39.6
1,1826-09-01,18.9
1,1826-10-01,50.6
1,1826-11-01,39.5
1,1826-12-01,68.1
1,1827-01-01,34.6
1,1827-02-01,47.4
1,1827-03-01,57.8
1,1827-04-01,46.0
1,1827-05-01,56.3
1,1827-06-01,56.7
1,1827-07-01,42.9
1,1827-08-01,53.7
1,1827-09-01,49.6
1,1827-10-01,57.2
1,1827-11-01,48.2
1,1827-12-01,46.1
1,1828-01-01,52.8
1,1828-02-01,64.4
1,1828-03-01,65.0
1,1828-04-01,61.1
1,1828-05-01,89.1
1,1828-06-01,98.0
1,1828-07-01,54.3
1,1828-08-01,76.4
1,1828-09-01,50.4
1,1828-10-01,54.7
1,1828-11-01,57.0
1,1828-12-01,46.6
1,1829-01-01,43.0
1,1829-02-01,49.4
1,1829-03-01,72.3
1,1829-04-01,95.0
1,1829-05-01,67.5
1,1829-06-01,73.9
1,1829-07-01,90.8
1,1829-08-01,78.3
1,1829-09-01,52.8
1,1829-10-01,57.2
1,1829-11-01,67.6
1,1829-12-01,56.5
1,1830-01-01,52.2
1,1830-02-01,72.1
1,1830-03-01,84.6
1,1830-04-01,107.1
1,1830-05-01,66.3
1,1830-06-01,65.1
1,1830-07-01,43.9
1,1830-08-01,50.7
1,1830-09-01,62.1
1,1830-10-01,84.4
1,1830-11-01,81.2
1,1830-12-01,82.1
1,1831-01-01,47.5
1,1831-02-01,50.1
1,1831-03-01,93.4
1,1831-04-01,54.6
1,1831-05-01,38.1
1,1831-06-01,33.4
1,1831-07-01,45.2
1,1831-08-01,54.9
1,1831-09-01,37.9
1,1831-10-01,46.2
1,1831-11-01,43.5
1,1831-12-01,28.9
1,1832-01-01,30.9
1,1832-02-01,55.5
1,1832-03-01,55.1
1,1832-04-01,26.9
1,1832-05-01,41.3
1,1832-06-01,26.7
1,1832-07-01,13.9
1,1832-08-01,8.9
1,1832-09-01,8.2
1,1832-10-01,21.1
1,1832-11-01,14.3
1,1832-12-01,27.5
1,1833-01-01,11.3
1,1833-02-01,14.9
1,1833-03-01,11.8
1,1833-04-01,2.8
1,1833-05-01,12.9
1,1833-06-01,1.0
1,1833-07-01,7.0
1,1833-08-01,5.7
1,1833-09-01,11.6
1,1833-10-01,7.5
1,1833-11-01,5.9
1,1833-12-01,9.9
1,1834-01-01,4.9
1,1834-02-01,18.1
1,1834-03-01,3.9
1,1834-04-01,1.4
1,1834-05-01,8.8
1,1834-06-01,7.8
1,1834-07-01,8.7
1,1834-08-01,4.0
1,1834-09-01,11.5
1,1834-10-01,24.8
1,1834-11-01,30.5
1,1834-12-01,34.5
1,1835-01-01,7.5
1,1835-02-01,24.5
1,1835-03-01,19.7
1,1835-04-01,61.5
1,1835-05-01,43.6
1,1835-06-01,33.2
1,1835-07-01,59.8
1,1835-08-01,59.0
1,1835-09-01,100.8
1,1835-10-01,95.2
1,1835-11-01,100.0
1,1835-12-01,77.5
1,1836-01-01,88.6
1,1836-02-01,107.6
1,1836-03-01,98.1
1,1836-04-01,142.9
1,1836-05-01,111.4
1,1836-06-01,124.7
1,1836-07-01,116.7
1,1836-08-01,107.8
1,1836-09-01,95.1
1,1836-10-01,137.4
1,1836-11-01,120.9
1,1836-12-01,206.2
1,1837-01-01,188.0
1,1837-02-01,175.6
1,1837-03-01,134.6
1,1837-04-01,138.2
1,1837-05-01,111.3
1,1837-06-01,158.0
1,1837-07-01,162.8
1,1837-08-01,134.0
1,1837-09-01,96.3
1,1837-10-01,123.7
1,1837-11-01,107.0
1,1837-12-01,129.8
1,1838-01-01,144.9
1,1838-02-01,84.8
1,1838-03-01,140.8
1,1838-04-01,126.6
1,1838-05-01,137.6
1,1838-06-01,94.5
1,1838-07-01,108.2
1,1838-08-01,78.8
1,1838-09-01,73.6
1,1838-10-01,90.8
1,1838-11-01,77.4
1,1838-12-01,79.8
1,1839-01-01,107.6
1,1839-02-01,102.5
1,1839-03-01,77.7
1,1839-04-01,61.8
1,1839-05-01,53.8
1,1839-06-01,54.6
1,1839-07-01,84.7
1,1839-08-01,131.2
1,1839-09-01,132.7
1,1839-10-01,90.8
1,1839-11-01,68.8
1,1839-12-01,63.6
1,1840-01-01,81.2
1,1840-02-01,87.7
1,1840-03-01,55.5
1,1840-04-01,65.9
1,1840-05-01,69.2
1,1840-06-01,48.5
1,1840-07-01,60.7
1,1840-08-01,57.8
1,1840-09-01,74.0
1,1840-10-01,49.8
1,1840-11-01,54.3
1,1840-12-01,53.7
1,1841-01-01,24.0
1,1841-02-01,29.9
1,1841-03-01,29.7
1,1841-04-01,42.6
1,1841-05-01,67.4
1,1841-06-01,55.7
1,1841-07-01,30.8
1,1841-08-01,39.3
1,1841-09-01,35.1
1,1841-10-01,28.5
1,1841-11-01,19.8
1,1841-12-01,38.8
1,1842-01-01,20.4
1,1842-02-01,22.1
1,1842-03-01,21.7
1,1842-04-01,26.9
1,1842-05-01,24.9
1,1842-06-01,20.5
1,1842-07-01,12.6
1,1842-08-01,26.5
1,1842-09-01,18.5
1,1842-10-01,38.1
1,1842-11-01,40.5
1,1842-12-01,17.6
1,1843-01-01,13.3
1,1843-02-01,3.5
1,1843-03-01,8.3
1,1843-04-01,8.8
1,1843-05-01,21.1
1,1843-06-01,10.5
1,1843-07-01,9.5
1,1843-08-01,11.8
1,1843-09-01,4.2
1,1843-10-01,5.3
1,1843-11-01,19.1
1,1843-12-01,12.7
1,1844-01-01,9.4
1,1844-02-01,14.7
1,1844-03-01,13.6
1,1844-04-01,20.8
1,1844-05-01,12.0
1,1844-06-01,3.7
1,1844-07-01,21.2
1,1844-08-01,23.9
1,1844-09-01,6.9
1,1844-10-01,21.5
1,1844-11-01,10.7
1,1844-12-01,21.6
1,1845-01-01,25.7
1,1845-02-01,43.6
1,1845-03-01,43.3
1,1845-04-01,56.9
1,1845-05-01,47.8
1,1845-06-01,31.1
1,1845-07-01,30.6
1,1845-08-01,32.3
1,1845-09-01,29.6
1,1845-10-01,40.7
1,1845-11-01,39.4
1,1845-12-01,59.7
1,1846-01-01,38.7
1,1846-02-01,51.0
1,1846-03-01,63.9
1,1846-04-01,69.2
1,1846-05-01,59.9
1,1846-06-01,65.1
1,1846-07-01,46.5
1,1846-08-01,54.8
1,1846-09-01,107.1
1,1846-10-01,55.9
1,1846-11-01,60.4
1,1846-12-01,65.5
1,1847-01-01,62.6
1,1847-02-01,44.9
1,1847-03-01,85.7
1,1847-04-01,44.7
1,1847-05-01,75.4
1,1847-06-01,85.3
1,1847-07-01,52.2
1,1847-08-01,140.6
1,1847-09-01,161.2
1,1847-10-01,180.4
1,1847-11-01,138.9
1,1847-12-01,109.6
1,1848-01-01,159.1
1,1848-02-01,111.8
1,1848-03-01,108.9
1,1848-04-01,107.1
1,1848-05-01,102.2
1,1848-06-01,123.8
1,1848-07-01,139.2
1,1848-08-01,132.5
1,1848-09-01,100.3
1,1848-10-01,132.4
1,1848-11-01,114.6
1,1848-12-01,159.9
1,1849-01-01,156.7
1,1849-02-01,131.7
1,1849-03-01,96.5
1,1849-04-01,102.5
1,1849-05-01,80.6
1,1849-06-01,81.2
1,1849-07-01,78.0
1,1849-08-01,61.3
1,1849-09-01,93.7
1,1849-10-01,71.5
1,1849-11-01,99.7
1,1849-12-01,97.0
1,1850-01-01,78.0
1,1850-02-01,89.4
1,1850-03-01,82.6
1,1850-04-01,44.1
1,1850-05-01,61.6
1,1850-06-01,70.0
1,1850-07-01,39.1
1,1850-08-01,61.6
1,1850-09-01,86.2
1,1850-10-01,71.0
1,1850-11-01,54.8
1,1850-12-01,60.0
1,1851-01-01,75.5
1,1851-02-01,105.4
1,1851-03-01,64.6
1,1851-04-01,56.5
1,1851-05-01,62.6
1,1851-06-01,63.2
1,1851-07-01,36.1
1,1851-08-01,57.4
1,1851-09-01,67.9
1,1851-10-01,62.5
1,1851-11-01,50.9
1,1851-12-01,71.4
1,1852-01-01,68.4
1,1852-02-01,67.5
1,1852-03-01,61.2
1,1852-04-01,65.4
1,1852-05-01,54.9
1,1852-06-01,46.9
1,1852-07-01,42.0
1,1852-08-01,39.7
1,1852-09-01,37.5
1,1852-10-01,67.3
1,1852-11-01,54.3
1,1852-12-01,45.4
1,1853-01-01,41.1
1,1853-02-01,42.9
1,1853-03-01,37.7
1,1853-04-01,47.6
1,1853-05-01,34.7
1,1853-06-01,40.0
1,1853-07-01,45.9
1,1853-08-01,50.4
1,1853-09-01,33.5
1,1853-10-01,42.3
1,1853-11-01,28.8
1,1853-12-01,23.4
1,1854-01-01,15.4
1,1854-02-01,20.0
1,1854-03-01,20.7
1,1854-04-01,26.4
1,1854-05-01,24.0
1,1854-06-01,21.1
1,1854-07-01,18.7
1,1854-08-01,15.8
1,1854-09-01,22.4
1,1854-10-01,12.7
1,1854-11-01,28.2
1,1854-12-01,21.4
1,1855-01-01,12.3
1,1855-02-01,11.4
1,1855-03-01,17.4
1,1855-04-01,4.4
1,1855-05-01,9.1
1,1855-06-01,5.3
1,1855-07-01,0.4
1,1855-08-01,3.1
1,1855-09-01,0.0
1,1855-10-01,9.7
1,1855-11-01,4.3
1,1855-12-01,3.1
1,1856-01-01,0.5
1,1856-02-01,4.9
1,1856-03-01,0.4
1,1856-04-01,6.5
1,1856-05-01,0.0
1,1856-06-01,5.0
1,1856-07-01,4.6
1,1856-08-01,5.9
1,1856-09-01,4.4
1,1856-10-01,4.5
1,1856-11-01,7.7
1,1856-12-01,7.2
1,1857-01-01,13.7
1,1857-02-01,7.4
1,1857-03-01,5.2
1,1857-04-01,11.1
1,1857-05-01,29.2
1,1857-06-01,16.0
1,1857-07-01,22.2
1,1857-08-01,16.9
1,1857-09-01,42.4
1,1857-10-01,40.6
1,1857-11-01,31.4
1,1857-12-01,37.2
1,1858-01-01,39.0
1,1858-02-01,34.9
1,1858-03-01,57.5
1,1858-04-01,38.3
1,1858-05-01,41.4
1,1858-06-01,44.5
1,1858-07-01,56.7
1,1858-08-01,55.3
1,1858-09-01,80.1
1,1858-10-01,91.2
1,1858-11-01,51.9
1,1858-12-01,66.9
1,1859-01-01,83.7
1,1859-02-01,87.6
1,1859-03-01,90.3
1,1859-04-01,85.7
1,1859-05-01,91.0
1,1859-06-01,87.1
1,1859-07-01,95.2
1,1859-08-01,106.8
1,1859-09-01,105.8
1,1859-10-01,114.6
1,1859-11-01,97.2
1,1859-12-01,81.0
1,1860-01-01,81.5
1,1860-02-01,88.0
1,1860-03-01,98.9
1,1860-04-01,71.4
1,1860-05-01,107.1
1,1860-06-01,108.6
1,1860-07-01,116.7
1,1860-08-01,100.3
1,1860-09-01,92.2
1,1860-10-01,90.1
1,1860-11-01,97.9
1,1860-12-01,95.6
1,1861-01-01,62.3
1,1861-02-01,77.8
1,1861-03-01,101.0
1,1861-04-01,98.5
1,1861-05-01,56.8
1,1861-06-01,87.8
1,1861-07-01,78.0
1,1861-08-01,82.5
1,1861-09-01,79.9
1,1861-10-01,67.2
1,1861-11-01,53.7
1,1861-12-01,80.5
1,1862-01-01,63.1
1,1862-02-01,64.5
1,1862-03-01,43.6
1,1862-04-01,53.7
1,1862-05-01,64.4
1,1862-06-01,84.0
1,1862-07-01,73.4
1,1862-08-01,62.5
1,1862-09-01,66.6
1,1862-10-01,42.0
1,1862-11-01,50.6
1,1862-12-01,40.9
1,1863-01-01,48.3
1,1863-02-01,56.7
1,1863-03-01,66.4
1,1863-04-01,40.6
1,1863-05-01,53.8
1,1863-06-01,40.8
1,1863-07-01,32.7
1,1863-08-01,48.1
1,1863-09-01,22.0
1,1863-10-01,39.9
1,1863-11-01,37.7
1,1863-12-01,41.2
1,1864-01-01,57.7
1,1864-02-01,47.1
1,1864-03-01,66.3
1,1864-04-01,35.8
1,1864-05-01,40.6
1,1864-06-01,57.8
1,1864-07-01,54.7
1,1864-08-01,54.8
1,1864-09-01,28.5
1,1864-10-01,33.9
1,1864-11-01,57.6
1,1864-12-01,28.6
1,1865-01-01,48.7
1,1865-02-01,39.3
1,1865-03-01,39.5
1,1865-04-01,29.4
1,1865-05-01,34.5
1,1865-06-01,33.6
1,1865-07-01,26.8
1,1865-08-01,37.8
1,1865-09-01,21.6
1,1865-10-01,17.1
1,1865-11-01,24.6
1,1865-12-01,12.8
1,1866-01-01,31.6
1,1866-02-01,38.4
1,1866-03-01,24.6
1,1866-04-01,17.6
1,1866-05-01,12.9
1,1866-06-01,16.5
1,1866-07-01,9.3
1,1866-08-01,12.7
1,1866-09-01,7.3
1,1866-10-01,14.1
1,1866-11-01,9.0
1,1866-12-01,1.5
1,1867-01-01,0.0
1,1867-02-01,0.7
1,1867-03-01,9.2
1,1867-04-01,5.1
1,1867-05-01,2.9
1,1867-06-01,1.5
1,1867-07-01,5.0
1,1867-08-01,4.9
1,1867-09-01,9.8
1,1867-10-01,13.5
1,1867-11-01,9.3
1,1867-12-01,25.2
1,1868-01-01,15.6
1,1868-02-01,15.8
1,1868-03-01,26.5
1,1868-04-01,36.6
1,1868-05-01,26.7
1,1868-06-01,31.1
1,1868-07-01,28.6
1,1868-08-01,34.4
1,1868-09-01,43.8
1,1868-10-01,61.7
1,1868-11-01,59.1
1,1868-12-01,67.6
1,1869-01-01,60.9
1,1869-02-01,59.3
1,1869-03-01,52.7
1,1869-04-01,41.0
1,1869-05-01,104.0
1,1869-06-01,108.4
1,1869-07-01,59.2
1,1869-08-01,79.6
1,1869-09-01,80.6
1,1869-10-01,59.4
1,1869-11-01,77.4
1,1869-12-01,104.3
1,1870-01-01,77.3
1,1870-02-01,114.9
1,1870-03-01,159.4
1,1870-04-01,160.0
1,1870-05-01,176.0
1,1870-06-01,135.6
1,1870-07-01,132.4
1,1870-08-01,153.8
1,1870-09-01,136.0
1,1870-10-01,146.4
1,1870-11-01,147.5
1,1870-12-01,130.0
1,1871-01-01,88.3
1,1871-02-01,125.3
1,1871-03-01,143.2
1,1871-04-01,162.4
1,1871-05-01,145.5
1,1871-06-01,91.7
1,1871-07-01,103.0
1,1871-08-01,110.0
1,1871-09-01,80.3
1,1871-10-01,89.0
1,1871-11-01,105.4
1,1871-12-01,90.3
1,1872-01-01,79.5
1,1872-02-01,120.1
1,1872-03-01,88.4
1,1872-04-01,102.1
1,1872-05-01,107.6
1,1872-06-01,109.9
1,1872-07-01,105.5
1,1872-08-01,92.9
1,1872-09-01,114.6
1,1872-10-01,103.5
1,1872-11-01,112.0
1,1872-12-01,83.9
1,1873-01-01,86.7
1,1873-02-01,107.0
1,1873-03-01,98.3
1,1873-04-01,76.2
1,1873-05-01,47.9
1,1873-06-01,44.8
1,1873-07-01,66.9
1,1873-08-01,68.2
1,1873-09-01,47.5
1,1873-10-01,47.4
1,1873-11-01,55.4
1,1873-12-01,49.2
1,1874-01-01,60.8
1,1874-02-01,64.2
1,1874-03-01,46.4
1,1874-04-01,32.0
1,1874-05-01,44.6
1,1874-06-01,38.2
1,1874-07-01,67.8
1,1874-08-01,61.3
1,1874-09-01,28.0
1,1874-10-01,34.3
1,1874-11-01,28.9
1,1874-12-01,29.3
1,1875-01-01,14.6
1,1875-02-01,22.2
1,1875-03-01,33.8
1,1875-04-01,29.1
1,1875-05-01,11.5
1,1875-06-01,23.9
1,1875-07-01,12.5
1,1875-08-01,14.6
1,1875-09-01,2.4
1,1875-10-01,12.7
1,1875-11-01,17.7
1,1875-12-01,9.9
1,1876-01-01,14.3
1,1876-02-01,15.0
1,1876-03-01,31.2
1,1876-04-01,2.3
1,1876-05-01,5.1
1,1876-06-01,1.6
1,1876-07-01,15.2
1,1876-08-01,8.8
1,1876-09-01,9.9
1,1876-10-01,14.3
1,1876-11-01,9.9
1,1876-12-01,8.2
1,1877-01-01,24.4
1,1877-02-01,8.7
1,1877-03-01,11.7
1,1877-04-01,15.8
1,1877-05-01,21.2
1,1877-06-01,13.4
1,1877-07-01,5.9
1,1877-08-01,6.3
1,1877-09-01,16.4
1,1877-10-01,6.7
1,1877-11-01,14.5
1,1877-12-01,2.3
1,1878-01-01,3.3
1,1878-02-01,6.0
1,1878-03-01,7.8
1,1878-04-01,0.1
1,1878-05-01,5.8
1,1878-06-01,6.4
1,1878-07-01,0.1
1,1878-08-01,0.0
1,1878-09-01,5.3
1,1878-10-01,1.1
1,1878-11-01,4.1
1,1878-12-01,0.5
1,1879-01-01,0.8
1,1879-02-01,0.6
1,1879-03-01,0.0
1,1879-04-01,6.2
1,1879-05-01,2.4
1,1879-06-01,4.8
1,1879-07-01,7.5
1,1879-08-01,10.7
1,1879-09-01,6.1
1,1879-10-01,12.3
1,1879-11-01,12.9
1,1879-12-01,7.2
1,1880-01-01,24.0
1,1880-02-01,27.5
1,1880-03-01,19.5
1,1880-04-01,19.3
1,1880-05-01,23.5
1,1880-06-01,34.1
1,1880-07-01,21.9
1,1880-08-01,48.1
1,1880-09-01,66.0
1,1880-10-01,43.0
1,1880-11-01,30.7
1,1880-12-01,29.6
1,1881-01-01,36.4
1,1881-02-01,53.2
1,1881-03-01,51.5
1,1881-04-01,51.7
1,1881-05-01,43.5
1,1881-06-01,60.5
1,1881-07-01,76.9
1,1881-08-01,58.0
1,1881-09-01,53.2
1,1881-10-01,64.0
1,1881-11-01,54.8
1,1881-12-01,47.3
1,1882-01-01,45.0
1,1882-02-01,69.3
1,1882-03-01,67.5
1,1882-04-01,95.8
1,1882-05-01,64.1
1,1882-06-01,45.2
1,1882-07-01,45.4
1,1882-08-01,40.4
1,1882-09-01,57.7
1,1882-10-01,59.2
1,1882-11-01,84.4
1,1882-12-01,41.8
1,1883-01-01,60.6
1,1883-02-01,46.9
1,1883-03-01,42.8
1,1883-04-01,82.1
1,1883-05-01,32.1
1,1883-06-01,76.5
1,1883-07-01,80.6
1,1883-08-01,46.0
1,1883-09-01,52.6
1,1883-10-01,83.8
1,1883-11-01,84.5
1,1883-12-01,75.9
1,1884-01-01,91.5
1,1884-02-01,86.9
1,1884-03-01,86.8
1,1884-04-01,76.1
1,1884-05-01,66.5
1,1884-06-01,51.2
1,1884-07-01,53.1
1,1884-08-01,55.8
1,1884-09-01,61.9
1,1884-10-01,47.8
1,1884-11-01,36.6
1,1884-12-01,47.2
1,1885-01-01,42.8
1,1885-02-01,71.8
1,1885-03-01,49.8
1,1885-04-01,55.0
1,1885-05-01,73.0
1,1885-06-01,83.7
1,1885-07-01,66.5
1,1885-08-01,50.0
1,1885-09-01,39.6
1,1885-10-01,38.7
1,1885-11-01,33.3
1,1885-12-01,21.7
1,1886-01-01,29.9
1,1886-02-01,25.9
1,1886-03-01,57.3
1,1886-04-01,43.7
1,1886-05-01,30.7
1,1886-06-01,27.1
1,1886-07-01,30.3
1,1886-08-01,16.9
1,1886-09-01,21.4
1,1886-10-01,8.6
1,1886-11-01,0.3
1,1886-12-01,12.4
1,1887-01-01,10.3
1,1887-02-01,13.2
1,1887-03-01,4.2
1,1887-04-01,6.9
1,1887-05-01,20.0
1,1887-06-01,15.7
1,1887-07-01,23.3
1,1887-08-01,21.4
1,1887-09-01,7.4
1,1887-10-01,6.6
1,1887-11-01,6.9
1,1887-12-01,20.7
1,1888-01-01,12.7
1,1888-02-01,7.1
1,1888-03-01,7.8
1,1888-04-01,5.1
1,1888-05-01,7.0
1,1888-06-01,7.1
1,1888-07-01,3.1
1,1888-08-01,2.8
1,1888-09-01,8.8
1,1888-10-01,2.1
1,1888-11-01,10.7
1,1888-12-01,6.7
1,1889-01-01,0.8
1,1889-02-01,8.5
1,1889-03-01,7.0
1,1889-04-01,4.3
1,1889-05-01,2.4
1,1889-06-01,6.4
1,1889-07-01,9.7
1,1889-08-01,20.6
1,1889-09-01,6.5
1,1889-10-01,2.1
1,1889-11-01,0.2
1,1889-12-01,6.7
1,1890-01-01,5.3
1,1890-02-01,0.6
1,1890-03-01,5.1
1,1890-04-01,1.6
1,1890-05-01,4.8
1,1890-06-01,1.3
1,1890-07-01,11.6
1,1890-08-01,8.5
1,1890-09-01,17.2
1,1890-10-01,11.2
1,1890-11-01,9.6
1,1890-12-01,7.8
1,1891-01-01,13.5
1,1891-02-01,22.2
1,1891-03-01,10.4
1,1891-04-01,20.5
1,1891-05-01,41.1
1,1891-06-01,48.3
1,1891-07-01,58.8
1,1891-08-01,33.2
1,1891-09-01,53.8
1,1891-10-01,51.5
1,1891-11-01,41.9
1,1891-12-01,32.3
1,1892-01-01,69.1
1,1892-02-01,75.6
1,1892-03-01,49.9
1,1892-04-01,69.6
1,1892-05-01,79.6
1,1892-06-01,76.3
1,1892-07-01,76.8
1,1892-08-01,101.4
1,1892-09-01,62.8
1,1892-10-01,70.5
1,1892-11-01,65.4
1,1892-12-01,78.6
1,1893-01-01,75.0
1,1893-02-01,73.0
1,1893-03-01,65.7
1,1893-04-01,88.1
1,1893-05-01,84.7
1,1893-06-01,88.2
1,1893-07-01,88.8
1,1893-08-01,129.2
1,1893-09-01,77.9
1,1893-10-01,79.7
1,1893-11-01,75.1
1,1893-12-01,93.8
1,1894-01-01,83.2
1,1894-02-01,84.6
1,1894-03-01,52.3
1,1894-04-01,81.6
1,1894-05-01,101.2
1,1894-06-01,98.9
1,1894-07-01,106.0
1,1894-08-01,70.3
1,1894-09-01,65.9
1,1894-10-01,75.5
1,1894-11-01,56.6
1,1894-12-01,60.0
1,1895-01-01,63.3
1,1895-02-01,67.2
1,1895-03-01,61.0
1,1895-04-01,76.9
1,1895-05-01,67.5
1,1895-06-01,71.5
1,1895-07-01,47.8
1,1895-08-01,68.9
1,1895-09-01,57.7
1,1895-10-01,67.9
1,1895-11-01,47.2
1,1895-12-01,70.7
1,1896-01-01,29.0
1,1896-02-01,57.4
1,1896-03-01,52.0
1,1896-04-01,43.8
1,1896-05-01,27.7
1,1896-06-01,49.0
1,1896-07-01,45.0
1,1896-08-01,27.2
1,1896-09-01,61.3
1,1896-10-01,28.4
1,1896-11-01,38.0
1,1896-12-01,42.6
1,1897-01-01,40.6
1,1897-02-01,29.4
1,1897-03-01,29.1
1,1897-04-01,31.0
1,1897-05-01,20.0
1,1897-06-01,11.3
1,1897-07-01,27.6
1,1897-08-01,21.8
1,1897-09-01,48.1
1,1897-10-01,14.3
1,1897-11-01,8.4
1,1897-12-01,33.3
1,1898-01-01,30.2
1,1898-02-01,36.4
1,1898-03-01,38.3
1,1898-04-01,14.5
1,1898-05-01,25.8
1,1898-06-01,22.3
1,1898-07-01,9.0
1,1898-08-01,31.4
1,1898-09-01,34.8
1,1898-10-01,34.4
1,1898-11-01,30.9
1,1898-12-01,12.6
1,1899-01-01,19.5
1,1899-02-01,9.2
1,1899-03-01,18.1
1,1899-04-01,14.2
1,1899-05-01,7.7
1,1899-06-01,20.5
1,1899-07-01,13.5
1,1899-08-01,2.9
1,1899-09-01,8.4
1,1899-10-01,13.0
1,1899-11-01,7.8
1,1899-12-01,10.5
1,1900-01-01,9.4
1,1900-02-01,13.6
1,1900-03-01,8.6
1,1900-04-01,16.0
1,1900-05-01,15.2
1,1900-06-01,12.1
1,1900-07-01,8.3
1,1900-08-01,4.3
1,1900-09-01,8.3
1,1900-10-01,12.9
1,1900-11-01,4.5
1,1900-12-01,0.3
1,1901-01-01,0.2
1,1901-02-01,2.4
1,1901-03-01,4.5
1,1901-04-01,0.0
1,1901-05-01,10.2
1,1901-06-01,5.8
1,1901-07-01,0.7
1,1901-08-01,1.0
1,1901-09-01,0.6
1,1901-10-01,3.7
1,1901-11-01,3.8
1,1901-12-01,0.0
1,1902-01-01,5.2
1,1902-02-01,0.0
1,1902-03-01,12.4
1,1902-04-01,0.0
1,1902-05-01,2.8
1,1902-06-01,1.4
1,1902-07-01,0.9
1,1902-08-01,2.3
1,1902-09-01,7.6
1,1902-10-01,16.3
1,1902-11-01,10.3
1,1902-12-01,1.1
1,1903-01-01,8.3
1,1903-02-01,17.0
1,1903-03-01,13.5
1,1903-04-01,26.1
1,1903-05-01,14.6
1,1903-06-01,16.3
1,1903-07-01,27.9
1,1903-08-01,28.8
1,1903-09-01,11.1
1,1903-10-01,38.9
1,1903-11-01,44.5
1,1903-12-01,45.6
1,1904-01-01,31.6
1,1904-02-01,24.5
1,1904-03-01,37.2
1,1904-04-01,43.0
1,1904-05-01,39.5
1,1904-06-01,41.9
1,1904-07-01,50.6
1,1904-08-01,58.2
1,1904-09-01,30.1
1,1904-10-01,54.2
1,1904-11-01,38.0
1,1904-12-01,54.6
1,1905-01-01,54.8
1,1905-02-01,85.8
1,1905-03-01,56.5
1,1905-04-01,39.3
1,1905-05-01,48.0
1,1905-06-01,49.0
1,1905-07-01,73.0
1,1905-08-01,58.8
1,1905-09-01,55.0
1,1905-10-01,78.7
1,1905-11-01,107.2
1,1905-12-01,55.5
1,1906-01-01,45.5
1,1906-02-01,31.3
1,1906-03-01,64.5
1,1906-04-01,55.3
1,1906-05-01,57.7
1,1906-06-01,63.2
1,1906-07-01,103.6
1,1906-08-01,47.7
1,1906-09-01,56.1
1,1906-10-01,17.8
1,1906-11-01,38.9
1,1906-12-01,64.7
1,1907-01-01,76.4
1,1907-02-01,108.2
1,1907-03-01,60.7
1,1907-04-01,52.6
1,1907-05-01,42.9
1,1907-06-01,40.4
1,1907-07-01,49.7
1,1907-08-01,54.3
1,1907-09-01,85.0
1,1907-10-01,65.4
1,1907-11-01,61.5
1,1907-12-01,47.3
1,1908-01-01,39.2
1,1908-02-01,33.9
1,1908-03-01,28.7
1,1908-04-01,57.6
1,1908-05-01,40.8
1,1908-06-01,48.1
1,1908-07-01,39.5
1,1908-08-01,90.5
1,1908-09-01,86.9
1,1908-10-01,32.3
1,1908-11-01,45.5
1,1908-12-01,39.5
1,1909-01-01,56.7
1,1909-02-01,46.6
1,1909-03-01,66.3
1,1909-04-01,32.3
1,1909-05-01,36.0
1,1909-06-01,22.6
1,1909-07-01,35.8
1,1909-08-01,23.1
1,1909-09-01,38.8
1,1909-10-01,58.4
1,1909-11-01,55.8
1,1909-12-01,54.2
1,1910-01-01,26.4
1,1910-02-01,31.5
1,1910-03-01,21.4
1,1910-04-01,8.4
1,1910-05-01,22.2
1,1910-06-01,12.3
1,1910-07-01,14.1
1,1910-08-01,11.5
1,1910-09-01,26.2
1,1910-10-01,38.3
1,1910-11-01,4.9
1,1910-12-01,5.8
1,1911-01-01,3.4
1,1911-02-01,9.0
1,1911-03-01,7.8
1,1911-04-01,16.5
1,1911-05-01,9.0
1,1911-06-01,2.2
1,1911-07-01,3.5
1,1911-08-01,4.0
1,1911-09-01,4.0
1,1911-10-01,2.6
1,1911-11-01,4.2
1,1911-12-01,2.2
1,1912-01-01,0.3
1,1912-02-01,0.0
1,1912-03-01,4.9
1,1912-04-01,4.5
1,1912-05-01,4.4
1,1912-06-01,4.1
1,1912-07-01,3.0
1,1912-08-01,0.3
1,1912-09-01,9.5
1,1912-10-01,4.6
1,1912-11-01,1.1
1,1912-12-01,6.4
1,1913-01-01,2.3
1,1913-02-01,2.9
1,1913-03-01,0.5
1,1913-04-01,0.9
1,1913-05-01,0.0
1,1913-06-01,0.0
1,1913-07-01,1.7
1,1913-08-01,0.2
1,1913-09-01,1.2
1,1913-10-01,3.1
1,1913-11-01,0.7
1,1913-12-01,3.8
1,1914-01-01,2.8
1,1914-02-01,2.6
1,1914-03-01,3.1
1,1914-04-01,17.3
1,1914-05-01,5.2
1,1914-06-01,11.4
1,1914-07-01,5.4
1,1914-08-01,7.7
1,1914-09-01,12.7
1,1914-10-01,8.2
1,1914-11-01,16.4
1,1914-12-01,22.3
1,1915-01-01,23.0
1,1915-02-01,42.3
1,1915-03-01,38.8
1,1915-04-01,41.3
1,1915-05-01,33.0
1,1915-06-01,68.8
1,1915-07-01,71.6
1,1915-08-01,69.6
1,1915-09-01,49.5
1,1915-10-01,53.5
1,1915-11-01,42.5
1,1915-12-01,34.5
1,1916-01-01,45.3
1,1916-02-01,55.4
1,1916-03-01,67.0
1,1916-04-01,71.8
1,1916-05-01,74.5
1,1916-06-01,67.7
1,1916-07-01,53.5
1,1916-08-01,35.2
1,1916-09-01,45.1
1,1916-10-01,50.7
1,1916-11-01,65.6
1,1916-12-01,53.0
1,1917-01-01,74.7
1,1917-02-01,71.9
1,1917-03-01,94.8
1,1917-04-01,74.7
1,1917-05-01,114.1
1,1917-06-01,114.9
1,1917-07-01,119.8
1,1917-08-01,154.5
1,1917-09-01,129.4
1,1917-10-01,72.2
1,1917-11-01,96.4
1,1917-12-01,129.3
1,1918-01-01,96.0
1,1918-02-01,65.3
1,1918-03-01,72.2
1,1918-04-01,80.5
1,1918-05-01,76.7
1,1918-06-01,59.4
1,1918-07-01,107.6
1,1918-08-01,101.7
1,1918-09-01,79.9
1,1918-10-01,85.0
1,1918-11-01,83.4
1,1918-12-01,59.2
1,1919-01-01,48.1
1,1919-02-01,79.5
1,1919-03-01,66.5
1,1919-04-01,51.8
1,1919-05-01,88.1
1,1919-06-01,111.2
1,1919-07-01,64.7
1,1919-08-01,69.0
1,1919-09-01,54.7
1,1919-10-01,52.8
1,1919-11-01,42.0
1,1919-12-01,34.9
1,1920-01-01,51.1
1,1920-02-01,53.9
1,1920-03-01,70.2
1,1920-04-01,14.8
1,1920-05-01,33.3
1,1920-06-01,38.7
1,1920-07-01,27.5
1,1920-08-01,19.2
1,1920-09-01,36.3
1,1920-10-01,49.6
1,1920-11-01,27.2
1,1920-12-01,29.9
1,1921-01-01,31.5
1,1921-02-01,28.3
1,1921-03-01,26.7
1,1921-04-01,32.4
1,1921-05-01,22.2
1,1921-06-01,33.7
1,1921-07-01,41.9
1,1921-08-01,22.8
1,1921-09-01,17.8
1,1921-10-01,18.2
1,1921-11-01,17.8
1,1921-12-01,20.3
1,1922-01-01,11.8
1,1922-02-01,26.4
1,1922-03-01,54.7
1,1922-04-01,11.0
1,1922-05-01,8.0
1,1922-06-01,5.8
1,1922-07-01,10.9
1,1922-08-01,6.5
1,1922-09-01,4.7
1,1922-10-01,6.2
1,1922-11-01,7.4
1,1922-12-01,17.5
1,1923-01-01,4.5
1,1923-02-01,1.5
1,1923-03-01,3.3
1,1923-04-01,6.1
1,1923-05-01,3.2
1,1923-06-01,9.1
1,1923-07-01,3.5
1,1923-08-01,0.5
1,1923-09-01,13.2
1,1923-10-01,11.6
1,1923-11-01,10.0
1,1923-12-01,2.8
1,1924-01-01,0.5
1,1924-02-01,5.1
1,1924-03-01,1.8
1,1924-04-01,11.3
1,1924-05-01,20.8
1,1924-06-01,24.0
1,1924-07-01,28.1
1,1924-08-01,19.3
1,1924-09-01,25.1
1,1924-10-01,25.6
1,1924-11-01,22.5
1,1924-12-01,16.5
1,1925-01-01,5.5
1,1925-02-01,23.2
1,1925-03-01,18.0
1,1925-04-01,31.7
1,1925-05-01,42.8
1,1925-06-01,47.5
1,1925-07-01,38.5
1,1925-08-01,37.9
1,1925-09-01,60.2
1,1925-10-01,69.2
1,1925-11-01,58.6
1,1925-12-01,98.6
1,1926-01-01,71.8
1,1926-02-01,70.0
1,1926-03-01,62.5
1,1926-04-01,38.5
1,1926-05-01,64.3
1,1926-06-01,73.5
1,1926-07-01,52.3
1,1926-08-01,61.6
1,1926-09-01,60.8
1,1926-10-01,71.5
1,1926-11-01,60.5
1,1926-12-01,79.4
1,1927-01-01,81.6
1,1927-02-01,93.0
1,1927-03-01,69.6
1,1927-04-01,93.5
1,1927-05-01,79.1
1,1927-06-01,59.1
1,1927-07-01,54.9
1,1927-08-01,53.8
1,1927-09-01,68.4
1,1927-10-01,63.1
1,1927-11-01,67.2
1,1927-12-01,45.2
1,1928-01-01,83.5
1,1928-02-01,73.5
1,1928-03-01,85.4
1,1928-04-01,80.6
1,1928-05-01,76.9
1,1928-06-01,91.4
1,1928-07-01,98.0
1,1928-08-01,83.8
1,1928-09-01,89.7
1,1928-10-01,61.4
1,1928-11-01,50.3
1,1928-12-01,59.0
1,1929-01-01,68.9
1,1929-02-01,64.1
1,1929-03-01,50.2
1,1929-04-01,52.8
1,1929-05-01,58.2
1,1929-06-01,71.9
1,1929-07-01,70.2
1,1929-08-01,65.8
1,1929-09-01,34.4
1,1929-10-01,54.0
1,1929-11-01,81.1
1,1929-12-01,108.0
1,1930-01-01,65.3
1,1930-02-01,49.2
1,1930-03-01,35.0
1,1930-04-01,38.2
1,1930-05-01,36.8
1,1930-06-01,28.8
1,1930-07-01,21.9
1,1930-08-01,24.9
1,1930-09-01,32.1
1,1930-10-01,34.4
1,1930-11-01,35.6
1,1930-12-01,25.8
1,1931-01-01,14.6
1,1931-02-01,43.1
1,1931-03-01,30.0
1,1931-04-01,31.2
1,1931-05-01,24.6
1,1931-06-01,15.3
1,1931-07-01,17.4
1,1931-08-01,13.0
1,1931-09-01,19.0
1,1931-10-01,10.0
1,1931-11-01,18.7
1,1931-12-01,17.8
1,1932-01-01,12.1
1,1932-02-01,10.6
1,1932-03-01,11.2
1,1932-04-01,11.2
1,1932-05-01,17.9
1,1932-06-01,22.2
1,1932-07-01,9.6
1,1932-08-01,6.8
1,1932-09-01,4.0
1,1932-10-01,8.9
1,1932-11-01,8.2
1,1932-12-01,11.0
1,1933-01-01,12.3
1,1933-02-01,22.2
1,1933-03-01,10.1
1,1933-04-01,2.9
1,1933-05-01,3.2
1,1933-06-01,5.2
1,1933-07-01,2.8
1,1933-08-01,0.2
1,1933-09-01,5.1
1,1933-10-01,3.0
1,1933-11-01,0.6
1,1933-12-01,0.3
1,1934-01-01,3.4
1,1934-02-01,7.8
1,1934-03-01,4.3
1,1934-04-01,11.3
1,1934-05-01,19.7
1,1934-06-01,6.7
1,1934-07-01,9.3
1,1934-08-01,8.3
1,1934-09-01,4.0
1,1934-10-01,5.7
1,1934-11-01,8.7
1,1934-12-01,15.4
1,1935-01-01,18.9
1,1935-02-01,20.5
1,1935-03-01,23.1
1,1935-04-01,12.2
1,1935-05-01,27.3
1,1935-06-01,45.7
1,1935-07-01,33.9
1,1935-08-01,30.1
1,1935-09-01,42.1
1,1935-10-01,53.2
1,1935-11-01,64.2
1,1935-12-01,61.5
1,1936-01-01,62.8
1,1936-02-01,74.3
1,1936-03-01,77.1
1,1936-04-01,74.9
1,1936-05-01,54.6
1,1936-06-01,70.0
1,1936-07-01,52.3
1,1936-08-01,87.0
1,1936-09-01,76.0
1,1936-10-01,89.0
1,1936-11-01,115.4
1,1936-12-01,123.4
1,1937-01-01,132.5
1,1937-02-01,128.5
1,1937-03-01,83.9
1,1937-04-01,109.3
1,1937-05-01,116.7
1,1937-06-01,130.3
1,1937-07-01,145.1
1,1937-08-01,137.7
1,1937-09-01,100.7
1,1937-10-01,124.9
1,1937-11-01,74.4
1,1937-12-01,88.8
1,1938-01-01,98.4
1,1938-02-01,119.2
1,1938-03-01,86.5
1,1938-04-01,101.0
1,1938-05-01,127.4
1,1938-06-01,97.5
1,1938-07-01,165.3
1,1938-08-01,115.7
1,1938-09-01,89.6
1,1938-10-01,99.1
1,1938-11-01,122.2
1,1938-12-01,92.7
1,1939-01-01,80.3
1,1939-02-01,77.4
1,1939-03-01,64.6
1,1939-04-01,109.1
1,1939-05-01,118.3
1,1939-06-01,101.0
1,1939-07-01,97.6
1,1939-08-01,105.8
1,1939-09-01,112.6
1,1939-10-01,88.1
1,1939-11-01,68.1
1,1939-12-01,42.1
1,1940-01-01,50.5
1,1940-02-01,59.4
1,1940-03-01,83.3
1,1940-04-01,60.7
1,1940-05-01,54.4
1,1940-06-01,83.9
1,1940-07-01,67.5
1,1940-08-01,105.5
1,1940-09-01,66.5
1,1940-10-01,55.0
1,1940-11-01,58.4
1,1940-12-01,68.3
1,1941-01-01,45.6
1,1941-02-01,44.5
1,1941-03-01,46.4
1,1941-04-01,32.8
1,1941-05-01,29.5
1,1941-06-01,59.8
1,1941-07-01,66.9
1,1941-08-01,60.0
1,1941-09-01,65.9
1,1941-10-01,46.3
1,1941-11-01,38.3
1,1941-12-01,33.7
1,1942-01-01,35.6
1,1942-02-01,52.8
1,1942-03-01,54.2
1,1942-04-01,60.7
1,1942-05-01,25.0
1,1942-06-01,11.4
1,1942-07-01,17.7
1,1942-08-01,20.2
1,1942-09-01,17.2
1,1942-10-01,19.2
1,1942-11-01,30.7
1,1942-12-01,22.5
1,1943-01-01,12.4
1,1943-02-01,28.9
1,1943-03-01,27.4
1,1943-04-01,26.1
1,1943-05-01,14.1
1,1943-06-01,7.6
1,1943-07-01,13.2
1,1943-08-01,19.4
1,1943-09-01,10.0
1,1943-10-01,7.8
1,1943-11-01,10.2
1,1943-12-01,18.8
1,1944-01-01,3.7
1,1944-02-01,0.5
1,1944-03-01,11.0
1,1944-04-01,0.3
1,1944-05-01,2.5
1,1944-06-01,5.0
1,1944-07-01,5.0
1,1944-08-01,16.7
1,1944-09-01,14.3
1,1944-10-01,16.9
1,1944-11-01,10.8
1,1944-12-01,28.4
1,1945-01-01,18.5
1,1945-02-01,12.7
1,1945-03-01,21.5
1,1945-04-01,32.0
1,1945-05-01,30.6
1,1945-06-01,36.2
1,1945-07-01,42.6
1,1945-08-01,25.9
1,1945-09-01,34.9
1,1945-10-01,68.8
1,1945-11-01,46.0
1,1945-12-01,27.4
1,1946-01-01,47.6
1,1946-02-01,86.2
1,1946-03-01,76.6
1,1946-04-01,75.7
1,1946-05-01,84.9
1,1946-06-01,73.5
1,1946-07-01,116.2
1,1946-08-01,107.2
1,1946-09-01,94.4
1,1946-10-01,102.3
1,1946-11-01,123.8
1,1946-12-01,121.7
1,1947-01-01,115.7
1,1947-02-01,113.4
1,1947-03-01,129.8
1,1947-04-01,149.8
1,1947-05-01,201.3
1,1947-06-01,163.9
1,1947-07-01,157.9
1,1947-08-01,188.8
1,1947-09-01,169.4
1,1947-10-01,163.6
1,1947-11-01,128.0
1,1947-12-01,116.5
1,1948-01-01,108.5
1,1948-02-01,86.1
1,1948-03-01,94.8
1,1948-04-01,189.7
1,1948-05-01,174.0
1,1948-06-01,167.8
1,1948-07-01,142.2
1,1948-08-01,157.9
1,1948-09-01,143.3
1,1948-10-01,136.3
1,1948-11-01,95.8
1,1948-12-01,138.0
1,1949-01-01,119.1
1,1949-02-01,182.3
1,1949-03-01,157.5
1,1949-04-01,147.0
1,1949-05-01,106.2
1,1949-06-01,121.7
1,1949-07-01,125.8
1,1949-08-01,123.8
1,1949-09-01,145.3
1,1949-10-01,131.6
1,1949-11-01,143.5
1,1949-12-01,117.6
1,1950-01-01,101.6
1,1950-02-01,94.8
1,1950-03-01,109.7
1,1950-04-01,113.4
1,1950-05-01,106.2
1,1950-06-01,83.6
1,1950-07-01,91.0
1,1950-08-01,85.2
1,1950-09-01,51.3
1,1950-10-01,61.4
1,1950-11-01,54.8
1,1950-12-01,54.1
1,1951-01-01,59.9
1,1951-02-01,59.9
1,1951-03-01,59.9
1,1951-04-01,92.9
1,1951-05-01,108.5
1,1951-06-01,100.6
1,1951-07-01,61.5
1,1951-08-01,61.0
1,1951-09-01,83.1
1,1951-10-01,51.6
1,1951-11-01,52.4
1,1951-12-01,45.8
1,1952-01-01,40.7
1,1952-02-01,22.7
1,1952-03-01,22.0
1,1952-04-01,29.1
1,1952-05-01,23.4
1,1952-06-01,36.4
1,1952-07-01,39.3
1,1952-08-01,54.9
1,1952-09-01,28.2
1,1952-10-01,23.8
1,1952-11-01,22.1
1,1952-12-01,34.3
1,1953-01-01,26.5
1,1953-02-01,3.9
1,1953-03-01,10.0
1,1953-04-01,27.8
1,1953-05-01,12.5
1,1953-06-01,21.8
1,1953-07-01,8.6
1,1953-08-01,23.5
1,1953-09-01,19.3
1,1953-10-01,8.2
1,1953-11-01,1.6
1,1953-12-01,2.5
1,1954-01-01,0.2
1,1954-02-01,0.5
1,1954-03-01,10.9
1,1954-04-01,1.8
1,1954-05-01,0.8
1,1954-06-01,0.2
1,1954-07-01,4.8
1,1954-08-01,8.4
1,1954-09-01,1.5
1,1954-10-01,7.0
1,1954-11-01,9.2
1,1954-12-01,7.6
1,1955-01-01,23.1
1,1955-02-01,20.8
1,1955-03-01,4.9
1,1955-04-01,11.3
1,1955-05-01,28.9
1,1955-06-01,31.7
1,1955-07-01,26.7
1,1955-08-01,40.7
1,1955-09-01,42.7
1,1955-10-01,58.5
1,1955-11-01,89.2
1,1955-12-01,76.9
1,1956-01-01,73.6
1,1956-02-01,124.0
1,1956-03-01,118.4
1,1956-04-01,110.7
1,1956-05-01,136.6
1,1956-06-01,116.6
1,1956-07-01,129.1
1,1956-08-01,169.6
1,1956-09-01,173.2
1,1956-10-01,155.3
1,1956-11-01,201.3
1,1956-12-01,192.1
1,1957-01-01,165.0
1,1957-02-01,130.2
1,1957-03-01,157.4
1,1957-04-01,175.2
1,1957-05-01,164.6
1,1957-06-01,200.7
1,1957-07-01,187.2
1,1957-08-01,158.0
1,1957-09-01,235.8
1,1957-10-01,253.8
1,1957-11-01,210.9
1,1957-12-01,239.4
1,1958-01-01,202.5
1,1958-02-01,164.9
1,1958-03-01,190.7
1,1958-04-01,196.0
1,1958-05-01,175.3
1,1958-06-01,171.5
1,1958-07-01,191.4
1,1958-08-01,200.2
1,1958-09-01,201.2
1,1958-10-01,181.5
1,1958-11-01,152.3
1,1958-12-01,187.6
1,1959-01-01,217.4
1,1959-02-01,143.1
1,1959-03-01,185.7
1,1959-04-01,163.3
1,1959-05-01,172.0
1,1959-06-01,168.7
1,1959-07-01,149.6
1,1959-08-01,199.6
1,1959-09-01,145.2
1,1959-10-01,111.4
1,1959-11-01,124.0
1,1959-12-01,125.0
1,1960-01-01,146.3
1,1960-02-01,106.0
1,1960-03-01,102.2
1,1960-04-01,122.0
1,1960-05-01,119.6
1,1960-06-01,110.2
1,1960-07-01,121.7
1,1960-08-01,134.1
1,1960-09-01,127.2
1,1960-10-01,82.8
1,1960-11-01,89.6
1,1960-12-01,85.6
1,1961-01-01,57.9
1,1961-02-01,46.1
1,1961-03-01,53.0
1,1961-04-01,61.4
1,1961-05-01,51.0
1,1961-06-01,77.4
1,1961-07-01,70.2
1,1961-08-01,55.9
1,1961-09-01,63.6
1,1961-10-01,37.7
1,1961-11-01,32.6
1,1961-12-01,40.0
1,1962-01-01,38.7
1,1962-02-01,50.3
1,1962-03-01,45.6
1,1962-04-01,46.4
1,1962-05-01,43.7
1,1962-06-01,42.0
1,1962-07-01,21.8
1,1962-08-01,21.8
1,1962-09-01,51.3
1,1962-10-01,39.5
1,1962-11-01,26.9
1,1962-12-01,23.2
1,1963-01-01,19.8
1,1963-02-01,24.4
1,1963-03-01,17.1
1,1963-04-01,29.3
1,1963-05-01,43.0
1,1963-06-01,35.9
1,1963-07-01,19.6
1,1963-08-01,33.2
1,1963-09-01,38.8
1,1963-10-01,35.3
1,1963-11-01,23.4
1,1963-12-01,14.9
1,1964-01-01,15.3
1,1964-02-01,17.7
1,1964-03-01,16.5
1,1964-04-01,8.6
1,1964-05-01,9.5
1,1964-06-01,9.1
1,1964-07-01,3.1
1,1964-08-01,9.3
1,1964-09-01,4.7
1,1964-10-01,6.1
1,1964-11-01,7.4
1,1964-12-01,15.1
1,1965-01-01,17.5
1,1965-02-01,14.2
1,1965-03-01,11.7
1,1965-04-01,6.8
1,1965-05-01,24.1
1,1965-06-01,15.9
1,1965-07-01,11.9
1,1965-08-01,8.9
1,1965-09-01,16.8
1,1965-10-01,20.1
1,1965-11-01,15.8
1,1965-12-01,17.0
1,1966-01-01,28.2
1,1966-02-01,24.4
1,1966-03-01,25.3
1,1966-04-01,48.7
1,1966-05-01,45.3
1,1966-06-01,47.7
1,1966-07-01,56.7
1,1966-08-01,51.2
1,1966-09-01,50.2
1,1966-10-01,57.2
1,1966-11-01,57.2
1,1966-12-01,70.4
1,1967-01-01,110.9
1,1967-02-01,93.6
1,1967-03-01,111.8
1,1967-04-01,69.5
1,1967-05-01,86.5
1,1967-06-01,67.3
1,1967-07-01,91.5
1,1967-08-01,107.2
1,1967-09-01,76.8
1,1967-10-01,88.2
1,1967-11-01,94.3
1,1967-12-01,126.4
1,1968-01-01,121.8
1,1968-02-01,111.9
1,1968-03-01,92.2
1,1968-04-01,81.2
1,1968-05-01,127.2
1,1968-06-01,110.3
1,1968-07-01,96.1
1,1968-08-01,109.3
1,1968-09-01,117.2
1,1968-10-01,107.7
1,1968-11-01,86.0
1,1968-12-01,109.8
1,1969-01-01,104.4
1,1969-02-01,120.5
1,1969-03-01,135.8
1,1969-04-01,106.8
1,1969-05-01,120.0
1,1969-06-01,106.0
1,1969-07-01,96.8
1,1969-08-01,98.0
1,1969-09-01,91.3
1,1969-10-01,95.7
1,1969-11-01,93.5
1,1969-12-01,97.9
1,1970-01-01,111.5
1,1970-02-01,127.8
1,1970-03-01,102.9
1,1970-04-01,109.5
1,1970-05-01,127.5
1,1970-06-01,106.8
1,1970-07-01,112.5
1,1970-08-01,93.0
1,1970-09-01,99.5
1,1970-10-01,86.6
1,1970-11-01,95.2
1,1970-12-01,83.5
1,1971-01-01,91.3
1,1971-02-01,79.0
1,1971-03-01,60.7
1,1971-04-01,71.8
1,1971-05-01,57.5
1,1971-06-01,49.8
1,1971-07-01,81.0
1,1971-08-01,61.4
1,1971-09-01,50.2
1,1971-10-01,51.7
1,1971-11-01,63.2
1,1971-12-01,82.2
