Series,Month,Sunspots,Year
1,1749-01-01,58,1749
1,1749-02-01,62.6,1749
1,1749-03-01,70,1749
1,1749-04-01,55.7,1749
1,1749-05-01,85,1749
1,1749-06-01,83.5,1749
1,1749-07-01,94.8,1749
1,1749-08-01,66.3,1749
1,1749-09-01,75.9,1749
1,1749-10-01,75.5,1749
1,1749-11-01,158.6,1749
1,1749-12-01,85.2,1749
1,1750-01-01,73.3,1750
1,1750-02-01,75.9,1750
1,1750-03-01,89.2,1750
1,1750-04-01,88.3,1750
1,1750-05-01,90,1750
1,1750-06-01,100,1750
1,1750-07-01,85.4,1750
1,1750-08-01,103,1750
1,1750-09-01,91.2,1750
1,1750-10-01,65.7,1750
1,1750-11-01,63.3,1750
1,1750-12-01,75.4,1750
1,1751-01-01,70,1751
1,1751-02-01,43.5,1751
1,1751-03-01,45.3,1751
1,1751-04-01,56.4,1751
1,1751-05-01,60.7,1751
1,1751-06-01,50.7,1751
1,1751-07-01,66.3,1751
1,1751-08-01,59.8,1751
1,1751-09-01,23.5,1751
1,1751-10-01,23.2,1751
1,1751-11-01,28.5,1751
1,1751-12-01,44,1751
1,1752-01-01,35,1752
1,1752-02-01,50,1752
1,1752-03-01,71,1752
1,1752-04-01,59.3,1752
1,1752-05-01,59.7,1752
1,1752-06-01,39.6,1752
1,1752-07-01,78.4,1752
1,1752-08-01,29.3,1752
1,1752-09-01,27.1,1752
1,1752-10-01,46.6,1752
1,1752-11-01,37.6,1752
1,1752-12-01,40,1752
1,1753-01-01,44,1753
1,1753-02-01,32,1753
1,1753-03-01,45.7,1753
1,1753-04-01,38,1753
1,1753-05-01,36,1753
1,1753-06-01,31.7,1753
1,1753-07-01,22.2,1753
1,1753-08-01,39,1753
1,1753-09-01,28,1753
1,1753-10-01,25,1753
1,1753-11-01,20,1753
1,1753-12-01,6.7,1753
1,1754-01-01,0,1754
1,1754-02-01,3,1754
1,1754-03-01,1.7,1754
1,1754-04-01,13.7,1754
1,1754-05-01,20.7,1754
1,1754-06-01,26.7,1754
1,1754-07-01,18.8,1754
1,1754-08-01,12.3,1754
1,1754-09-01,8.2,1754
1,1754-10-01,24.1,1754
1,1754-11-01,13.2,1754
1,1754-12-01,4.2,1754
1,1755-01-01,10.2,1755
1,1755-02-01,11.2,1755
1,1755-03-01,6.8,1755
1,1755-04-01,6.5,1755
1,1755-05-01,0,1755
1,1755-06-01,0,1755
1,1755-07-01,8.6,1755
1,1755-08-01,3.2,1755
1,1755-09-01,17.8,1755
1,1755-10-01,23.7,1755
1,1755-11-01,6.8,1755
1,1755-12-01,20,1755
1,1756-01-01,12.5,1756
1,1756-02-01,7.1,1756
1,1756-03-01,5.4,1756
1,1756-04-01,9.4,1756
1,1756-05-01,12.5,1756
1,1756-06-01,12.9,1756
1,1756-07-01,3.6,1756
1,1756-08-01,6.4,1756
1,1756-09-01,11.8,1756
1,1756-10-01,14.3,1756
1,1756-11-01,17,1756
1,1756-12-01,9.4,1756
1,1757-01-01,14.1,1757
1,1757-02-01,21.2,1757
1,1757-03-01,26.2,1757
1,1757-04-01,30,1757
1,1757-05-01,38.1,1757
1,1757-06-01,12.8,1757
1,1757-07-01,25,1757
1,1757-08-01,51.3,1757
1,1757-09-01,39.7,1757
1,1757-10-01,32.5,1757
1,1757-11-01,64.7,1757
1,1757-12-01,33.5,1757
1,1758-01-01,37.6,1758
1,1758-02-01,52,1758
1,1758-03-01,49,1758
1,1758-04-01,72.3,1758
1,1758-05-01,46.4,1758
1,1758-06-01,45,1758
1,1758-07-01,44,1758
1,1758-08-01,38.7,1758
1,1758-09-01,62.5,1758
1,1758-10-01,37.7,1758
1,1758-11-01,43,1758
1,1758-12-01,43,1758
1,1759-01-01,48.3,1759
1,1759-02-01,44,1759
1,1759-03-01,46.8,1759
1,1759-04-01,47,1759
1,1759-05-01,49,1759
1,1759-06-01,50,1759
1,1759-07-01,51,1759
1,1759-08-01,71.3,1759
1,1759-09-01,77.2,1759
1,1759-10-01,59.7,1759
1,1759-11-01,46.3,1759
1,1759-12-01,57,1759
1,1760-01-01,67.3,1760
1,1760-02-01,59.5,1760
1,1760-03-01,74.7,1760
1,1760-04-01,58.3,1760
1,1760-05-01,72,1760
1,1760-06-01,48.3,1760
1,1760-07-01,66,1760
1,1760-08-01,75.6,1760
1,1760-09-01,61.3,1760
1,1760-10-01,50.6,1760
1,1760-11-01,59.7,1760
1,1760-12-01,61,1760
1,1761-01-01,70,1761
1,1761-02-01,91,1761
1,1761-03-01,80.7,1761
1,1761-04-01,71.7,1761
1,1761-05-01,107.2,1761
1,1761-06-01,99.3,1761
1,1761-07-01,94.1,1761
1,1761-08-01,91.1,1761
1,1761-09-01,100.7,1761
1,1761-10-01,88.7,1761
1,1761-11-01,89.7,1761
1,1761-12-01,46,1761
1,1762-01-01,43.8,1762
1,1762-02-01,72.8,1762
1,1762-03-01,45.7,1762
1,1762-04-01,60.2,1762
1,1762-05-01,39.9,1762
1,1762-06-01,77.1,1762
1,1762-07-01,33.8,1762
1,1762-08-01,67.7,1762
1,1762-09-01,68.5,1762
1,1762-10-01,69.3,1762
1,1762-11-01,77.8,1762
1,1762-12-01,77.2,1762
1,1763-01-01,56.5,1763
1,1763-02-01,31.9,1763
1,1763-03-01,34.2,1763
1,1763-04-01,32.9,1763
1,1763-05-01,32.7,1763
1,1763-06-01,35.8,1763
1,1763-07-01,54.2,1763
1,1763-08-01,26.5,1763
1,1763-09-01,68.1,1763
1,1763-10-01,46.3,1763
1,1763-11-01,60.9,1763
1,1763-12-01,61.4,1763
1,1764-01-01,59.7,1764
1,1764-02-01,59.7,1764
1,1764-03-01,40.2,1764
1,1764-04-01,34.4,1764
1,1764-05-01,44.3,1764
1,1764-06-01,30,1764
1,1764-07-01,30,1764
1,1764-08-01,30,1764
1,1764-09-01,28.2,1764
1,1764-10-01,28,1764
1,1764-11-01,26,1764
1,1764-12-01,25.7,1764
1,1765-01-01,24,1765
1,1765-02-01,26,1765
1,1765-03-01,25,1765
1,1765-04-01,22,1765
1,1765-05-01,20.2,1765
1,1765-06-01,20,1765
1,1765-07-01,27,1765
1,1765-08-01,29.7,1765
1,1765-09-01,16,1765
1,1765-10-01,14,1765
1,1765-11-01,14,1765
1,1765-12-01,13,1765
1,1766-01-01,12,1766
1,1766-02-01,11,1766
1,1766-03-01,36.6,1766
1,1766-04-01,6,1766
1,1766-05-01,26.8,1766
1,1766-06-01,3,1766
1,1766-07-01,3.3,1766
1,1766-08-01,4,1766
1,1766-09-01,4.3,1766
1,1766-10-01,5,1766
1,1766-11-01,5.7,1766
1,1766-12-01,19.2,1766
1,1767-01-01,27.4,1767
1,1767-02-01,30,1767
1,1767-03-01,43,1767
1,1767-04-01,32.9,1767
1,1767-05-01,29.8,1767
1,1767-06-01,33.3,1767
1,1767-07-01,21.9,1767
1,1767-08-01,40.8,1767
1,1767-09-01,42.7,1767
1,1767-10-01,44.1,1767
1,1767-11-01,54.7,1767
1,1767-12-01,53.3,1767
1,1768-01-01,53.5,1768
1,1768-02-01,66.1,1768
1,1768-03-01,46.3,1768
1,1768-04-01,42.7,1768
1,1768-05-01,77.7,1768
1,1768-06-01,77.4,1768
1,1768-07-01,52.6,1768
1,1768-08-01,66.8,1768
1,1768-09-01,74.8,1768
1,1768-10-01,77.8,1768
1,1768-11-01,90.6,1768
1,1768-12-01,111.8,1768
1,1769-01-01,73.9,1769
1,1769-02-01,64.2,1769
1,1769-03-01,64.3,1769
1,1769-04-01,96.7,1769
1,1769-05-01,73.6,1769
1,1769-06-01,94.4,1769
1,1769-07-01,118.6,1769
1,1769-08-01,120.3,1769
1,1769-09-01,148.8,1769
1,1769-10-01,158.2,1769
1,1769-11-01,148.1,1769
1,1769-12-01,112,1769
1,1770-01-01,104,1770
1,1770-02-01,142.5,1770
1,1770-03-01,80.1,1770
1,1770-04-01,51,1770
1,1770-05-01,70.1,1770
1,1770-06-01,83.3,1770
1,1770-07-01,109.8,1770
1,1770-08-01,126.3,1770
1,1770-09-01,104.4,1770
1,1770-10-01,103.6,1770
1,1770-11-01,132.2,1770
1,1770-12-01,102.3,1770
1,1771-01-01,36,1771
1,1771-02-01,46.2,1771
1,1771-03-01,46.7,1771
1,1771-04-01,64.9,1771
1,1771-05-01,152.7,1771
1,1771-06-01,119.5,1771
1,1771-07-01,67.7,1771
1,1771-08-01,58.5,1771
1,1771-09-01,101.4,1771
1,1771-10-01,90,1771
1,1771-11-01,99.7,1771
1,1771-12-01,95.7,1771
1,1772-01-01,100.9,1772
1,1772-02-01,90.8,1772
1,1772-03-01,31.1,1772
1,1772-04-01,92.2,1772
1,1772-05-01,38,1772
1,1772-06-01,57,1772
1,1772-07-01,77.3,1772
1,1772-08-01,56.2,1772
1,1772-09-01,50.5,1772
1,1772-10-01,78.6,1772
1,1772-11-01,61.3,1772
1,1772-12-01,64,1772
1,1773-01-01,54.6,1773
1,1773-02-01,29,1773
1,1773-03-01,51.2,1773
1,1773-04-01,32.9,1773
1,1773-05-01,41.1,1773
1,1773-06-01,28.4,1773
1,1773-07-01,27.7,1773
1,1773-08-01,12.7,1773
1,1773-09-01,29.3,1773
1,1773-10-01,26.3,1773
1,1773-11-01,40.9,1773
1,1773-12-01,43.2,1773
1,1774-01-01,46.8,1774
1,1774-02-01,65.4,1774
1,1774-03-01,55.7,1774
1,1774-04-01,43.8,1774
1,1774-05-01,51.3,1774
1,1774-06-01,28.5,1774
1,1774-07-01,17.5,1774
1,1774-08-01,6.6,1774
1,1774-09-01,7.9,1774
1,1774-10-01,14,1774
1,1774-11-01,17.7,1774
1,1774-12-01,12.2,1774
1,1775-01-01,4.4,1775
1,1775-02-01,0,1775
1,1775-03-01,11.6,1775
1,1775-04-01,11.2,1775
1,1775-05-01,3.9,1775
1,1775-06-01,12.3,1775
1,1775-07-01,1,1775
1,1775-08-01,7.9,1775
1,1775-09-01,3.2,1775
1,1775-10-01,5.6,1775
1,1775-11-01,15.1,1775
1,1775-12-01,7.9,1775
1,1776-01-01,21.7,1776
1,1776-02-01,11.6,1776
1,1776-03-01,6.3,1776
1,1776-04-01,21.8,1776
1,1776-05-01,11.2,1776
1,1776-06-01,19,1776
1,1776-07-01,1,1776
1,1776-08-01,24.2,1776
1,1776-09-01,16,1776
1,1776-10-01,30,1776
1,1776-11-01,35,1776
1,1776-12-01,40,1776
1,1777-01-01,45,1777
1,1777-02-01,36.5,1777
1,1777-03-01,39,1777
1,1777-04-01,95.5,1777
1,1777-05-01,80.3,1777
1,1777-06-01,80.7,1777
1,1777-07-01,95,1777
1,1777-08-01,112,1777
1,1777-09-01,116.2,1777
1,1777-10-01,106.5,1777
1,1777-11-01,146,1777
1,1777-12-01,157.3,1777
1,1778-01-01,177.3,1778
1,1778-02-01,109.3,1778
1,1778-03-01,134,1778
1,1778-04-01,145,1778
1,1778-05-01,238.9,1778
1,1778-06-01,171.6,1778
1,1778-07-01,153,1778
1,1778-08-01,140,1778
1,1778-09-01,171.7,1778
1,1778-10-01,156.3,1778
1,1778-11-01,150.3,1778
1,1778-12-01,105,1778
1,1779-01-01,114.7,1779
1,1779-02-01,165.7,1779
1,1779-03-01,118,1779
1,1779-04-01,145,1779
1,1779-05-01,140,1779
1,1779-06-01,113.7,1779
1,1779-07-01,143,1779
1,1779-08-01,112,1779
1,1779-09-01,111,1779
1,1779-10-01,124,1779
1,1779-11-01,114,1779
1,1779-12-01,110,1779
1,1780-01-01,70,1780
1,1780-02-01,98,1780
1,1780-03-01,98,1780
1,1780-04-01,95,1780
1,1780-05-01,107.2,1780
1,1780-06-01,88,1780
1,1780-07-01,86,1780
1,1780-08-01,86,1780
1,1780-09-01,93.7,1780
1,1780-10-01,77,1780
1,1780-11-01,60,1780
1,1780-12-01,58.7,1780
1,1781-01-01,98.7,1781
1,1781-02-01,74.7,1781
1,1781-03-01,53,1781
1,1781-04-01,68.3,1781
1,1781-05-01,104.7,1781
1,1781-06-01,97.7,1781
1,1781-07-01,73.5,1781
1,1781-08-01,66,1781
1,1781-09-01,51,1781
1,1781-10-01,27.3,1781
1,1781-11-01,67,1781
1,1781-12-01,35.2,1781
1,1782-01-01,54,1782
1,1782-02-01,37.5,1782
1,1782-03-01,37,1782
1,1782-04-01,41,1782
1,1782-05-01,54.3,1782
1,1782-06-01,38,1782
1,1782-07-01,37,1782
1,1782-08-01,44,1782
1,1782-09-01,34,1782
1,1782-10-01,23.2,1782
1,1782-11-01,31.5,1782
1,1782-12-01,30,1782
1,1783-01-01,28,1783
1,1783-02-01,38.7,1783
1,1783-03-01,26.7,1783
1,1783-04-01,28.3,1783
1,1783-05-01,23,1783
1,1783-06-01,25.2,1783
1,1783-07-01,32.2,1783
1,1783-08-01,20,1783
1,1783-09-01,18,1783
1,1783-10-01,8,1783
1,1783-11-01,15,1783
1,1783-12-01,10.5,1783
1,1784-01-01,13,1784
1,1784-02-01,8,1784
1,1784-03-01,11,1784
1,1784-04-01,10,1784
1,1784-05-01,6,1784
1,1784-06-01,9,1784
1,1784-07-01,6,1784
1,1784-08-01,10,1784
1,1784-09-01,10,1784
1,1784-10-01,8,1784
1,1784-11-01,17,1784
1,1784-12-01,14,1784
1,1785-01-01,6.5,1785
1,1785-02-01,8,1785
1,1785-03-01,9,1785
1,1785-04-01,15.7,1785
1,1785-05-01,20.7,1785
1,1785-06-01,26.3,1785
1,1785-07-01,36.3,1785
1,1785-08-01,20,1785
1,1785-09-01,32,1785
1,1785-10-01,47.2,1785
1,1785-11-01,40.2,1785
1,1785-12-01,27.3,1785
1,1786-01-01,37.2,1786
1,1786-02-01,47.6,1786
1,1786-03-01,47.7,1786
1,1786-04-01,85.4,1786
1,1786-05-01,92.3,1786
1,1786-06-01,59,1786
1,1786-07-01,83,1786
1,1786-08-01,89.7,1786
1,1786-09-01,111.5,1786
1,1786-10-01,112.3,1786
1,1786-11-01,116,1786
1,1786-12-01,112.7,1786
1,1787-01-01,134.7,1787
1,1787-02-01,106,1787
1,1787-03-01,87.4,1787
1,1787-04-01,127.2,1787
1,1787-05-01,134.8,1787
1,1787-06-01,99.2,1787
1,1787-07-01,128,1787
1,1787-08-01,137.2,1787
1,1787-09-01,157.3,1787
1,1787-10-01,157,1787
1,1787-11-01,141.5,1787
1,1787-12-01,174,1787
1,1788-01-01,138,1788
1,1788-02-01,129.2,1788
1,1788-03-01,143.3,1788
1,1788-04-01,108.5,1788
1,1788-05-01,113,1788
1,1788-06-01,154.2,1788
1,1788-07-01,141.5,1788
1,1788-08-01,136,1788
1,1788-09-01,141,1788
1,1788-10-01,142,1788
1,1788-11-01,94.7,1788
1,1788-12-01,129.5,1788
1,1789-01-01,114,1789
1,1789-02-01,125.3,1789
1,1789-03-01,120,1789
1,1789-04-01,123.3,1789
1,1789-05-01,123.5,1789
1,1789-06-01,120,1789
1,1789-07-01,117,1789
1,1789-08-01,103,1789
1,1789-09-01,112,1789
1,1789-10-01,89.7,1789
1,1789-11-01,134,1789
1,1789-12-01,135.5,1789
1,1790-01-01,103,1790
1,1790-02-01,127.5,1790
1,1790-03-01,96.3,1790
1,1790-04-01,94,1790
1,1790-05-01,93,1790
1,1790-06-01,91,1790
1,1790-07-01,69.3,1790
1,1790-08-01,87,1790
1,1790-09-01,77.3,1790
1,1790-10-01,84.3,1790
1,1790-11-01,82,1790
1,1790-12-01,74,1790
1,1791-01-01,72.7,1791
1,1791-02-01,62,1791
1,1791-03-01,74,1791
1,1791-04-01,77.2,1791
1,1791-05-01,73.7,1791
1,1791-06-01,64.2,1791
1,1791-07-01,71,1791
1,1791-08-01,43,1791
1,1791-09-01,66.5,1791
1,1791-10-01,61.7,1791
1,1791-11-01,67,1791
1,1791-12-01,66,1791
1,1792-01-01,58,1792
1,1792-02-01,64,1792
1,1792-03-01,63,1792
1,1792-04-01,75.7,1792
1,1792-05-01,62,1792
1,1792-06-01,61,1792
1,1792-07-01,45.8,1792
1,1792-08-01,60,1792
1,1792-09-01,59,1792
1,1792-10-01,59,1792
1,1792-11-01,57,1792
1,1792-12-01,56,1792
1,1793-01-01,56,1793
1,1793-02-01,55,1793
1,1793-03-01,55.5,1793
1,1793-04-01,53,1793
1,1793-05-01,52.3,1793
1,1793-06-01,51,1793
1,1793-07-01,50,1793
1,1793-08-01,29.3,1793
1,1793-09-01,24,1793
1,1793-10-01,47,1793
1,1793-11-01,44,1793
1,1793-12-01,45.7,1793
1,1794-01-01,45,1794
1,1794-02-01,44,1794
1,1794-03-01,38,1794
1,1794-04-01,28.4,1794
1,1794-05-01,55.7,1794
1,1794-06-01,41.5,1794
1,1794-07-01,41,1794
1,1794-08-01,40,1794
1,1794-09-01,11.1,1794
1,1794-10-01,28.5,1794
1,1794-11-01,67.4,1794
1,1794-12-01,51.4,1794
1,1795-01-01,21.4,1795
1,1795-02-01,39.9,1795
1,1795-03-01,12.6,1795
1,1795-04-01,18.6,1795
1,1795-05-01,31,1795
1,1795-06-01,17.1,1795
1,1795-07-01,12.9,1795
1,1795-08-01,25.7,1795
1,1795-09-01,13.5,1795
1,1795-10-01,19.5,1795
1,1795-11-01,25,1795
1,1795-12-01,18,1795
1,1796-01-01,22,1796
1,1796-02-01,23.8,1796
1,1796-03-01,15.7,1796
1,1796-04-01,31.7,1796
1,1796-05-01,21,1796
1,1796-06-01,6.7,1796
1,1796-07-01,26.9,1796
1,1796-08-01,1.5,1796
1,1796-09-01,18.4,1796
1,1796-10-01,11,1796
1,1796-11-01,8.4,1796
1,1796-12-01,5.1,1796
1,1797-01-01,14.4,1797
1,1797-02-01,4.2,1797
1,1797-03-01,4,1797
1,1797-04-01,4,1797
1,1797-05-01,7.3,1797
1,1797-06-01,11.1,1797
1,1797-07-01,4.3,1797
1,1797-08-01,6,1797
1,1797-09-01,5.7,1797
1,1797-10-01,6.9,1797
1,1797-11-01,5.8,1797
1,1797-12-01,3,1797
1,1798-01-01,2,1798
1,1798-02-01,4,1798
1,1798-03-01,12.4,1798
1,1798-04-01,1.1,1798
1,1798-05-01,0,1798
1,1798-06-01,0,1798
1,1798-07-01,0,1798
1,1798-08-01,3,1798
1,1798-09-01,2.4,1798
1,1798-10-01,1.5,1798
1,1798-11-01,12.5,1798
1,1798-12-01,9.9,1798
1,1799-01-01,1.6,1799
1,1799-02-01,12.6,1799
1,1799-03-01,21.7,1799
1,1799-04-01,8.4,1799
1,1799-05-01,8.2,1799
1,1799-06-01,10.6,1799
1,1799-07-01,2.1,1799
1,1799-08-01,0,1799
1,1799-09-01,0,1799
1,1799-10-01,4.6,1799
1,1799-11-01,2.7,1799
1,1799-12-01,8.6,1799
1,1800-01-01,6.9,1800
1,1800-02-01,9.3,1800
1,1800-03-01,13.9,1800
1,1800-04-01,0,1800
1,1800-05-01,5,1800
1,1800-06-01,23.7,1800
1,1800-07-01,21,1800
1,1800-08-01,19.5,1800
1,1800-09-01,11.5,1800
1,1800-10-01,12.3,1800
1,1800-11-01,10.5,1800
1,1800-12-01,40.1,1800
1,1801-01-01,27,1801
1,1801-02-01,29,1801
1,1801-03-01,30,1801
1,1801-04-01,31,1801
1,1801-05-01,32,1801
1,1801-06-01,31.2,1801
1,1801-07-01,35,1801
1,1801-08-01,38.7,1801
1,1801-09-01,33.5,1801
1,1801-10-01,32.6,1801
1,1801-11-01,39.8,1801
1,1801-12-01,48.2,1801
1,1802-01-01,47.8,1802
1,1802-02-01,47,1802
1,1802-03-01,40.8,1802
1,1802-04-01,42,1802
1,1802-05-01,44,1802
1,1802-06-01,46,1802
1,1802-07-01,48,1802
1,1802-08-01,50,1802
1,1802-09-01,51.8,1802
1,1802-10-01,38.5,1802
1,1802-11-01,34.5,1802
1,1802-12-01,50,1802
1,1803-01-01,50,1803
1,1803-02-01,50.8,1803
1,1803-03-01,29.5,1803
1,1803-04-01,25,1803
1,1803-05-01,44.3,1803
1,1803-06-01,36,1803
1,1803-07-01,48.3,1803
1,1803-08-01,34.1,1803
1,1803-09-01,45.3,1803
1,1803-10-01,54.3,1803
1,1803-11-01,51,1803
1,1803-12-01,48,1803
1,1804-01-01,45.3,1804
1,1804-02-01,48.3,1804
1,1804-03-01,48,1804
1,1804-04-01,50.6,1804
1,1804-05-01,33.4,1804
1,1804-06-01,34.8,1804
1,1804-07-01,29.8,1804
1,1804-08-01,43.1,1804
1,1804-09-01,53,1804
1,1804-10-01,62.3,1804
1,1804-11-01,61,1804
1,1804-12-01,60,1804
1,1805-01-01,61,1805
1,1805-02-01,44.1,1805
1,1805-03-01,51.4,1805
1,1805-04-01,37.5,1805
1,1805-05-01,39,1805
1,1805-06-01,40.5,1805
1,1805-07-01,37.6,1805
1,1805-08-01,42.7,1805
1,1805-09-01,44.4,1805
1,1805-10-01,29.4,1805
1,1805-11-01,41,1805
1,1805-12-01,38.3,1805
1,1806-01-01,39,1806
1,1806-02-01,29.6,1806
1,1806-03-01,32.7,1806
1,1806-04-01,27.7,1806
1,1806-05-01,26.4,1806
1,1806-06-01,25.6,1806
1,1806-07-01,30,1806
1,1806-08-01,26.3,1806
1,1806-09-01,24,1806
1,1806-10-01,27,1806
1,1806-11-01,25,1806
1,1806-12-01,24,1806
1,1807-01-01,12,1807
1,1807-02-01,12.2,1807
1,1807-03-01,9.6,1807
1,1807-04-01,23.8,1807
1,1807-05-01,10,1807
1,1807-06-01,12,1807
1,1807-07-01,12.7,1807
1,1807-08-01,12,1807
1,1807-09-01,5.7,1807
1,1807-10-01,8,1807
1,1807-11-01,2.6,1807
1,1807-12-01,0,1807
1,1808-01-01,0,1808
1,1808-02-01,4.5,1808
1,1808-03-01,0,1808
1,1808-04-01,12.3,1808
1,1808-05-01,13.5,1808
1,1808-06-01,13.5,1808
1,1808-07-01,6.7,1808
1,1808-08-01,8,1808
1,1808-09-01,11.7,1808
1,1808-10-01,4.7,1808
1,1808-11-01,10.5,1808
1,1808-12-01,12.3,1808
1,1809-01-01,7.2,1809
1,1809-02-01,9.2,1809
1,1809-03-01,0.9,1809
1,1809-04-01,2.5,1809
1,1809-05-01,2,1809
1,1809-06-01,7.7,1809
1,1809-07-01,0.3,1809
1,1809-08-01,0.2,1809
1,1809-09-01,0.4,1809
1,1809-10-01,0,1809
1,1809-11-01,0,1809
1,1809-12-01,0,1809
1,1810-01-01,0,1810
1,1810-02-01,0,1810
1,1810-03-01,0,1810
1,1810-04-01,0,1810
1,1810-05-01,0,1810
1,1810-06-01,0,1810
1,1810-07-01,0,1810
1,1810-08-01,0,1810
1,1810-09-01,0,1810
1,1810-10-01,0,1810
1,1810-11-01,0,1810
1,1810-12-01,0,1810
1,1811-01-01,0,1811
1,1811-02-01,0,1811
1,1811-03-01,0,1811
1,1811-04-01,0,1811
1,1811-05-01,0,1811
1,1811-06-01,0,1811
1,1811-07-01,6.6,1811
1,1811-08-01,0,1811
1,1811-09-01,2.4,1811
1,1811-10-01,6.1,1811
1,1811-11-01,0.8,1811
1,1811-12-01,1.1,1811
1,1812-01-01,11.3,1812
1,1812-02-01,1.9,1812
1,1812-03-01,0.7,1812
1,1812-04-01,0,1812
1,1812-05-01,1,1812
1,1812-06-01,1.3,1812
1,1812-07-01,0.5,1812
1,1812-08-01,15.6,1812
1,1812-09-01,5.2,1812
1,1812-10-01,3.9,1812
1,1812-11-01,7.9,1812
1,1812-12-01,10.1,1812
1,1813-01-01,0,1813
1,1813-02-01,10.3,1813
1,1813-03-01,1.9,1813
1,1813-04-01,16.6,1813
1,1813-05-01,5.5,1813
1,1813-06-01,11.2,1813
1,1813-07-01,18.3,1813
1,1813-08-01,8.4,1813
1,1813-09-01,15.3,1813
1,1813-10-01,27.8,1813
1,1813-11-01,16.7,1813
1,1813-12-01,14.3,1813
1,1814-01-01,22.2,1814
1,1814-02-01,12,1814
1,1814-03-01,5.7,1814
1,1814-04-01,23.8,1814
1,1814-05-01,5.8,1814
1,1814-06-01,14.9,1814
1,1814-07-01,18.5,1814
1,1814-08-01,2.3,1814
1,1814-09-01,8.1,1814
1,1814-10-01,19.3,1814
1,1814-11-01,14.5,1814
1,1814-12-01,20.1,1814
1,1815-01-01,19.2,1815
1,1815-02-01,32.2,1815
1,1815-03-01,26.2,1815
1,1815-04-01,31.6,1815
1,1815-05-01,9.8,1815
1,1815-06-01,55.9,1815
1,1815-07-01,35.5,1815
1,1815-08-01,47.2,1815
1,1815-09-01,31.5,1815
1,1815-10-01,33.5,1815
1,1815-11-01,37.2,1815
1,1815-12-01,65,1815
1,1816-01-01,26.3,1816
1,1816-02-01,68.8,1816
1,1816-03-01,73.7,1816
1,1816-04-01,58.8,1816
1,1816-05-01,44.3,1816
1,1816-06-01,43.6,1816
1,1816-07-01,38.8,1816
1,1816-08-01,23.2,1816
1,1816-09-01,47.8,1816
1,1816-10-01,56.4,1816
1,1816-11-01,38.1,1816
1,1816-12-01,29.9,1816
1,1817-01-01,36.4,1817
1,1817-02-01,57.9,1817
1,1817-03-01,96.2,1817
1,1817-04-01,26.4,1817
1,1817-05-01,21.2,1817
1,1817-06-01,40,1817
1,1817-07-01,50,1817
1,1817-08-01,45,1817
1,1817-09-01,36.7,1817
1,1817-10-01,25.6,1817
1,1817-11-01,28.9,1817
1,1817-12-01,28.4,1817
1,1818-01-01,34.9,1818
1,1818-02-01,22.4,1818
1,1818-03-01,25.4,1818
1,1818-04-01,34.5,1818
1,1818-05-01,53.1,1818
1,1818-06-01,36.4,1818
1,1818-07-01,28,1818
1,1818-08-01,31.5,1818
1,1818-09-01,26.1,1818
1,1818-10-01,31.7,1818
1,1818-11-01,10.9,1818
1,1818-12-01,25.8,1818
1,1819-01-01,32.5,1819
1,1819-02-01,20.7,1819
1,1819-03-01,3.7,1819
1,1819-04-01,20.2,1819
1,1819-05-01,19.6,1819
1,1819-06-01,35,1819
1,1819-07-01,31.4,1819
1,1819-08-01,26.1,1819
1,1819-09-01,14.9,1819
1,1819-10-01,27.5,1819
1,1819-11-01,25.1,1819
1,1819-12-01,30.6,1819
1,1820-01-01,19.2,1820
1,1820-02-01,26.6,1820
1,1820-03-01,4.5,1820
1,1820-04-01,19.4,1820
1,1820-05-01,29.3,1820
1,1820-06-01,10.8,1820
1,1820-07-01,20.6,1820
1,1820-08-01,25.9,1820
1,1820-09-01,5.2,1820
1,1820-10-01,9,1820
1,1820-11-01,7.9,1820
1,1820-12-01,9.7,1820
1,1821-01-01,21.5,1821
1,1821-02-01,4.3,1821
1,1821-03-01,5.7,1821
1,1821-04-01,9.2,1821
1,1821-05-01,1.7,1821
1,1821-06-01,1.8,1821
1,1821-07-01,2.5,1821
1,1821-08-01,4.8,1821
1,1821-09-01,4.4,1821
1,1821-10-01,18.8,1821
1,1821-11-01,4.4,1821
1,1821-12-01,0,1821
1,1822-01-01,0,1822
1,1822-02-01,0.9,1822
1,1822-03-01,16.1,1822
1,1822-04-01,13.5,1822
1,1822-05-01,1.5,1822
1,1822-06-01,5.6,1822
1,1822-07-01,7.9,1822
1,1822-08-01,2.1,1822
1,1822-09-01,0,1822
1,1822-10-01,0.4,1822
1,1822-11-01,0,1822
1,1822-12-01,0,1822
1,1823-01-01,0,1823
1,1823-02-01,0,1823
1,1823-03-01,0.6,1823
1,1823-04-01,0,1823
1,1823-05-01,0,1823
1,1823-06-01,0,1823
1,1823-07-01,0.5,1823
1,1823-08-01,0,1823
1,1823-09-01,0,1823
1,1823-10-01,0,1823
1,1823-11-01,0,1823
1,1823-12-01,20.4,1823
1,1824-01-01,21.6,1824
1,1824-02-01,10.8,1824
1,1824-03-01,0,1824
1,1824-04-01,19.4,1824
1,1824-05-01,2.8,1824
1,1824-06-01,0,1824
1,1824-07-01,0,1824
1,1824-08-01,1.4,1824
1,1824-09-01,20.5,1824
1,1824-10-01,25.2,1824
1,1824-11-01,0,1824
1,1824-12-01,0.8,1824
1,1825-01-01,5,1825
1,1825-02-01,15.5,1825
1,1825-03-01,22.4,1825
1,1825-04-01,3.8,1825
1,1825-05-01,15.4,1825
1,1825-06-01,15.4,1825
1,1825-07-01,30.9,1825
1,1825-08-01,25.4,1825
1,1825-09-01,15.7,1825
1,1825-10-01,15.6,1825
1,1825-11-01,11.7,1825
1,1825-12-01,22,1825
1,1826-01-01,17.7,1826
1,1826-02-01,18.2,1826
1,1826-03-01,36.7,1826
1,1826-04-01,24,1826
1,1826-05-01,32.4,1826
1,1826-06-01,37.1,1826
1,1826-07-01,52.5,1826
1,1826-08-01,39.6,1826
1,1826-09-01,18.9,1826
1,1826-10-01,50.6,1826
1,1826-11-01,39.5,1826
1,1826-12-01,68.1,1826
1,1827-01-01,34.6,1827
1,1827-02-01,47.4,1827
1,1827-03-01,57.8,1827
1,1827-04-01,46,1827
1,1827-05-01,56.3,1827
1,1827-06-01,56.7,1827
1,1827-07-01,42.9,1827
1,1827-08-01,53.7,1827
1,1827-09-01,49.6,1827
1,1827-10-01,57.2,1827
1,1827-11-01,48.2,1827
1,1827-12-01,46.1,1827
1,1828-01-01,52.8,1828
1,1828-02-01,64.4,1828
1,1828-03-01,65,1828
1,1828-04-01,61.1,1828
1,1828-05-01,89.1,1828
1,1828-06-01,98,1828
1,1828-07-01,54.3,1828
1,1828-08-01,76.4,1828
1,1828-09-01,50.4,1828
1,1828-10-01,54.7,1828
1,1828-11-01,57,1828
1,1828-12-01,46.6,1828
1,1829-01-01,43,1829
1,1829-02-01,49.4,1829
1,1829-03-01,72.3,1829
1,1829-04-01,95,1829
1,1829-05-01,67.5,1829
1,1829-06-01,73.9,1829
1,1829-07-01,90.8,1829
1,1829-08-01,78.3,1829
1,1829-09-01,52.8,1829
1,1829-10-01,57.2,1829
1,1829-11-01,67.6,1829
1,1829-12-01,56.5,1829
1,1830-01-01,52.2,1830
1,1830-02-01,72.1,1830
1,1830-03-01,84.6,1830
1,1830-04-01,107.1,1830
1,1830-05-01,66.3,1830
1,1830-06-01,65.1,1830
1,1830-07-01,43.9,1830
1,1830-08-01,50.7,1830
1,1830-09-01,62.1,1830
1,1830-10-01,84.4,1830
1,1830-11-01,81.2,1830
1,1830-12-01,82.1,1830
1,1831-01-01,47.5,1831
1,1831-02-01,50.1,1831
1,1831-03-01,93.4,1831
1,1831-04-01,54.6,1831
1,1831-05-01,38.1,1831
1,1831-06-01,33.4,1831
1,1831-07-01,45.2,1831
1,1831-08-01,54.9,1831
1,1831-09-01,37.9,1831
1,1831-10-01,46.2,1831
1,1831-11-01,43.5,1831
1,1831-12-01,28.9,1831
1,1832-01-01,30.9,1832
1,1832-02-01,55.5,1832
1,1832-03-01,55.1,1832
1,1832-04-01,26.9,1832
1,1832-05-01,41.3,1832
1,1832-06-01,26.7,1832
1,1832-07-01,13.9,1832
1,1832-08-01,8.9,1832
1,1832-09-01,8.2,1832
1,1832-10-01,21.1,1832
1,1832-11-01,14.3,1832
1,1832-12-01,27.5,1832
1,1833-01-01,11.3,1833
1,1833-02-01,14.9,1833
1,1833-03-01,11.8,1833
1,1833-04-01,2.8,1833
1,1833-05-01,12.9,1833
1,1833-06-01,1,1833
1,1833-07-01,7,1833
1,1833-08-01,5.7,1833
1,1833-09-01,11.6,1833
1,1833-10-01,7.5,1833
1,1833-11-01,5.9,1833
1,1833-12-01,9.9,1833
1,1834-01-01,4.9,1834
1,1834-02-01,18.1,1834
1,1834-03-01,3.9,1834
1,1834-04-01,1.4,1834
1,1834-05-01,8.8,1834
1,1834-06-01,7.8,1834
1,1834-07-01,8.7,1834
1,1834-08-01,4,1834
1,1834-09-01,11.5,1834
1,1834-10-01,24.8,1834
1,1834-11-01,30.5,1834
1,1834-12-01,34.5,1834
1,1835-01-01,7.5,1835
1,1835-02-01,24.5,1835
1,1835-03-01,19.7,1835
1,1835-04-01,61.5,1835
1,1835-05-01,43.6,1835
1,1835-06-01,33.2,1835
1,1835-07-01,59.8,1835
1,1835-08-01,59,1835
1,1835-09-01,100.8,1835
1,1835-10-01,95.2,1835
1,1835-11-01,100,1835
1,1835-12-01,77.5,1835
1,1836-01-01,88.6,1836
1,1836-02-01,107.6,1836
1,1836-03-01,98.1,1836
1,1836-04-01,142.9,1836
1,1836-05-01,111.4,1836
1,1836-06-01,124.7,1836
1,1836-07-01,116.7,1836
1,1836-08-01,107.8,1836
1,1836-09-01,95.1,1836
1,1836-10-01,137.4,1836
1,1836-11-01,120.9,1836
1,1836-12-01,206.2,1836
1,1837-01-01,188,1837
1,1837-02-01,175.6,1837
1,1837-03-01,134.6,1837
1,1837-04-01,138.2,1837
1,1837-05-01,111.3,1837
1,1837-06-01,158,1837
1,1837-07-01,162.8,1837
1,1837-08-01,134,1837
1,1837-09-01,96.3,1837
1,1837-10-01,123.7,1837
1,1837-11-01,107,1837
1,1837-12-01,129.8,1837
1,1838-01-01,144.9,1838
1,1838-02-01,84.8,1838
1,1838-03-01,140.8,1838
1,1838-04-01,126.6,1838
1,1838-05-01,137.6,1838
1,1838-06-01,94.5,1838
1,1838-07-01,108.2,1838
1,1838-08-01,78.8,1838
1,1838-09-01,73.6,1838
1,1838-10-01,90.8,1838
1,1838-11-01,77.4,1838
1,1838-12-01,79.8,1838
1,1839-01-01,107.6,1839
1,1839-02-01,102.5,1839
1,1839-03-01,77.7,1839
1,1839-04-01,61.8,1839
1,1839-05-01,53.8,1839
1,1839-06-01,54.6,1839
1,1839-07-01,84.7,1839
1,1839-08-01,131.2,1839
1,1839-09-01,132.7,1839
1,1839-10-01,90.8,1839
1,1839-11-01,68.8,1839
1,1839-12-01,63.6,1839
1,1840-01-01,81.2,1840
1,1840-02-01,87.7,1840
1,1840-03-01,55.5,1840
1,1840-04-01,65.9,1840
1,1840-05-01,69.2,1840
1,1840-06-01,48.5,1840
1,1840-07-01,60.7,1840
1,1840-08-01,57.8,1840
1,1840-09-01,74,1840
1,1840-10-01,49.8,1840
1,1840-11-01,54.3,1840
1,1840-12-01,53.7,1840
1,1841-01-01,24,1841
1,1841-02-01,29.9,1841
1,1841-03-01,29.7,1841
1,1841-04-01,42.6,1841
1,1841-05-01,67.4,1841
1,1841-06-01,55.7,1841
1,1841-07-01,30.8,1841
1,1841-08-01,39.3,1841
1,1841-09-01,35.1,1841
1,1841-10-01,28.5,1841
1,1841-11-01,19.8,1841
1,1841-12-01,38.8,1841
1,1842-01-01,20.4,1842
1,1842-02-01,22.1,1842
1,1842-03-01,21.7,1842
1,1842-04-01,26.9,1842
1,1842-05-01,24.9,1842
1,1842-06-01,20.5,1842
1,1842-07-01,12.6,1842
1,1842-08-01,26.5,1842
1,1842-09-01,18.5,1842
1,1842-10-01,38.1,1842
1,1842-11-01,40.5,1842
1,1842-12-01,17.6,1842
1,1843-01-01,13.3,1843
1,1843-02-01,3.5,1843
1,1843-03-01,8.3,1843
1,1843-04-01,8.8,1843
1,1843-05-01,21.1,1843
1,1843-06-01,10.5,1843
1,1843-07-01,9.5,1843
1,1843-08-01,11.8,1843
1,1843-09-01,4.2,1843
1,1843-10-01,5.3,1843
1,1843-11-01,19.1,1843
1,1843-12-01,12.7,1843
1,1844-01-01,9.4,1844
1,1844-02-01,14.7,1844
1,1844-03-01,13.6,1844
1,1844-04-01,20.8,1844
1,1844-05-01,12,1844
1,1844-06-01,3.7,1844
1,1844-07-01,21.2,1844
1,1844-08-01,23.9,1844
1,1844-09-01,6.9,1844
1,1844-10-01,21.5,1844
1,1844-11-01,10.7,1844
1,1844-12-01,21.6,1844
1,1845-01-01,25.7,1845
1,1845-02-01,43.6,1845
1,1845-03-01,43.3,1845
1,1845-04-01,56.9,1845
1,1845-05-01,47.8,1845
1,1845-06-01,31.1,1845
1,1845-07-01,30.6,1845
1,1845-08-01,32.3,1845
1,1845-09-01,29.6,1845
1,1845-10-01,40.7,1845
1,1845-11-01,39.4,1845
1,1845-12-01,59.7,1845
1,1846-01-01,38.7,1846
1,1846-02-01,51,1846
1,1846-03-01,63.9,1846
1,1846-04-01,69.2,1846
1,1846-05-01,59.9,1846
1,1846-06-01,65.1,1846
1,1846-07-01,46.5,1846
1,1846-08-01,54.8,1846
1,1846-09-01,107.1,1846
1,1846-10-01,55.9,1846
1,1846-11-01,60.4,1846
1,1846-12-01,65.5,1846
1,1847-01-01,62.6,1847
1,1847-02-01,44.9,1847
1,1847-03-01,85.7,1847
1,1847-04-01,44.7,1847
1,1847-05-01,75.4,1847
1,1847-06-01,85.3,1847
1,1847-07-01,52.2,1847
1,1847-08-01,140.6,1847
1,1847-09-01,161.2,1847
1,1847-10-01,180.4,1847
1,1847-11-01,138.9,1847
1,1847-12-01,109.6,1847
1,1848-01-01,159.1,1848
1,1848-02-01,111.8,1848
1,1848-03-01,108.9,1848
1,1848-04-01,107.1,1848
1,1848-05-01,102.2,1848
1,1848-06-01,123.8,1848
1,1848-07-01,139.2,1848
1,1848-08-01,132.5,1848
1,1848-09-01,100.3,1848
1,1848-10-01,132.4,1848
1,1848-11-01,114.6,1848
1,1848-12-01,159.9,1848
1,1849-01-01,156.7,1849
1,1849-02-01,131.7,1849
1,1849-03-01,96.5,1849
1,1849-04-01,102.5,1849
1,1849-05-01,80.6,1849
1,1849-06-01,81.2,1849
1,1849-07-01,78,1849
1,1849-08-01,61.3,1849
1,1849-09-01,93.7,1849
1,1849-10-01,71.5,1849
1,1849-11-01,99.7,1849
1,1849-12-01,97,1849
1,1850-01-01,78,1850
1,1850-02-01,89.4,1850
1,1850-03-01,82.6,1850
1,1850-04-01,44.1,1850
1,1850-05-01,61.6,1850
1,1850-06-01,70,1850
1,1850-07-01,39.1,1850
1,1850-08-01,61.6,1850
1,1850-09-01,86.2,1850
1,1850-10-01,71,1850
1,1850-11-01,54.8,1850
1,1850-12-01,60,1850
1,1851-01-01,75.5,1851
1,1851-02-01,105.4,1851
1,1851-03-01,64.6,1851
1,1851-04-01,56.5,1851
1,1851-05-01,62.6,1851
1,1851-06-01,63.2,1851
1,1851-07-01,36.1,1851
1,1851-08-01,57.4,1851
1,1851-09-01,67.9,1851
1,1851-10-01,62.5,1851
1,1851-11-01,50.9,1851
1,1851-12-01,71.4,1851
1,1852-01-01,68.4,1852
1,1852-02-01,67.5,1852
1,1852-03-01,61.2,1852
1,1852-04-01,65.4,1852
1,1852-05-01,54.9,1852
1,1852-06-01,46.9,1852
1,1852-07-01,42,1852
1,1852-08-01,39.7,1852
1,1852-09-01,37.5,1852
1,1852-10-01,67.3,1852
1,1852-11-01,54.3,1852
1,1852-12-01,45.4,1852
1,1853-01-01,41.1,1853
1,1853-02-01,42.9,1853
1,1853-03-01,37.7,1853
1,1853-04-01,47.6,1853
1,1853-05-01,34.7,1853
1,1853-06-01,40,1853
1,1853-07-01,45.9,1853
1,1853-08-01,50.4,1853
1,1853-09-01,33.5,1853
1,1853-10-01,42.3,1853
1,1853-11-01,28.8,1853
1,1853-12-01,23.4,1853
1,1854-01-01,15.4,1854
1,1854-02-01,20,1854
1,1854-03-01,20.7,1854
1,1854-04-01,26.4,1854
1,1854-05-01,24,1854
1,1854-06-01,21.1,1854
1,1854-07-01,18.7,1854
1,1854-08-01,15.8,1854
1,1854-09-01,22.4,1854
1,1854-10-01,12.7,1854
1,1854-11-01,28.2,1854
1,1854-12-01,21.4,1854
1,1855-01-01,12.3,1855
1,1855-02-01,11.4,1855
1,1855-03-01,17.4,1855
1,1855-04-01,4.4,1855
1,1855-05-01,9.1,1855
1,1855-06-01,5.3,1855
1,1855-07-01,0.4,1855
1,1855-08-01,3.1,1855
1,1855-09-01,0,1855
1,1855-10-01,9.7,1855
1,1855-11-01,4.3,1855
1,1855-12-01,3.1,1855
1,1856-01-01,0.5,1856
1,1856-02-01,4.9,1856
1,1856-03-01,0.4,1856
1,1856-04-01,6.5,1856
1,1856-05-01,0,1856
1,1856-06-01,5,1856
1,1856-07-01,4.6,1856
1,1856-08-01,5.9,1856
1,1856-09-01,4.4,1856
1,1856-10-01,4.5,1856
1,1856-11-01,7.7,1856
1,1856-12-01,7.2,1856
1,1857-01-01,13.7,1857
1,1857-02-01,7.4,1857
1,1857-03-01,5.2,1857
1,1857-04-01,11.1,1857
1,1857-05-01,29.2,1857
1,1857-06-01,16,1857
1,1857-07-01,22.2,1857
1,1857-08-01,16.9,1857
1,1857-09-01,42.4,1857
1,1857-10-01,40.6,1857
1,1857-11-01,31.4,1857
1,1857-12-01,37.2,1857
1,1858-01-01,39,1858
1,1858-02-01,34.9,1858
1,1858-03-01,57.5,1858
1,1858-04-01,38.3,1858
1,1858-05-01,41.4,1858
1,1858-06-01,44.5,1858
1,1858-07-01,56.7,1858
1,1858-08-01,55.3,1858
1,1858-09-01,80.1,1858
1,1858-10-01,91.2,1858
1,1858-11-01,51.9,1858
1,1858-12-01,66.9,1858
1,1859-01-01,83.7,1859
1,1859-02-01,87.6,1859
1,1859-03-01,90.3,1859
1,1859-04-01,85.7,1859
1,1859-05-01,91,1859
1,1859-06-01,87.1,1859
1,1859-07-01,95.2,1859
1,1859-08-01,106.8,1859
1,1859-09-01,105.8,1859
1,1859-10-01,114.6,1859
1,1859-11-01,97.2,1859
1,1859-12-01,81,1859
1,1860-01-01,81.5,1860
1,1860-02-01,88,1860
1,1860-03-01,98.9,1860
1,1860-04-01,71.4,1860
1,1860-05-01,107.1,1860
1,1860-06-01,108.6,1860
1,1860-07-01,116.7,1860
1,1860-08-01,100.3,1860
1,1860-09-01,92.2,1860
1,1860-10-01,90.1,1860
1,1860-11-01,97.9,1860
1,1860-12-01,95.6,1860
1,1861-01-01,62.3,1861
1,1861-02-01,77.8,1861
1,1861-03-01,101,1861
1,1861-04-01,98.5,1861
1,1861-05-01,56.8,1861
1,1861-06-01,87.8,1861
1,1861-07-01,78,1861
1,1861-08-01,82.5,1861
1,1861-09-01,79.9,1861
1,1861-10-01,67.2,1861
1,1861-11-01,53.7,1861
1,1861-12-01,80.5,1861
1,1862-01-01,63.1,1862
1,1862-02-01,64.5,1862
1,1862-03-01,43.6,1862
1,1862-04-01,53.7,1862
1,1862-05-01,64.4,1862
1,1862-06-01,84,1862
1,1862-07-01,73.4,1862
1,1862-08-01,62.5,1862
1,1862-09-01,66.6,1862
1,1862-10-01,42,1862
1,1862-11-01,50.6,1862
1,1862-12-01,40.9,1862
1,1863-01-01,48.3,1863
1,1863-02-01,56.7,1863
1,1863-03-01,66.4,1863
1,1863-04-01,40.6,1863
1,1863-05-01,53.8,1863
1,1863-06-01,40.8,1863
1,1863-07-01,32.7,1863
1,1863-08-01,48.1,1863
1,1863-09-01,22,1863
1,1863-10-01,39.9,1863
1,1863-11-01,37.7,1863
1,1863-12-01,41.2,1863
1,1864-01-01,57.7,1864
1,1864-02-01,47.1,1864
1,1864-03-01,66.3,1864
1,1864-04-01,35.8,1864
1,1864-05-01,40.6,1864
1,1864-06-01,57.8,1864
1,1864-07-01,54.7,1864
1,1864-08-01,54.8,1864
1,1864-09-01,28.5,1864
1,1864-10-01,33.9,1864
1,1864-11-01,57.6,1864
1,1864-12-01,28.6,1864
1,1865-01-01,48.7,1865
1,1865-02-01,39.3,1865
1,1865-03-01,39.5,1865
1,1865-04-01,29.4,1865
1,1865-05-01,34.5,1865
1,1865-06-01,33.6,1865
1,1865-07-01,26.8,1865
1,1865-08-01,37.8,1865
1,1865-09-01,21.6,1865
1,1865-10-01,17.1,1865
1,1865-11-01,24.6,1865
1,1865-12-01,12.8,1865
1,1866-01-01,31.6,1866
1,1866-02-01,38.4,1866
1,1866-03-01,24.6,1866
1,1866-04-01,17.6,1866
1,1866-05-01,12.9,1866
1,1866-06-01,16.5,1866
1,1866-07-01,9.3,1866
1,1866-08-01,12.7,1866
1,1866-09-01,7.3,1866
1,1866-10-01,14.1,1866
1,1866-11-01,9,1866
1,1866-12-01,1.5,1866
1,1867-01-01,0,1867
1,1867-02-01,0.7,1867
1,1867-03-01,9.2,1867
1,1867-04-01,5.1,1867
1,1867-05-01,2.9,1867
1,1867-06-01,1.5,1867
1,1867-07-01,5,1867
1,1867-08-01,4.9,1867
1,1867-09-01,9.8,1867
1,1867-10-01,13.5,1867
1,1867-11-01,9.3,1867
1,1867-12-01,25.2,1867
1,1868-01-01,15.6,1868
1,1868-02-01,15.8,1868
1,1868-03-01,26.5,1868
1,1868-04-01,36.6,1868
1,1868-05-01,26.7,1868
1,1868-06-01,31.1,1868
1,1868-07-01,28.6,1868
1,1868-08-01,34.4,1868
1,1868-09-01,43.8,1868
1,1868-10-01,61.7,1868
1,1868-11-01,59.1,1868
1,1868-12-01,67.6,1868
1,1869-01-01,60.9,1869
1,1869-02-01,59.3,1869
1,1869-03-01,52.7,1869
1,1869-04-01,41,1869
1,1869-05-01,104,1869
1,1869-06-01,108.4,1869
1,1869-07-01,59.2,1869
1,1869-08-01,79.6,1869
1,1869-09-01,80.6,1869
1,1869-10-01,59.4,1869
1,1869-11-01,77.4,1869
1,1869-12-01,104.3,1869
1,1870-01-01,77.3,1870
1,1870-02-01,114.9,1870
1,1870-03-01,159.4,1870
1,1870-04-01,160,1870
1,1870-05-01,176,1870
1,1870-06-01,135.6,1870
1,1870-07-01,132.4,1870
1,1870-08-01,153.8,1870
1,1870-09-01,136,1870
1,1870-10-01,146.4,1870
1,1870-11-01,147.5,1870
1,1870-12-01,130,1870
1,1871-01-01,88.3,1871
1,1871-02-01,125.3,1871
1,1871-03-01,143.2,1871
1,1871-04-01,162.4,1871
1,1871-05-01,145.5,1871
1,1871-06-01,91.7,1871
1,1871-07-01,103,1871
1,1871-08-01,110,1871
1,1871-09-01,80.3,1871
1,1871-10-01,89,1871
1,1871-11-01,105.4,1871
1,1871-12-01,90.3,1871
1,1872-01-01,79.5,1872
1,1872-02-01,120.1,1872
1,1872-03-01,88.4,1872
1,1872-04-01,102.1,1872
1,1872-05-01,107.6,1872
1,1872-06-01,109.9,1872
1,1872-07-01,105.5,1872
1,1872-08-01,92.9,1872
1,1872-09-01,114.6,1872
1,1872-10-01,103.5,1872
1,1872-11-01,112,1872
1,1872-12-01,83.9,1872
1,1873-01-01,86.7,1873
1,1873-02-01,107,1873
1,1873-03-01,98.3,1873
1,1873-04-01,76.2,1873
1,1873-05-01,47.9,1873
1,1873-06-01,44.8,1873
1,1873-07-01,66.9,1873
1,1873-08-01,68.2,1873
1,1873-09-01,47.5,1873
1,1873-10-01,47.4,1873
1,1873-11-01,55.4,1873
1,1873-12-01,49.2,1873
1,1874-01-01,60.8,1874
1,1874-02-01,64.2,1874
1,1874-03-01,46.4,1874
1,1874-04-01,32,1874
1,1874-05-01,44.6,1874
1,1874-06-01,38.2,1874
1,1874-07-01,67.8,1874
1,1874-08-01,61.3,1874
1,1874-09-01,28,1874
1,1874-10-01,34.3,1874
1,1874-11-01,28.9,1874
1,1874-12-01,29.3,1874
1,1875-01-01,14.6,1875
1,1875-02-01,22.2,1875
1,1875-03-01,33.8,1875
1,1875-04-01,29.1,1875
1,1875-05-01,11.5,1875
1,1875-06-01,23.9,1875
1,1875-07-01,12.5,1875
1,1875-08-01,14.6,1875
1,1875-09-01,2.4,1875
1,1875-10-01,12.7,1875
1,1875-11-01,17.7,1875
1,1875-12-01,9.9,1875
1,1876-01-01,14.3,1876
1,1876-02-01,15,1876
1,1876-03-01,31.2,1876
1,1876-04-01,2.3,1876
1,1876-05-01,5.1,1876
1,1876-06-01,1.6,1876
1,1876-07-01,15.2,1876
1,1876-08-01,8.8,1876
1,1876-09-01,9.9,1876
1,1876-10-01,14.3,1876
1,1876-11-01,9.9,1876
1,1876-12-01,8.2,1876
1,1877-01-01,24.4,1877
1,1877-02-01,8.7,1877
1,1877-03-01,11.7,1877
1,1877-04-01,15.8,1877
1,1877-05-01,21.2,1877
1,1877-06-01,13.4,1877
1,1877-07-01,5.9,1877
1,1877-08-01,6.3,1877
1,1877-09-01,16.4,1877
1,1877-10-01,6.7,1877
1,1877-11-01,14.5,1877
1,1877-12-01,2.3,1877
1,1878-01-01,3.3,1878
1,1878-02-01,6,1878
1,1878-03-01,7.8,1878
1,1878-04-01,0.1,1878
1,1878-05-01,5.8,1878
1,1878-06-01,6.4,1878
1,1878-07-01,0.1,1878
1,1878-08-01,0,1878
1,1878-09-01,5.3,1878
1,1878-10-01,1.1,1878
1,1878-11-01,4.1,1878
1,1878-12-01,0.5,1878
1,1879-01-01,0.8,1879
1,1879-02-01,0.6,1879
1,1879-03-01,0,1879
1,1879-04-01,6.2,1879
1,1879-05-01,2.4,1879
1,1879-06-01,4.8,1879
1,1879-07-01,7.5,1879
1,1879-08-01,10.7,1879
1,1879-09-01,6.1,1879
1,1879-10-01,12.3,1879
1,1879-11-01,12.9,1879
1,1879-12-01,7.2,1879
1,1880-01-01,24,1880
1,1880-02-01,27.5,1880
1,1880-03-01,19.5,1880
1,1880-04-01,19.3,1880
1,1880-05-01,23.5,1880
1,1880-06-01,34.1,1880
1,1880-07-01,21.9,1880
1,1880-08-01,48.1,1880
1,1880-09-01,66,1880
1,1880-10-01,43,1880
1,1880-11-01,30.7,1880
1,1880-12-01,29.6,1880
1,1881-01-01,36.4,1881
1,1881-02-01,53.2,1881
1,1881-03-01,51.5,1881
1,1881-04-01,51.7,1881
1,1881-05-01,43.5,1881
1,1881-06-01,60.5,1881
1,1881-07-01,76.9,1881
1,1881-08-01,58,1881
1,1881-09-01,53.2,1881
1,1881-10-01,64,1881
1,1881-11-01,54.8,1881
1,1881-12-01,47.3,1881
1,1882-01-01,45,1882
1,1882-02-01,69.3,1882
1,1882-03-01,67.5,1882
1,1882-04-01,95.8,1882
1,1882-05-01,64.1,1882
1,1882-06-01,45.2,1882
1,1882-07-01,45.4,1882
1,1882-08-01,40.4,1882
1,1882-09-01,57.7,1882
1,1882-10-01,59.2,1882
1,1882-11-01,84.4,1882
1,1882-12-01,41.8,1882
1,1883-01-01,60.6,1883
1,1883-02-01,46.9,1883
1,1883-03-01,42.8,1883
1,1883-04-01,82.1,1883
1,1883-05-01,32.1,1883
1,1883-06-01,76.5,1883
1,1883-07-01,80.6,1883
1,1883-08-01,46,1883
1,1883-09-01,52.6,1883
1,1883-10-01,83.8,1883
1,1883-11-01,84.5,1883
1,1883-12-01,75.9,1883
1,1884-01-01,91.5,1884
1,1884-02-01,86.9,1884
1,1884-03-01,86.8,1884
1,1884-04-01,76.1,1884
1,1884-05-01,66.5,1884
1,1884-06-01,51.2,1884
1,1884-07-01,53.1,1884
1,1884-08-01,55.8,1884
1,1884-09-01,61.9,1884
1,1884-10-01,47.8,1884
1,1884-11-01,36.6,1884
1,1884-12-01,47.2,1884
1,1885-01-01,42.8,1885
1,1885-02-01,71.8,1885
1,1885-03-01,49.8,1885
1,1885-04-01,55,1885
1,1885-05-01,73,1885
1,1885-06-01,83.7,1885
1,1885-07-01,66.5,1885
1,1885-08-01,50,1885
1,1885-09-01,39.6,1885
1,1885-10-01,38.7,1885
1,1885-11-01,33.3,1885
1,1885-12-01,21.7,1885
1,1886-01-01,29.9,1886
1,1886-02-01,25.9,1886
1,1886-03-01,57.3,1886
1,1886-04-01,43.7,1886
1,1886-05-01,30.7,1886
1,1886-06-01,27.1,1886
1,1886-07-01,30.3,1886
1,1886-08-01,16.9,1886
1,1886-09-01,21.4,1886
1,1886-10-01,8.6,1886
1,1886-11-01,0.3,1886
1,1886-12-01,12.4,1886
1,1887-01-01,10.3,1887
1,1887-02-01,13.2,1887
1,1887-03-01,4.2,1887
1,1887-04-01,6.9,1887
1,1887-05-01,20,1887
1,1887-06-01,15.7,1887
1,1887-07-01,23.3,1887
1,1887-08-01,21.4,1887
1,1887-09-01,7.4,1887
1,1887-10-01,6.6,1887
1,1887-11-01,6.9,1887
1,1887-12-01,20.7,1887
1,1888-01-01,12.7,1888
1,1888-02-01,7.1,1888
1,1888-03-01,7.8,1888
1,1888-04-01,5.1,1888
1,1888-05-01,7,1888
1,1888-06-01,7.1,1888
1,1888-07-01,3.1,1888
1,1888-08-01,2.8,1888
1,1888-09-01,8.8,1888
1,1888-10-01,2.1,1888
1,1888-11-01,10.7,1888
1,1888-12-01,6.7,1888
1,1889-01-01,0.8,1889
1,1889-02-01,8.5,1889
1,1889-03-01,7,1889
1,1889-04-01,4.3,1889
1,1889-05-01,2.4,1889
1,1889-06-01,6.4,1889
1,1889-07-01,9.7,1889
1,1889-08-01,20.6,1889
1,1889-09-01,6.5,1889
1,1889-10-01,2.1,1889
1,1889-11-01,0.2,1889
1,1889-12-01,6.7,1889
1,1890-01-01,5.3,1890
1,1890-02-01,0.6,1890
1,1890-03-01,5.1,1890
1,1890-04-01,1.6,1890
1,1890-05-01,4.8,1890
1,1890-06-01,1.3,1890
1,1890-07-01,11.6,1890
1,1890-08-01,8.5,1890
1,1890-09-01,17.2,1890
1,1890-10-01,11.2,1890
1,1890-11-01,9.6,1890
1,1890-12-01,7.8,1890
1,1891-01-01,13.5,1891
1,1891-02-01,22.2,1891
1,1891-03-01,10.4,1891
1,1891-04-01,20.5,1891
1,1891-05-01,41.1,1891
1,1891-06-01,48.3,1891
1,1891-07-01,58.8,1891
1,1891-08-01,33.2,1891
1,1891-09-01,53.8,1891
1,1891-10-01,51.5,1891
1,1891-11-01,41.9,1891
1,1891-12-01,32.3,1891
1,1892-01-01,69.1,1892
1,1892-02-01,75.6,1892
1,1892-03-01,49.9,1892
1,1892-04-01,69.6,1892
1,1892-05-01,79.6,1892
1,1892-06-01,76.3,1892
1,1892-07-01,76.8,1892
1,1892-08-01,101.4,1892
1,1892-09-01,62.8,1892
1,1892-10-01,70.5,1892
1,1892-11-01,65.4,1892
1,1892-12-01,78.6,1892
1,1893-01-01,75,1893
1,1893-02-01,73,1893
1,1893-03-01,65.7,1893
1,1893-04-01,88.1,1893
1,1893-05-01,84.7,1893
1,1893-06-01,88.2,1893
1,1893-07-01,88.8,1893
1,1893-08-01,129.2,1893
1,1893-09-01,77.9,1893
1,1893-10-01,79.7,1893
1,1893-11-01,75.1,1893
1,1893-12-01,93.8,1893
1,1894-01-01,83.2,1894
1,1894-02-01,84.6,1894
1,1894-03-01,52.3,1894
1,1894-04-01,81.6,1894
1,1894-05-01,101.2,1894
1,1894-06-01,98.9,1894
1,1894-07-01,106,1894
1,1894-08-01,70.3,1894
1,1894-09-01,65.9,1894
1,1894-10-01,75.5,1894
1,1894-11-01,56.6,1894
1,1894-12-01,60,1894
1,1895-01-01,63.3,1895
1,1895-02-01,67.2,1895
1,1895-03-01,61,1895
1,1895-04-01,76.9,1895
1,1895-05-01,67.5,1895
1,1895-06-01,71.5,1895
1,1895-07-01,47.8,1895
1,1895-08-01,68.9,1895
1,1895-09-01,57.7,1895
1,1895-10-01,67.9,1895
1,1895-11-01,47.2,1895
1,1895-12-01,70.7,1895
1,1896-01-01,29,1896
1,1896-02-01,57.4,1896
1,1896-03-01,52,1896
1,1896-04-01,43.8,1896
1,1896-05-01,27.7,1896
1,1896-06-01,49,1896
1,1896-07-01,45,1896
1,1896-08-01,27.2,1896
1,1896-09-01,61.3,1896
1,1896-10-01,28.4,1896
1,1896-11-01,38,1896
1,1896-12-01,42.6,1896
1,1897-01-01,40.6,1897
1,1897-02-01,29.4,1897
1,1897-03-01,29.1,1897
1,1897-04-01,31,1897
1,1897-05-01,20,1897
1,1897-06-01,11.3,1897
1,1897-07-01,27.6,1897
1,1897-08-01,21.8,1897
1,1897-09-01,48.1,1897
1,1897-10-01,14.3,1897
1,1897-11-01,8.4,1897
1,1897-12-01,33.3,1897
1,1898-01-01,30.2,1898
1,1898-02-01,36.4,1898
1,1898-03-01,38.3,1898
1,1898-04-01,14.5,1898
1,1898-05-01,25.8,1898
1,1898-06-01,22.3,1898
1,1898-07-01,9,1898
1,1898-08-01,31.4,1898
1,1898-09-01,34.8,1898
1,1898-10-01,34.4,1898
1,1898-11-01,30.9,1898
1,1898-12-01,12.6,1898
1,1899-01-01,19.5,1899
1,1899-02-01,9.2,1899
1,1899-03-01,18.1,1899
1,1899-04-01,14.2,1899
1,1899-05-01,7.7,1899
1,1899-06-01,20.5,1899
1,1899-07-01,13.5,1899
1,1899-08-01,2.9,1899
1,1899-09-01,8.4,1899
1,1899-10-01,13,1899
1,1899-11-01,7.8,1899
1,1899-12-01,10.5,1899
1,1/1/1900,9.4,1900
1,2/1/1900,13.6,1900
1,3/1/1900,8.6,1900
1,4/1/1900,16,1900
1,5/1/1900,15.2,1900
1,6/1/1900,12.1,1900
1,7/1/1900,8.3,1900
1,8/1/1900,4.3,1900
1,9/1/1900,8.3,1900
1,10/1/1900,12.9,1900
1,11/1/1900,4.5,1900
1,12/1/1900,0.3,1900
1,1/1/1901,0.2,1901
1,2/1/1901,2.4,1901
1,3/1/1901,4.5,1901
1,4/1/1901,0,1901
1,5/1/1901,10.2,1901
1,6/1/1901,5.8,1901
1,7/1/1901,0.7,1901
1,8/1/1901,1,1901
1,9/1/1901,0.6,1901
1,10/1/1901,3.7,1901
1,11/1/1901,3.8,1901
1,12/1/1901,0,1901
1,1/1/1902,5.2,1902
1,2/1/1902,0,1902
1,3/1/1902,12.4,1902
1,4/1/1902,0,1902
1,5/1/1902,2.8,1902
1,6/1/1902,1.4,1902
1,7/1/1902,0.9,1902
1,8/1/1902,2.3,1902
1,9/1/1902,7.6,1902
1,10/1/1902,16.3,1902
1,11/1/1902,10.3,1902
1,12/1/1902,1.1,1902
1,1/1/1903,8.3,1903
1,2/1/1903,17,1903
1,3/1/1903,13.5,1903
1,4/1/1903,26.1,1903
1,5/1/1903,14.6,1903
1,6/1/1903,16.3,1903
1,7/1/1903,27.9,1903
1,8/1/1903,28.8,1903
1,9/1/1903,11.1,1903
1,10/1/1903,38.9,1903
1,11/1/1903,44.5,1903
1,12/1/1903,45.6,1903
1,1/1/1904,31.6,1904
1,2/1/1904,24.5,1904
1,3/1/1904,37.2,1904
1,4/1/1904,43,1904
1,5/1/1904,39.5,1904
1,6/1/1904,41.9,1904
1,7/1/1904,50.6,1904
1,8/1/1904,58.2,1904
1,9/1/1904,30.1,1904
1,10/1/1904,54.2,1904
1,11/1/1904,38,1904
1,12/1/1904,54.6,1904
1,1/1/1905,54.8,1905
1,2/1/1905,85.8,1905
1,3/1/1905,56.5,1905
1,4/1/1905,39.3,1905
1,5/1/1905,48,1905
1,6/1/1905,49,1905
1,7/1/1905,73,1905
1,8/1/1905,58.8,1905
1,9/1/1905,55,1905
1,10/1/1905,78.7,1905
1,11/1/1905,107.2,1905
1,12/1/1905,55.5,1905
1,1/1/1906,45.5,1906
1,2/1/1906,31.3,1906
1,3/1/1906,64.5,1906
1,4/1/1906,55.3,1906
1,5/1/1906,57.7,1906
1,6/1/1906,63.2,1906
1,7/1/1906,103.6,1906
1,8/1/1906,47.7,1906
1,9/1/1906,56.1,1906
1,10/1/1906,17.8,1906
1,11/1/1906,38.9,1906
1,12/1/1906,64.7,1906
1,1/1/1907,76.4,1907
1,2/1/1907,108.2,1907
1,3/1/1907,60.7,1907
1,4/1/1907,52.6,1907
1,5/1/1907,42.9,1907
1,6/1/1907,40.4,1907
1,7/1/1907,49.7,1907
1,8/1/1907,54.3,1907
1,9/1/1907,85,1907
1,10/1/1907,65.4,1907
1,11/1/1907,61.5,1907
1,12/1/1907,47.3,1907
1,1/1/1908,39.2,1908
1,2/1/1908,33.9,1908
1,3/1/1908,28.7,1908
1,4/1/1908,57.6,1908
1,5/1/1908,40.8,1908
1,6/1/1908,48.1,1908
1,7/1/1908,39.5,1908
1,8/1/1908,90.5,1908
1,9/1/1908,86.9,1908
1,10/1/1908,32.3,1908
1,11/1/1908,45.5,1908
1,12/1/1908,39.5,1908
1,1/1/1909,56.7,1909
1,2/1/1909,46.6,1909
1,3/1/1909,66.3,1909
1,4/1/1909,32.3,1909
1,5/1/1909,36,1909
1,6/1/1909,22.6,1909
1,7/1/1909,35.8,1909
1,8/1/1909,23.1,1909
1,9/1/1909,38.8,1909
1,10/1/1909,58.4,1909
1,11/1/1909,55.8,1909
1,12/1/1909,54.2,1909
1,1/1/1910,26.4,1910
1,2/1/1910,31.5,1910
1,3/1/1910,21.4,1910
1,4/1/1910,8.4,1910
1,5/1/1910,22.2,1910
1,6/1/1910,12.3,1910
1,7/1/1910,14.1,1910
1,8/1/1910,11.5,1910
1,9/1/1910,26.2,1910
1,10/1/1910,38.3,1910
1,11/1/1910,4.9,1910
1,12/1/1910,5.8,1910
1,1/1/1911,3.4,1911
1,2/1/1911,9,1911
1,3/1/1911,7.8,1911
1,4/1/1911,16.5,1911
1,5/1/1911,9,1911
1,6/1/1911,2.2,1911
1,7/1/1911,3.5,1911
1,8/1/1911,4,1911
1,9/1/1911,4,1911
1,10/1/1911,2.6,1911
1,11/1/1911,4.2,1911
1,12/1/1911,2.2,1911
1,1/1/1912,0.3,1912
1,2/1/1912,0,1912
1,3/1/1912,4.9,1912
1,4/1/1912,4.5,1912
1,5/1/1912,4.4,1912
1,6/1/1912,4.1,1912
1,7/1/1912,3,1912
1,8/1/1912,0.3,1912
1,9/1/1912,9.5,1912
1,10/1/1912,4.6,1912
1,11/1/1912,1.1,1912
1,12/1/1912,6.4,1912
1,1/1/1913,2.3,1913
1,2/1/1913,2.9,1913
1,3/1/1913,0.5,1913
1,4/1/1913,0.9,1913
1,5/1/1913,0,1913
1,6/1/1913,0,1913
1,7/1/1913,1.7,1913
1,8/1/1913,0.2,1913
1,9/1/1913,1.2,1913
1,10/1/1913,3.1,1913
1,11/1/1913,0.7,1913
1,12/1/1913,3.8,1913
1,1/1/1914,2.8,1914
1,2/1/1914,2.6,1914
1,3/1/1914,3.1,1914
1,4/1/1914,17.3,1914
1,5/1/1914,5.2,1914
1,6/1/1914,11.4,1914
1,7/1/1914,5.4,1914
1,8/1/1914,7.7,1914
1,9/1/1914,12.7,1914
1,10/1/1914,8.2,1914
1,11/1/1914,16.4,1914
1,12/1/1914,22.3,1914
1,1/1/1915,23,1915
1,2/1/1915,42.3,1915
1,3/1/1915,38.8,1915
1,4/1/1915,41.3,1915
1,5/1/1915,33,1915
1,6/1/1915,68.8,1915
1,7/1/1915,71.6,1915
1,8/1/1915,69.6,1915
1,9/1/1915,49.5,1915
1,10/1/1915,53.5,1915
1,11/1/1915,42.5,1915
1,12/1/1915,34.5,1915
1,1/1/1916,45.3,1916
1,2/1/1916,55.4,1916
1,3/1/1916,67,1916
1,4/1/1916,71.8,1916
1,5/1/1916,74.5,1916
1,6/1/1916,67.7,1916
1,7/1/1916,53.5,1916
1,8/1/1916,35.2,1916
1,9/1/1916,45.1,1916
1,10/1/1916,50.7,1916
1,11/1/1916,65.6,1916
1,12/1/1916,53,1916
1,1/1/1917,74.7,1917
1,2/1/1917,71.9,1917
1,3/1/1917,94.8,1917
1,4/1/1917,74.7,1917
1,5/1/1917,114.1,1917
1,6/1/1917,114.9,1917
1,7/1/1917,119.8,1917
1,8/1/1917,154.5,1917
1,9/1/1917,129.4,1917
1,10/1/1917,72.2,1917
1,11/1/1917,96.4,1917
1,12/1/1917,129.3,1917
1,1/1/1918,96,1918
1,2/1/1918,65.3,1918
1,3/1/1918,72.2,1918
1,4/1/1918,80.5,1918
1,5/1/1918,76.7,1918
1,6/1/1918,59.4,1918
1,7/1/1918,107.6,1918
1,8/1/1918,101.7,1918
1,9/1/1918,79.9,1918
1,10/1/1918,85,1918
1,11/1/1918,83.4,1918
1,12/1/1918,59.2,1918
1,1/1/1919,48.1,1919
1,2/1/1919,79.5,1919
1,3/1/1919,66.5,1919
1,4/1/1919,51.8,1919
1,5/1/1919,88.1,1919
1,6/1/1919,111.2,1919
1,7/1/1919,64.7,1919
1,8/1/1919,69,1919
1,9/1/1919,54.7,1919
1,10/1/1919,52.8,1919
1,11/1/1919,42,1919
1,12/1/1919,34.9,1919
1,1/1/1920,51.1,1920
1,2/1/1920,53.9,1920
1,3/1/1920,70.2,1920
1,4/1/1920,14.8,1920
1,5/1/1920,33.3,1920
1,6/1/1920,38.7,1920
1,7/1/1920,27.5,1920
1,8/1/1920,19.2,1920
1,9/1/1920,36.3,1920
1,10/1/1920,49.6,1920
1,11/1/1920,27.2,1920
1,12/1/1920,29.9,1920
1,1/1/1921,31.5,1921
1,2/1/1921,28.3,1921
1,3/1/1921,26.7,1921
1,4/1/1921,32.4,1921
1,5/1/1921,22.2,1921
1,6/1/1921,33.7,1921
1,7/1/1921,41.9,1921
1,8/1/1921,22.8,1921
1,9/1/1921,17.8,1921
1,10/1/1921,18.2,1921
1,11/1/1921,17.8,1921
1,12/1/1921,20.3,1921
1,1/1/1922,11.8,1922
1,2/1/1922,26.4,1922
1,3/1/1922,54.7,1922
1,4/1/1922,11,1922
1,5/1/1922,8,1922
1,6/1/1922,5.8,1922
1,7/1/1922,10.9,1922
1,8/1/1922,6.5,1922
1,9/1/1922,4.7,1922
1,10/1/1922,6.2,1922
1,11/1/1922,7.4,1922
1,12/1/1922,17.5,1922
1,1/1/1923,4.5,1923
1,2/1/1923,1.5,1923
1,3/1/1923,3.3,1923
1,4/1/1923,6.1,1923
1,5/1/1923,3.2,1923
1,6/1/1923,9.1,1923
1,7/1/1923,3.5,1923
1,8/1/1923,0.5,1923
1,9/1/1923,13.2,1923
1,10/1/1923,11.6,1923
1,11/1/1923,10,1923
1,12/1/1923,2.8,1923
1,1/1/1924,0.5,1924
1,2/1/1924,5.1,1924
1,3/1/1924,1.8,1924
1,4/1/1924,11.3,1924
1,5/1/1924,20.8,1924
1,6/1/1924,24,1924
1,7/1/1924,28.1,1924
1,8/1/1924,19.3,1924
1,9/1/1924,25.1,1924
1,10/1/1924,25.6,1924
1,11/1/1924,22.5,1924
1,12/1/1924,16.5,1924
1,1/1/1925,5.5,1925
1,2/1/1925,23.2,1925
1,3/1/1925,18,1925
1,4/1/1925,31.7,1925
1,5/1/1925,42.8,1925
1,6/1/1925,47.5,1925
1,7/1/1925,38.5,1925
1,8/1/1925,37.9,1925
1,9/1/1925,60.2,1925
1,10/1/1925,69.2,1925
1,11/1/1925,58.6,1925
1,12/1/1925,98.6,1925
1,1/1/1926,71.8,1926
1,2/1/1926,70,1926
1,3/1/1926,62.5,1926
1,4/1/1926,38.5,1926
1,5/1/1926,64.3,1926
1,6/1/1926,73.5,1926
1,7/1/1926,52.3,1926
1,8/1/1926,61.6,1926
1,9/1/1926,60.8,1926
1,10/1/1926,71.5,1926
1,11/1/1926,60.5,1926
1,12/1/1926,79.4,1926
1,1/1/1927,81.6,1927
1,2/1/1927,93,1927
1,3/1/1927,69.6,1927
1,4/1/1927,93.5,1927
1,5/1/1927,79.1,1927
1,6/1/1927,59.1,1927
1,7/1/1927,54.9,1927
1,8/1/1927,53.8,1927
1,9/1/1927,68.4,1927
1,10/1/1927,63.1,1927
1,11/1/1927,67.2,1927
1,12/1/1927,45.2,1927
1,1/1/1928,83.5,1928
1,2/1/1928,73.5,1928
1,3/1/1928,85.4,1928
1,4/1/1928,80.6,1928
1,5/1/1928,76.9,1928
1,6/1/1928,91.4,1928
1,7/1/1928,98,1928
1,8/1/1928,83.8,1928
1,9/1/1928,89.7,1928
1,10/1/1928,61.4,1928
1,11/1/1928,50.3,1928
1,12/1/1928,59,1928
1,1/1/1929,68.9,1929
1,2/1/1929,64.1,1929
1,3/1/1929,50.2,1929
1,4/1/1929,52.8,1929
1,5/1/1929,58.2,1929
1,6/1/1929,71.9,1929
1,7/1/1929,70.2,1929
1,8/1/1929,65.8,1929
1,9/1/1929,34.4,1929
1,10/1/1929,54,1929
1,11/1/1929,81.1,1929
1,12/1/1929,108,1929
1,1/1/1930,65.3,1930
1,2/1/1930,49.2,1930
1,3/1/1930,35,1930
1,4/1/1930,38.2,1930
1,5/1/1930,36.8,1930
1,6/1/1930,28.8,1930
1,7/1/1930,21.9,1930
1,8/1/1930,24.9,1930
1,9/1/1930,32.1,1930
1,10/1/1930,34.4,1930
1,11/1/1930,35.6,1930
1,12/1/1930,25.8,1930
1,1/1/1931,14.6,1931
1,2/1/1931,43.1,1931
1,3/1/1931,30,1931
1,4/1/1931,31.2,1931
1,5/1/1931,24.6,1931
1,6/1/1931,15.3,1931
1,7/1/1931,17.4,1931
1,8/1/1931,13,1931
1,9/1/1931,19,1931
1,10/1/1931,10,1931
1,11/1/1931,18.7,1931
1,12/1/1931,17.8,1931
1,1/1/1932,12.1,1932
1,2/1/1932,10.6,1932
1,3/1/1932,11.2,1932
1,4/1/1932,11.2,1932
1,5/1/1932,17.9,1932
1,6/1/1932,22.2,1932
1,7/1/1932,9.6,1932
1,8/1/1932,6.8,1932
1,9/1/1932,4,1932
1,10/1/1932,8.9,1932
1,11/1/1932,8.2,1932
1,12/1/1932,11,1932
1,1/1/1933,12.3,1933
1,2/1/1933,22.2,1933
1,3/1/1933,10.1,1933
1,4/1/1933,2.9,1933
1,5/1/1933,3.2,1933
1,6/1/1933,5.2,1933
1,7/1/1933,2.8,1933
1,8/1/1933,0.2,1933
1,9/1/1933,5.1,1933
1,10/1/1933,3,1933
1,11/1/1933,0.6,1933
1,12/1/1933,0.3,1933
1,1/1/1934,3.4,1934
1,2/1/1934,7.8,1934
1,3/1/1934,4.3,1934
1,4/1/1934,11.3,1934
1,5/1/1934,19.7,1934
1,6/1/1934,6.7,1934
1,7/1/1934,9.3,1934
1,8/1/1934,8.3,1934
1,9/1/1934,4,1934
1,10/1/1934,5.7,1934
1,11/1/1934,8.7,1934
1,12/1/1934,15.4,1934
1,1/1/1935,18.9,1935
1,2/1/1935,20.5,1935
1,3/1/1935,23.1,1935
1,4/1/1935,12.2,1935
1,5/1/1935,27.3,1935
1,6/1/1935,45.7,1935
1,7/1/1935,33.9,1935
1,8/1/1935,30.1,1935
1,9/1/1935,42.1,1935
1,10/1/1935,53.2,1935
1,11/1/1935,64.2,1935
1,12/1/1935,61.5,1935
1,1/1/1936,62.8,1936
1,2/1/1936,74.3,1936
1,3/1/1936,77.1,1936
1,4/1/1936,74.9,1936
1,5/1/1936,54.6,1936
1,6/1/1936,70,1936
1,7/1/1936,52.3,1936
1,8/1/1936,87,1936
1,9/1/1936,76,1936
1,10/1/1936,89,1936
1,11/1/1936,115.4,1936
1,12/1/1936,123.4,1936
1,1/1/1937,132.5,1937
1,2/1/1937,128.5,1937
1,3/1/1937,83.9,1937
1,4/1/1937,109.3,1937
1,5/1/1937,116.7,1937
1,6/1/1937,130.3,1937
1,7/1/1937,145.1,1937
1,8/1/1937,137.7,1937
1,9/1/1937,100.7,1937
1,10/1/1937,124.9,1937
1,11/1/1937,74.4,1937
1,12/1/1937,88.8,1937
1,1/1/1938,98.4,1938
1,2/1/1938,119.2,1938
1,3/1/1938,86.5,1938
1,4/1/1938,101,1938
1,5/1/1938,127.4,1938
1,6/1/1938,97.5,1938
1,7/1/1938,165.3,1938
1,8/1/1938,115.7,1938
1,9/1/1938,89.6,1938
1,10/1/1938,99.1,1938
1,11/1/1938,122.2,1938
1,12/1/1938,92.7,1938
1,1/1/1939,80.3,1939
1,2/1/1939,77.4,1939
1,3/1/1939,64.6,1939
1,4/1/1939,109.1,1939
1,5/1/1939,118.3,1939
1,6/1/1939,101,1939
1,7/1/1939,97.6,1939
1,8/1/1939,105.8,1939
1,9/1/1939,112.6,1939
1,10/1/1939,88.1,1939
1,11/1/1939,68.1,1939
1,12/1/1939,42.1,1939
1,1/1/1940,50.5,1940
1,2/1/1940,59.4,1940
1,3/1/1940,83.3,1940
1,4/1/1940,60.7,1940
1,5/1/1940,54.4,1940
1,6/1/1940,83.9,1940
1,7/1/1940,67.5,1940
1,8/1/1940,105.5,1940
1,9/1/1940,66.5,1940
1,10/1/1940,55,1940
1,11/1/1940,58.4,1940
1,12/1/1940,68.3,1940
1,1/1/1941,45.6,1941
1,2/1/1941,44.5,1941
1,3/1/1941,46.4,1941
1,4/1/1941,32.8,1941
1,5/1/1941,29.5,1941
1,6/1/1941,59.8,1941
1,7/1/1941,66.9,1941
1,8/1/1941,60,1941
1,9/1/1941,65.9,1941
1,10/1/1941,46.3,1941
1,11/1/1941,38.3,1941
1,12/1/1941,33.7,1941
1,1/1/1942,35.6,1942
1,2/1/1942,52.8,1942
1,3/1/1942,54.2,1942
1,4/1/1942,60.7,1942
1,5/1/1942,25,1942
1,6/1/1942,11.4,1942
1,7/1/1942,17.7,1942
1,8/1/1942,20.2,1942
1,9/1/1942,17.2,1942
1,10/1/1942,19.2,1942
1,11/1/1942,30.7,1942
1,12/1/1942,22.5,1942
1,1/1/1943,12.4,1943
1,2/1/1943,28.9,1943
1,3/1/1943,27.4,1943
1,4/1/1943,26.1,1943
1,5/1/1943,14.1,1943
1,6/1/1943,7.6,1943
1,7/1/1943,13.2,1943
1,8/1/1943,19.4,1943
1,9/1/1943,10,1943
1,10/1/1943,7.8,1943
1,11/1/1943,10.2,1943
1,12/1/1943,18.8,1943
1,1/1/1944,3.7,1944
1,2/1/1944,0.5,1944
1,3/1/1944,11,1944
1,4/1/1944,0.3,1944
1,5/1/1944,2.5,1944
1,6/1/1944,5,1944
1,7/1/1944,5,1944
1,8/1/1944,16.7,1944
1,9/1/1944,14.3,1944
1,10/1/1944,16.9,1944
1,11/1/1944,10.8,1944
1,12/1/1944,28.4,1944
1,1/1/1945,18.5,1945
1,2/1/1945,12.7,1945
1,3/1/1945,21.5,1945
1,4/1/1945,32,1945
1,5/1/1945,30.6,1945
1,6/1/1945,36.2,1945
1,7/1/1945,42.6,1945
1,8/1/1945,25.9,1945
1,9/1/1945,34.9,1945
1,10/1/1945,68.8,1945
1,11/1/1945,46,1945
1,12/1/1945,27.4,1945
1,1/1/1946,47.6,1946
1,2/1/1946,86.2,1946
1,3/1/1946,76.6,1946
1,4/1/1946,75.7,1946
1,5/1/1946,84.9,1946
1,6/1/1946,73.5,1946
1,7/1/1946,116.2,1946
1,8/1/1946,107.2,1946
1,9/1/1946,94.4,1946
1,10/1/1946,102.3,1946
1,11/1/1946,123.8,1946
1,12/1/1946,121.7,1946
1,1/1/1947,115.7,1947
1,2/1/1947,113.4,1947
1,3/1/1947,129.8,1947
1,4/1/1947,149.8,1947
1,5/1/1947,201.3,1947
1,6/1/1947,163.9,1947
1,7/1/1947,157.9,1947
1,8/1/1947,188.8,1947
1,9/1/1947,169.4,1947
1,10/1/1947,163.6,1947
1,11/1/1947,128,1947
1,12/1/1947,116.5,1947
1,1/1/1948,108.5,1948
1,2/1/1948,86.1,1948
1,3/1/1948,94.8,1948
1,4/1/1948,189.7,1948
1,5/1/1948,174,1948
1,6/1/1948,167.8,1948
1,7/1/1948,142.2,1948
1,8/1/1948,157.9,1948
1,9/1/1948,143.3,1948
1,10/1/1948,136.3,1948
1,11/1/1948,95.8,1948
1,12/1/1948,138,1948
1,1/1/1949,119.1,1949
1,2/1/1949,182.3,1949
1,3/1/1949,157.5,1949
1,4/1/1949,147,1949
1,5/1/1949,106.2,1949
1,6/1/1949,121.7,1949
1,7/1/1949,125.8,1949
1,8/1/1949,123.8,1949
1,9/1/1949,145.3,1949
1,10/1/1949,131.6,1949
1,11/1/1949,143.5,1949
1,12/1/1949,117.6,1949
1,1/1/1950,101.6,1950
1,2/1/1950,94.8,1950
1,3/1/1950,109.7,1950
1,4/1/1950,113.4,1950
1,5/1/1950,106.2,1950
1,6/1/1950,83.6,1950
1,7/1/1950,91,1950
1,8/1/1950,85.2,1950
1,9/1/1950,51.3,1950
1,10/1/1950,61.4,1950
1,11/1/1950,54.8,1950
1,12/1/1950,54.1,1950
1,1/1/1951,59.9,1951
1,2/1/1951,59.9,1951
1,3/1/1951,59.9,1951
1,4/1/1951,92.9,1951
1,5/1/1951,108.5,1951
1,6/1/1951,100.6,1951
1,7/1/1951,61.5,1951
1,8/1/1951,61,1951
1,9/1/1951,83.1,1951
1,10/1/1951,51.6,1951
1,11/1/1951,52.4,1951
1,12/1/1951,45.8,1951
1,1/1/1952,40.7,1952
1,2/1/1952,22.7,1952
1,3/1/1952,22,1952
1,4/1/1952,29.1,1952
1,5/1/1952,23.4,1952
1,6/1/1952,36.4,1952
1,7/1/1952,39.3,1952
1,8/1/1952,54.9,1952
1,9/1/1952,28.2,1952
1,10/1/1952,23.8,1952
1,11/1/1952,22.1,1952
1,12/1/1952,34.3,1952
1,1/1/1953,26.5,1953
1,2/1/1953,3.9,1953
1,3/1/1953,10,1953
1,4/1/1953,27.8,1953
1,5/1/1953,12.5,1953
1,6/1/1953,21.8,1953
1,7/1/1953,8.6,1953
1,8/1/1953,23.5,1953
1,9/1/1953,19.3,1953
1,10/1/1953,8.2,1953
1,11/1/1953,1.6,1953
1,12/1/1953,2.5,1953
1,1/1/1954,0.2,1954
1,2/1/1954,0.5,1954
1,3/1/1954,10.9,1954
1,4/1/1954,1.8,1954
1,5/1/1954,0.8,1954
1,6/1/1954,0.2,1954
1,7/1/1954,4.8,1954
1,8/1/1954,8.4,1954
1,9/1/1954,1.5,1954
1,10/1/1954,7,1954
1,11/1/1954,9.2,1954
1,12/1/1954,7.6,1954
1,1/1/1955,23.1,1955
1,2/1/1955,20.8,1955
1,3/1/1955,4.9,1955
1,4/1/1955,11.3,1955
1,5/1/1955,28.9,1955
1,6/1/1955,31.7,1955
1,7/1/1955,26.7,1955
1,8/1/1955,40.7,1955
1,9/1/1955,42.7,1955
1,10/1/1955,58.5,1955
1,11/1/1955,89.2,1955
1,12/1/1955,76.9,1955
1,1/1/1956,73.6,1956
1,2/1/1956,124,1956
1,3/1/1956,118.4,1956
1,4/1/1956,110.7,1956
1,5/1/1956,136.6,1956
1,6/1/1956,116.6,1956
1,7/1/1956,129.1,1956
1,8/1/1956,169.6,1956
1,9/1/1956,173.2,1956
1,10/1/1956,155.3,1956
1,11/1/1956,201.3,1956
1,12/1/1956,192.1,1956
1,1/1/1957,165,1957
1,2/1/1957,130.2,1957
1,3/1/1957,157.4,1957
1,4/1/1957,175.2,1957
1,5/1/1957,164.6,1957
1,6/1/1957,200.7,1957
1,7/1/1957,187.2,1957
1,8/1/1957,158,1957
1,9/1/1957,235.8,1957
1,10/1/1957,253.8,1957
1,11/1/1957,210.9,1957
1,12/1/1957,239.4,1957
1,1/1/1958,202.5,1958
1,2/1/1958,164.9,1958
1,3/1/1958,190.7,1958
1,4/1/1958,196,1958
1,5/1/1958,175.3,1958
1,6/1/1958,171.5,1958
1,7/1/1958,191.4,1958
1,8/1/1958,200.2,1958
1,9/1/1958,201.2,1958
1,10/1/1958,181.5,1958
1,11/1/1958,152.3,1958
1,12/1/1958,187.6,1958
1,1/1/1959,217.4,1959
1,2/1/1959,143.1,1959
1,3/1/1959,185.7,1959
1,4/1/1959,163.3,1959
1,5/1/1959,172,1959
1,6/1/1959,168.7,1959
1,7/1/1959,149.6,1959
1,8/1/1959,199.6,1959
1,9/1/1959,145.2,1959
1,10/1/1959,111.4,1959
1,11/1/1959,124,1959
1,12/1/1959,125,1959
1,1/1/1960,146.3,1960
1,2/1/1960,106,1960
1,3/1/1960,102.2,1960
1,4/1/1960,122,1960
1,5/1/1960,119.6,1960
1,6/1/1960,110.2,1960
1,7/1/1960,121.7,1960
1,8/1/1960,134.1,1960
1,9/1/1960,127.2,1960
1,10/1/1960,82.8,1960
1,11/1/1960,89.6,1960
1,12/1/1960,85.6,1960
1,1/1/1961,57.9,1961
1,2/1/1961,46.1,1961
1,3/1/1961,53,1961
1,4/1/1961,61.4,1961
1,5/1/1961,51,1961
1,6/1/1961,77.4,1961
1,7/1/1961,70.2,1961
1,8/1/1961,55.9,1961
1,9/1/1961,63.6,1961
1,10/1/1961,37.7,1961
1,11/1/1961,32.6,1961
1,12/1/1961,40,1961
1,1/1/1962,38.7,1962
1,2/1/1962,50.3,1962
1,3/1/1962,45.6,1962
1,4/1/1962,46.4,1962
1,5/1/1962,43.7,1962
1,6/1/1962,42,1962
1,7/1/1962,21.8,1962
1,8/1/1962,21.8,1962
1,9/1/1962,51.3,1962
1,10/1/1962,39.5,1962
1,11/1/1962,26.9,1962
1,12/1/1962,23.2,1962
1,1/1/1963,19.8,1963
1,2/1/1963,24.4,1963
1,3/1/1963,17.1,1963
1,4/1/1963,29.3,1963
1,5/1/1963,43,1963
1,6/1/1963,35.9,1963
1,7/1/1963,19.6,1963
1,8/1/1963,33.2,1963
1,9/1/1963,38.8,1963
1,10/1/1963,35.3,1963
1,11/1/1963,23.4,1963
1,12/1/1963,14.9,1963
1,1/1/1964,15.3,1964
1,2/1/1964,17.7,1964
1,3/1/1964,16.5,1964
1,4/1/1964,8.6,1964
1,5/1/1964,9.5,1964
1,6/1/1964,9.1,1964
1,7/1/1964,3.1,1964
1,8/1/1964,9.3,1964
1,9/1/1964,4.7,1964
1,10/1/1964,6.1,1964
1,11/1/1964,7.4,1964
1,12/1/1964,15.1,1964
1,1/1/1965,17.5,1965
1,2/1/1965,14.2,1965
1,3/1/1965,11.7,1965
1,4/1/1965,6.8,1965
1,5/1/1965,24.1,1965
1,6/1/1965,15.9,1965
1,7/1/1965,11.9,1965
1,8/1/1965,8.9,1965
1,9/1/1965,16.8,1965
1,10/1/1965,20.1,1965
1,11/1/1965,15.8,1965
1,12/1/1965,17,1965
1,1/1/1966,28.2,1966
1,2/1/1966,24.4,1966
1,3/1/1966,25.3,1966
1,4/1/1966,48.7,1966
1,5/1/1966,45.3,1966
1,6/1/1966,47.7,1966
1,7/1/1966,56.7,1966
1,8/1/1966,51.2,1966
1,9/1/1966,50.2,1966
1,10/1/1966,57.2,1966
1,11/1/1966,57.2,1966
1,12/1/1966,70.4,1966
1,1/1/1967,110.9,1967
1,2/1/1967,93.6,1967
1,3/1/1967,111.8,1967
1,4/1/1967,69.5,1967
1,5/1/1967,86.5,1967
1,6/1/1967,67.3,1967
1,7/1/1967,91.5,1967
1,8/1/1967,107.2,1967
1,9/1/1967,76.8,1967
1,10/1/1967,88.2,1967
1,11/1/1967,94.3,1967
1,12/1/1967,126.4,1967
1,1/1/1968,121.8,1968
1,2/1/1968,111.9,1968
1,3/1/1968,92.2,1968
1,4/1/1968,81.2,1968
1,5/1/1968,127.2,1968
1,6/1/1968,110.3,1968
1,7/1/1968,96.1,1968
1,8/1/1968,109.3,1968
1,9/1/1968,117.2,1968
1,10/1/1968,107.7,1968
1,11/1/1968,86,1968
1,12/1/1968,109.8,1968
1,1/1/1969,104.4,1969
1,2/1/1969,120.5,1969
1,3/1/1969,135.8,1969
1,4/1/1969,106.8,1969
1,5/1/1969,120,1969
1,6/1/1969,106,1969
1,7/1/1969,96.8,1969
1,8/1/1969,98,1969
1,9/1/1969,91.3,1969
1,10/1/1969,95.7,1969
1,11/1/1969,93.5,1969
1,12/1/1969,97.9,1969
1,1/1/1970,111.5,1970
1,2/1/1970,127.8,1970
1,3/1/1970,102.9,1970
1,4/1/1970,109.5,1970
1,5/1/1970,127.5,1970
1,6/1/1970,106.8,1970
1,7/1/1970,112.5,1970
1,8/1/1970,93,1970
1,9/1/1970,99.5,1970
1,10/1/1970,86.6,1970
1,11/1/1970,95.2,1970
1,12/1/1970,83.5,1970
1,1/1/1971,91.3,1971
1,2/1/1971,79,1971
1,3/1/1971,60.7,1971
1,4/1/1971,71.8,1971
1,5/1/1971,57.5,1971
1,6/1/1971,49.8,1971
1,7/1/1971,81,1971
1,8/1/1971,61.4,1971
1,9/1/1971,50.2,1971
1,10/1/1971,51.7,1971
1,11/1/1971,63.2,1971
1,12/1/1971,82.2,1971
1,1/1/1972,61.5,1972
1,2/1/1972,88.4,1972
1,3/1/1972,80.1,1972
1,4/1/1972,63.2,1972
1,5/1/1972,80.5,1972
1,6/1/1972,88,1972
1,7/1/1972,76.5,1972
1,8/1/1972,76.8,1972
1,9/1/1972,64,1972
1,10/1/1972,61.3,1972
1,11/1/1972,41.6,1972
1,12/1/1972,45.3,1972
1,1/1/1973,43.4,1973
1,2/1/1973,42.9,1973
1,3/1/1973,46,1973
1,4/1/1973,57.7,1973
1,5/1/1973,42.4,1973
1,6/1/1973,39.5,1973
1,7/1/1973,23.1,1973
1,8/1/1973,25.6,1973
1,9/1/1973,59.3,1973
1,10/1/1973,30.7,1973
1,11/1/1973,23.9,1973
1,12/1/1973,23.3,1973
1,1/1/1974,27.6,1974
1,2/1/1974,26,1974
1,3/1/1974,21.3,1974
1,4/1/1974,40.3,1974
1,5/1/1974,39.5,1974
1,6/1/1974,36,1974
1,7/1/1974,55.8,1974
1,8/1/1974,33.6,1974
1,9/1/1974,40.2,1974
1,10/1/1974,47.1,1974
1,11/1/1974,25,1974
1,12/1/1974,20.5,1974
1,1/1/1975,18.9,1975
1,2/1/1975,11.5,1975
1,3/1/1975,11.5,1975
1,4/1/1975,5.1,1975
1,5/1/1975,9,1975
1,6/1/1975,11.4,1975
1,7/1/1975,28.2,1975
1,8/1/1975,39.7,1975
1,9/1/1975,13.9,1975
1,10/1/1975,9.1,1975
1,11/1/1975,19.4,1975
1,12/1/1975,7.8,1975
1,1/1/1976,8.1,1976
1,2/1/1976,4.3,1976
1,3/1/1976,21.9,1976
1,4/1/1976,18.8,1976
1,5/1/1976,12.4,1976
1,6/1/1976,12.2,1976
1,7/1/1976,1.9,1976
1,8/1/1976,16.4,1976
1,9/1/1976,13.5,1976
1,10/1/1976,20.6,1976
1,11/1/1976,5.2,1976
1,12/1/1976,15.3,1976
1,1/1/1977,16.4,1977
1,2/1/1977,23.1,1977
1,3/1/1977,8.7,1977
1,4/1/1977,12.9,1977
1,5/1/1977,18.6,1977
1,6/1/1977,38.5,1977
1,7/1/1977,21.4,1977
1,8/1/1977,30.1,1977
1,9/1/1977,44,1977
1,10/1/1977,43.8,1977
1,11/1/1977,29.1,1977
1,12/1/1977,43.2,1977
1,1/1/1978,51.9,1978
1,2/1/1978,93.6,1978
1,3/1/1978,76.5,1978
1,4/1/1978,99.7,1978
1,5/1/1978,82.7,1978
1,6/1/1978,95.1,1978
1,7/1/1978,70.4,1978
1,8/1/1978,58.1,1978
1,9/1/1978,138.2,1978
1,10/1/1978,125.1,1978
1,11/1/1978,97.9,1978
1,12/1/1978,122.7,1978
1,1/1/1979,166.6,1979
1,2/1/1979,137.5,1979
1,3/1/1979,138,1979
1,4/1/1979,101.5,1979
1,5/1/1979,134.4,1979
1,6/1/1979,149.5,1979
1,7/1/1979,159.4,1979
1,8/1/1979,142.2,1979
1,9/1/1979,188.4,1979
1,10/1/1979,186.2,1979
1,11/1/1979,183.3,1979
1,12/1/1979,176.3,1979
1,1/1/1980,159.6,1980
1,2/1/1980,155,1980
1,3/1/1980,126.2,1980
1,4/1/1980,164.1,1980
1,5/1/1980,179.9,1980
1,6/1/1980,157.3,1980
1,7/1/1980,136.3,1980
1,8/1/1980,135.4,1980
1,9/1/1980,155,1980
1,10/1/1980,164.7,1980
1,11/1/1980,147.9,1980
1,12/1/1980,174.4,1980
1,1/1/1981,114,1981
1,2/1/1981,141.3,1981
1,3/1/1981,135.5,1981
1,4/1/1981,156.4,1981
1,5/1/1981,127.5,1981
1,6/1/1981,90,1981
1,7/1/1981,143.8,1981
1,8/1/1981,158.7,1981
1,9/1/1981,167.3,1981
1,10/1/1981,162.4,1981
1,11/1/1981,137.5,1981
1,12/1/1981,150.1,1981
1,1/1/1982,111.2,1982
1,2/1/1982,163.6,1982
1,3/1/1982,153.8,1982
1,4/1/1982,122,1982
1,5/1/1982,82.2,1982
1,6/1/1982,110.4,1982
1,7/1/1982,106.1,1982
1,8/1/1982,107.6,1982
1,9/1/1982,118.8,1982
1,10/1/1982,94.7,1982
1,11/1/1982,98.1,1982
1,12/1/1982,127,1982
1,1/1/1983,84.3,1983
1,2/1/1983,51,1983
1,3/1/1983,66.5,1983
1,4/1/1983,80.7,1983
1,5/1/1983,99.2,1983
1,6/1/1983,91.1,1983
1,7/1/1983,82.2,1983
1,8/1/1983,71.8,1983
1,9/1/1983,50.3,1983
1,10/1/1983,55.8,1983
1,11/1/1983,33.3,1983
1,12/1/1983,33.4,1983
