series,date,flow,melting,rainfalls
river_flow,2000-01-06,0.079,0.054,0.89
river_flow,2000-01-07,0.113,0.251,-1.231
river_flow,2000-01-08,0.481,0.185,1.044
river_flow,2000-01-09,0.071,0.077,-0.287
river_flow,2000-01-10,0.096,0.193,0.163
river_flow,2000-01-11,-0.171,0.108,-1.007
river_flow,2000-01-12,0.141,0.123,-0.181
river_flow,2000-01-13,-0.129,0.209,-0.918
river_flow,2000-01-14,-0.273,0.008,-0.529
river_flow,2000-01-15,-0.022,0.042,0.957
river_flow,2000-01-16,0.179,0.174,0.122
river_flow,2000-01-17,0.056,0.143,0.5
river_flow,2000-01-18,0.374,0.291,0.922
river_flow,2000-01-19,0.198,0.184,0.735
river_flow,2000-01-20,0.2,0.148,0.466
river_flow,2000-01-21,0.436,0.45,0.399
river_flow,2000-01-22,0.593,0.296,1.202
river_flow,2000-01-23,0.437,0.34,-0.246
river_flow,2000-01-24,0.214,0.205,-0.29
river_flow,2000-01-25,0.184,0.307,0.038
river_flow,2000-01-26,0.177,0.387,0.065
river_flow,2000-01-27,0.185,0.274,0.203
river_flow,2000-01-28,0.27,0.441,0.102
river_flow,2000-01-29,0.041,0.357,-0.572
river_flow,2000-01-30,0.19,0.402,1.034
river_flow,2000-01-31,0.278,0.384,-0.182
river_flow,2000-02-01,0.196,0.643,0.639
river_flow,2000-02-02,0.317,0.47,0.11
river_flow,2000-02-03,0.584,0.378,0.359
river_flow,2000-02-04,0.307,0.579,0.381
river_flow,2000-02-05,0.321,0.388,0.161
river_flow,2000-02-06,0.357,0.544,-0.006
river_flow,2000-02-07,0.44,0.339,0.416
river_flow,2000-02-08,0.24,0.415,-0.261
river_flow,2000-02-09,0.195,0.58,-0.61
river_flow,2000-02-10,0.289,0.646,0.091
river_flow,2000-02-11,0.415,0.601,0.378
river_flow,2000-02-12,0.008,0.584,-0.614
river_flow,2000-02-13,-0.003,0.577,0.516
river_flow,2000-02-14,0.502,0.47,0.742
river_flow,2000-02-15,0.39,0.558,0.339
river_flow,2000-02-16,0.595,0.594,1.175
river_flow,2000-02-17,0.404,0.757,0.316
river_flow,2000-02-18,0.663,0.696,0.28
river_flow,2000-02-19,0.316,0.496,-0.087
river_flow,2000-02-20,0.499,0.715,-0.209
river_flow,2000-02-21,0.235,0.654,-0.939
river_flow,2000-02-22,0.067,0.635,-1.207
river_flow,2000-02-23,0.094,0.773,0.31
river_flow,2000-02-24,0.031,0.824,-0.814
river_flow,2000-02-25,0.032,0.824,-0.713
river_flow,2000-02-26,0.035,0.655,-1.077
river_flow,2000-02-27,0.275,0.717,-0.103
river_flow,2000-02-28,-0.068,0.79,-0.271
river_flow,2000-02-29,0.488,0.862,1.308
river_flow,2000-03-01,0.507,0.725,0.992
river_flow,2000-03-02,0.435,0.762,0.047
river_flow,2000-03-03,0.568,0.678,1.343
river_flow,2000-03-04,0.794,0.676,0.491
river_flow,2000-03-05,0.773,0.884,-0.379
river_flow,2000-03-06,0.336,0.945,-1.641
river_flow,2000-03-07,0.579,0.809,0.658
river_flow,2000-03-08,-0.012,0.923,-1.182
river_flow,2000-03-09,-0.039,0.865,-1.214
river_flow,2000-03-10,0.008,0.77,0.294
river_flow,2000-03-11,0.487,0.877,1.22
river_flow,2000-03-12,0.496,1.0,0.909
river_flow,2000-03-13,0.608,0.847,0.673
river_flow,2000-03-14,0.56,1.012,0.785
river_flow,2000-03-15,0.855,0.599,0.914
river_flow,2000-03-16,0.887,0.947,0.77
river_flow,2000-03-17,0.89,0.878,0.358
river_flow,2000-03-18,0.835,0.843,0.052
river_flow,2000-03-19,0.584,0.886,-0.248
river_flow,2000-03-20,0.384,0.681,-0.768
river_flow,2000-03-21,0.469,0.861,-0.628
river_flow,2000-03-22,-0.032,0.922,-1.334
river_flow,2000-03-23,0.112,1.036,-0.44
river_flow,2000-03-24,0.004,0.839,-0.711
river_flow,2000-03-25,-0.034,0.812,-0.552
river_flow,2000-03-26,0.192,0.845,0.307
river_flow,2000-03-27,0.381,0.988,1.087
river_flow,2000-03-28,0.558,0.93,0.947
river_flow,2000-03-29,0.572,0.846,-0.298
river_flow,2000-03-30,0.491,0.951,-0.104
river_flow,2000-03-31,0.546,0.909,0.687
river_flow,2000-04-01,0.636,0.997,-0.491
river_flow,2000-04-02,0.297,0.83,-0.329
river_flow,2000-04-03,0.454,0.867,-0.116
river_flow,2000-04-04,0.4,0.86,-0.972
river_flow,2000-04-05,0.048,0.752,-0.435
river_flow,2000-04-06,0.14,0.927,-1.058
river_flow,2000-04-07,0.224,0.922,-0.518
river_flow,2000-04-08,0.053,0.894,0.16
river_flow,2000-04-09,0.14,0.869,-0.58
river_flow,2000-04-10,0.284,0.748,0.611
river_flow,2000-04-11,0.557,0.845,0.478
river_flow,2000-04-12,0.579,0.85,0.764
river_flow,2000-04-13,0.565,0.801,0.503
river_flow,2000-04-14,0.902,0.862,0.899
river_flow,2000-04-15,0.819,0.915,0.063
river_flow,2000-04-16,0.7,1.06,-0.432
river_flow,2000-04-17,0.504,0.885,-0.33
river_flow,2000-04-18,0.318,0.889,-0.216
river_flow,2000-04-19,0.21,0.851,-0.463
river_flow,2000-04-20,0.329,0.662,-0.371
river_flow,2000-04-21,0.377,0.846,-0.568
river_flow,2000-04-22,0.388,0.849,-0.331
river_flow,2000-04-23,0.288,1.084,-0.484
river_flow,2000-04-24,0.226,0.813,1.266
river_flow,2000-04-25,0.411,0.856,-0.134
river_flow,2000-04-26,0.369,0.816,0.141
river_flow,2000-04-27,0.468,0.696,0.032
river_flow,2000-04-28,0.764,0.921,0.664
river_flow,2000-04-29,0.661,0.874,-0.147
river_flow,2000-04-30,0.849,0.871,0.407
river_flow,2000-05-01,0.491,0.694,-0.728
river_flow,2000-05-02,0.315,0.917,-0.348
river_flow,2000-05-03,0.342,0.629,-0.905
river_flow,2000-05-04,0.437,0.819,0.682
river_flow,2000-05-05,0.193,0.971,-0.811
river_flow,2000-05-06,0.404,0.645,0.155
river_flow,2000-05-07,0.447,0.678,0.534
river_flow,2000-05-08,0.48,0.736,0.598
river_flow,2000-05-09,0.563,0.666,0.395
river_flow,2000-05-10,0.738,0.552,0.423
river_flow,2000-05-11,0.642,0.704,0.413
river_flow,2000-05-12,0.475,0.581,0.143
river_flow,2000-05-13,0.498,0.725,0.482
river_flow,2000-05-14,0.458,0.575,0.888
river_flow,2000-05-15,0.446,0.812,-0.67
river_flow,2000-05-16,0.397,0.568,-1.172
river_flow,2000-05-17,0.236,0.603,-0.532
river_flow,2000-05-18,0.471,0.705,0.899
river_flow,2000-05-19,0.078,0.49,-0.619
river_flow,2000-05-20,0.412,0.624,0.82
river_flow,2000-05-21,0.337,0.72,1.056
river_flow,2000-05-22,0.49,0.417,0.114
river_flow,2000-05-23,0.636,0.584,0.772
river_flow,2000-05-24,0.736,0.58,1.302
river_flow,2000-05-25,0.627,0.62,0.201
river_flow,2000-05-26,0.603,0.405,0.115
river_flow,2000-05-27,0.267,0.384,-0.291
river_flow,2000-05-28,0.317,0.556,-0.724
river_flow,2000-05-29,0.237,0.52,-0.716
river_flow,2000-05-30,0.096,0.503,-1.099
river_flow,2000-05-31,-0.077,0.499,-0.47
river_flow,2000-06-01,-0.181,0.383,-0.776
river_flow,2000-06-02,-0.038,0.461,-0.1
river_flow,2000-06-03,-0.128,0.453,-0.778
river_flow,2000-06-04,0.147,0.339,0.382
river_flow,2000-06-05,0.245,0.583,0.808
river_flow,2000-06-06,0.221,0.43,-0.509
river_flow,2000-06-07,0.236,0.249,0.674
river_flow,2000-06-08,0.247,0.42,1.005
river_flow,2000-06-09,0.438,0.242,-0.388
river_flow,2000-06-10,0.405,0.404,0.836
river_flow,2000-06-11,0.341,0.427,-0.007
river_flow,2000-06-12,0.264,0.214,-0.743
river_flow,2000-06-13,0.089,0.378,-0.515
river_flow,2000-06-14,0.163,0.308,-0.208
river_flow,2000-06-15,0.081,0.334,-0.353
river_flow,2000-06-16,0.105,0.427,0.052
river_flow,2000-06-17,-0.178,0.198,-0.46
river_flow,2000-06-18,0.244,0.132,0.302
river_flow,2000-06-19,0.103,0.103,-0.316
river_flow,2000-06-20,0.131,0.095,0.432
river_flow,2000-06-21,0.227,0.154,0.036
river_flow,2000-06-22,-0.031,0.181,0.023
river_flow,2000-06-23,0.208,0.159,0.835
river_flow,2000-06-24,0.136,0.199,0.546
river_flow,2000-06-25,0.065,0.102,0.088
river_flow,2000-06-26,-0.02,0.23,-0.937
river_flow,2000-06-27,0.19,0.043,-0.646
river_flow,2000-06-28,-0.067,0.326,0.119
river_flow,2000-06-29,0.083,0.101,-0.32
river_flow,2000-06-30,-0.087,-0.062,0.943
river_flow,2000-07-01,-0.026,-0.099,0.197
river_flow,2000-07-02,0.035,0.041,0.313
river_flow,2000-07-03,0.424,-0.046,0.236
river_flow,2000-07-04,0.259,0.033,0.554
river_flow,2000-07-05,0.085,-0.007,0.411
river_flow,2000-07-06,0.192,-0.077,0.745
river_flow,2000-07-07,0.335,-0.17,0.695
river_flow,2000-07-08,0.29,-0.252,-0.393
river_flow,2000-07-09,0.219,-0.161,-0.883
river_flow,2000-07-10,-0.154,-0.046,-1.309
river_flow,2000-07-11,-0.383,-0.125,-0.233
river_flow,2000-07-12,-0.512,-0.286,-1.039
river_flow,2000-07-13,-0.593,-0.16,-1.467
river_flow,2000-07-14,-0.584,-0.154,-0.023
river_flow,2000-07-15,-0.27,-0.296,1.246
river_flow,2000-07-16,-0.135,-0.207,0.214
river_flow,2000-07-17,-0.07,-0.231,0.81
river_flow,2000-07-18,0.201,-0.367,0.528
river_flow,2000-07-19,0.171,-0.231,0.438
river_flow,2000-07-20,0.113,-0.226,0.85
river_flow,2000-07-21,0.074,-0.188,0.072
river_flow,2000-07-22,0.176,-0.206,0.134
river_flow,2000-07-23,0.064,-0.463,-0.056
river_flow,2000-07-24,-0.273,-0.434,-0.725
river_flow,2000-07-25,-0.263,-0.303,0.009
river_flow,2000-07-26,-0.365,-0.317,-0.575
river_flow,2000-07-27,-0.379,-0.331,-0.769
river_flow,2000-07-28,-0.441,-0.011,0.051
river_flow,2000-07-29,-0.535,-0.353,-0.449
river_flow,2000-07-30,-0.395,-0.31,0.231
river_flow,2000-07-31,-0.314,-0.342,0.386
river_flow,2000-08-01,-0.02,-0.386,1.03
river_flow,2000-08-02,0.194,-0.496,0.725
river_flow,2000-08-03,0.026,-0.402,0.378
river_flow,2000-08-04,0.177,-0.568,0.626
river_flow,2000-08-05,0.12,-0.527,0.695
river_flow,2000-08-06,0.028,-0.565,0.062
river_flow,2000-08-07,0.057,-0.521,-0.386
river_flow,2000-08-08,-0.081,-0.31,-1.143
river_flow,2000-08-09,-0.593,-0.74,-1.02
river_flow,2000-08-10,-0.484,-0.497,-0.544
river_flow,2000-08-11,-0.563,-0.739,-0.522
river_flow,2000-08-12,-0.707,-0.637,-0.093
river_flow,2000-08-13,-0.266,-0.492,0.245
river_flow,2000-08-14,-0.242,-0.606,0.656
river_flow,2000-08-15,-0.287,-0.732,0.452
river_flow,2000-08-16,-0.262,-0.707,0.731
river_flow,2000-08-17,0.034,-0.578,0.423
river_flow,2000-08-18,-0.07,-0.73,-0.771
river_flow,2000-08-19,-0.211,-0.645,-0.47
river_flow,2000-08-20,-0.369,-0.673,-0.289
river_flow,2000-08-21,-0.524,-0.753,-0.996
river_flow,2000-08-22,-0.693,-0.483,-0.187
river_flow,2000-08-23,-0.426,-0.644,0.278
river_flow,2000-08-24,-0.303,-0.919,0.218
river_flow,2000-08-25,-0.46,-0.707,-0.324
river_flow,2000-08-26,-0.308,-0.801,0.745
river_flow,2000-08-27,-0.274,-0.658,0.291
river_flow,2000-08-28,-0.155,-0.832,0.222
river_flow,2000-08-29,-0.291,-0.772,0.181
river_flow,2000-08-30,-0.182,-0.718,0.336
river_flow,2000-08-31,-0.165,-0.69,0.197
river_flow,2000-09-01,-0.239,-0.905,0.302
river_flow,2000-09-02,-0.25,-0.825,0.08
river_flow,2000-09-03,-0.418,-0.847,-0.215
river_flow,2000-09-04,-0.342,-0.872,-0.172
river_flow,2000-09-05,-0.352,-0.636,0.108
river_flow,2000-09-06,-0.451,-0.779,-0.013
river_flow,2000-09-07,-0.592,-0.952,-1.133
river_flow,2000-09-08,-0.707,-0.74,-1.494
river_flow,2000-09-09,-0.56,-0.625,0.467
river_flow,2000-09-10,-0.626,-0.74,-0.466
river_flow,2000-09-11,-0.785,-1.0,0.279
river_flow,2000-09-12,-0.432,-0.902,-0.098
river_flow,2000-09-13,-0.255,-0.732,-0.414
river_flow,2000-09-14,-0.446,-0.934,0.662
river_flow,2000-09-15,-0.198,-0.823,0.597
river_flow,2000-09-16,-0.505,-0.794,-0.288
river_flow,2000-09-17,-0.52,-0.968,-1.512
river_flow,2000-09-18,-0.457,-0.884,-0.664
river_flow,2000-09-19,-0.706,-1.206,-0.292
river_flow,2000-09-20,-0.888,-0.987,-1.227
river_flow,2000-09-21,-0.865,-0.913,-0.299
river_flow,2000-09-22,-0.846,-1.015,-0.225
river_flow,2000-09-23,-0.701,-0.729,0.29
river_flow,2000-09-24,-0.728,-1.037,0.277
river_flow,2000-09-25,-0.57,-0.94,-0.096
river_flow,2000-09-26,-0.255,-0.884,1.086
river_flow,2000-09-27,-0.162,-0.754,0.408
river_flow,2000-09-28,-0.217,-1.043,0.377
river_flow,2000-09-29,-0.342,-0.783,-0.25
river_flow,2000-09-30,-0.28,-0.899,-0.222
river_flow,2000-10-01,-0.429,-0.998,-0.659
river_flow,2000-10-02,-0.492,-0.854,-0.477
river_flow,2000-10-03,-0.571,-0.879,0.368
river_flow,2000-10-04,-0.56,-0.959,-1.173
river_flow,2000-10-05,-0.887,-0.891,-1.198
river_flow,2000-10-06,-0.608,-0.935,0.519
river_flow,2000-10-07,-0.497,-0.883,-0.105
river_flow,2000-10-08,-0.724,-0.827,-0.118
river_flow,2000-10-09,-0.475,-0.732,0.911
river_flow,2000-10-10,-0.238,-1.012,0.185
river_flow,2000-10-11,-0.261,-0.673,1.4
river_flow,2000-10-12,-0.024,-1.078,0.73
river_flow,2000-10-13,0.143,-0.895,-0.027
river_flow,2000-10-14,-0.108,-0.818,1.079
river_flow,2000-10-15,-0.378,-0.845,-0.52
river_flow,2000-10-16,-0.182,-0.931,-0.02
river_flow,2000-10-17,-0.45,-0.886,-0.338
river_flow,2000-10-18,-0.434,-0.91,0.163
river_flow,2000-10-19,-0.296,-0.915,0.39
river_flow,2000-10-20,-0.557,-0.766,-0.201
river_flow,2000-10-21,-0.433,-0.81,-0.377
river_flow,2000-10-22,-0.461,-0.91,0.447
river_flow,2000-10-23,-0.252,-0.745,0.052
river_flow,2000-10-24,-0.117,-0.798,1.494
river_flow,2000-10-25,-0.242,-0.741,0.556
river_flow,2000-10-26,-0.184,-0.753,0.208
river_flow,2000-10-27,-0.107,-0.893,0.309
river_flow,2000-10-28,-0.222,-0.859,-0.674
river_flow,2000-10-29,-0.434,-0.721,-0.703
river_flow,2000-10-30,-0.433,-0.727,0.209
river_flow,2000-10-31,-0.736,-0.783,-0.816
river_flow,2000-11-01,-0.747,-0.761,-1.011
river_flow,2000-11-02,-0.743,-0.637,-0.123
river_flow,2000-11-03,-0.546,-0.816,0.376
river_flow,2000-11-04,-0.341,-0.693,0.359
river_flow,2000-11-05,-0.485,-0.76,0.715
river_flow,2000-11-06,-0.165,-0.752,0.013
river_flow,2000-11-07,-0.222,-0.611,-0.223
river_flow,2000-11-08,-0.226,-0.629,1.238
river_flow,2000-11-09,-0.07,-0.621,0.23
river_flow,2000-11-10,-0.211,-0.562,0.092
river_flow,2000-11-11,-0.119,-0.68,0.664
river_flow,2000-11-12,0.02,-0.604,0.061
river_flow,2000-11-13,-0.259,-0.693,-0.163
river_flow,2000-11-14,-0.247,-0.619,0.595
river_flow,2000-11-15,-0.355,-0.654,-0.809
river_flow,2000-11-16,-0.447,-0.62,0.073
river_flow,2000-11-17,-0.056,-0.559,-0.188
river_flow,2000-11-18,-0.242,-0.689,0.134
river_flow,2000-11-19,-0.425,-0.386,0.981
river_flow,2000-11-20,-0.295,-0.684,0.645
river_flow,2000-11-21,-0.029,-0.693,0.757
river_flow,2000-11-22,0.129,-0.444,1.024
river_flow,2000-11-23,0.072,-0.468,0.208
river_flow,2000-11-24,0.024,-0.473,-0.203
river_flow,2000-11-25,-0.228,-0.46,-0.522
river_flow,2000-11-26,-0.383,-0.511,-1.2
river_flow,2000-11-27,-0.321,-0.587,0.637
river_flow,2000-11-28,-0.689,-0.477,-1.039
river_flow,2000-11-29,-0.532,-0.539,-0.598
river_flow,2000-11-30,-0.588,-0.36,-0.529
river_flow,2000-12-01,-0.397,-0.459,-0.063
river_flow,2000-12-02,-0.177,-0.513,0.408
river_flow,2000-12-03,-0.215,-0.449,0.647
river_flow,2000-12-04,-0.245,-0.362,0.099
river_flow,2000-12-05,0.062,-0.446,0.404
river_flow,2000-12-06,0.037,-0.458,0.629
river_flow,2000-12-07,-0.01,-0.337,0.267
river_flow,2000-12-08,0.078,-0.323,1.021
river_flow,2000-12-09,0.281,-0.383,0.245
river_flow,2000-12-10,-0.105,-0.365,0.15
river_flow,2000-12-11,-0.019,-0.281,-0.059
river_flow,2000-12-12,-0.115,-0.434,0.099
river_flow,2000-12-13,-0.102,-0.415,-0.397
river_flow,2000-12-14,-0.408,-0.331,-1.039
river_flow,2000-12-15,-0.366,-0.266,-0.017
river_flow,2000-12-16,-0.338,-0.199,-0.326
river_flow,2000-12-17,-0.302,-0.067,-0.047
river_flow,2000-12-18,-0.19,-0.114,0.684
river_flow,2000-12-19,-0.15,-0.201,1.107
river_flow,2000-12-20,0.064,-0.171,0.498
river_flow,2000-12-21,0.108,-0.254,0.545
river_flow,2000-12-22,0.231,-0.141,1.068
river_flow,2000-12-23,0.255,-0.152,0.12
river_flow,2000-12-24,0.2,-0.076,1.084
river_flow,2000-12-25,0.428,-0.176,-0.108
river_flow,2000-12-26,-0.004,-0.025,-1.368
river_flow,2000-12-27,-0.246,0.091,-0.111
river_flow,2000-12-28,-0.203,-0.057,-0.2
river_flow,2000-12-29,-0.072,0.009,0.428
river_flow,2000-12-30,0.03,0.054,0.337
river_flow,2000-12-31,-0.111,-0.04,0.148
river_flow,2001-01-01,-0.093,0.038,-0.221
river_flow,2001-01-02,0.266,0.032,0.383
river_flow,2001-01-03,0.114,0.056,0.062
river_flow,2001-01-04,-0.013,-0.015,0.101
river_flow,2001-01-05,0.117,0.08,0.511
river_flow,2001-01-06,-0.055,0.143,0.835
river_flow,2001-01-07,0.165,0.253,-0.02
river_flow,2001-01-08,0.105,0.219,-0.989
river_flow,2001-01-09,0.092,0.354,-0.265
river_flow,2001-01-10,-0.094,0.077,0.111
river_flow,2001-01-11,-0.106,0.257,-0.696
river_flow,2001-01-12,-0.178,0.203,-0.284
river_flow,2001-01-13,0.023,0.419,0.007
river_flow,2001-01-14,-0.016,0.134,-0.176
river_flow,2001-01-15,-0.045,0.146,0.715
river_flow,2001-01-16,0.098,0.185,0.427
river_flow,2001-01-17,0.334,0.047,0.697
river_flow,2001-01-18,0.456,0.222,-0.053
river_flow,2001-01-19,0.222,0.213,-0.002
river_flow,2001-01-20,0.22,0.319,0.361
river_flow,2001-01-21,0.008,0.352,-0.403
river_flow,2001-01-22,0.031,0.52,0.473
river_flow,2001-01-23,0.08,0.442,-0.687
river_flow,2001-01-24,0.305,0.304,-0.375
river_flow,2001-01-25,-0.044,0.286,0.075
river_flow,2001-01-26,0.179,0.439,-0.926
river_flow,2001-01-27,0.081,0.271,-0.88
river_flow,2001-01-28,-0.016,0.6,-0.546
river_flow,2001-01-29,0.202,0.549,1.022
river_flow,2001-01-30,0.068,0.397,0.212
river_flow,2001-01-31,0.416,0.286,1.767
river_flow,2001-02-01,0.387,0.606,0.109
river_flow,2001-02-02,0.764,0.473,0.309
river_flow,2001-02-03,0.701,0.621,0.771
river_flow,2001-02-04,0.51,0.351,0.786
river_flow,2001-02-05,0.273,0.463,0.64
river_flow,2001-02-06,0.545,0.536,0.117
river_flow,2001-02-07,0.39,0.552,0.025
river_flow,2001-02-08,0.451,0.515,-0.095
river_flow,2001-02-09,0.385,0.634,0.172
river_flow,2001-02-10,0.18,0.477,-0.276
river_flow,2001-02-11,0.227,0.581,-0.192
river_flow,2001-02-12,0.282,0.619,0.389
river_flow,2001-02-13,0.392,0.67,0.402
river_flow,2001-02-14,0.151,0.701,0.261
river_flow,2001-02-15,0.338,0.528,0.739
river_flow,2001-02-16,0.56,0.498,0.695
river_flow,2001-02-17,0.644,0.79,0.044
river_flow,2001-02-18,0.512,0.706,0.522
river_flow,2001-02-19,0.266,0.608,-0.962
river_flow,2001-02-20,0.297,0.848,-0.584
river_flow,2001-02-21,0.003,0.714,-0.846
river_flow,2001-02-22,-0.044,0.83,-1.324
river_flow,2001-02-23,-0.107,0.728,-0.258
river_flow,2001-02-24,-0.022,0.936,-0.061
river_flow,2001-02-25,0.212,0.915,0.974
river_flow,2001-02-26,0.14,0.723,0.706
river_flow,2001-02-27,0.638,0.854,-0.025
river_flow,2001-02-28,0.792,0.829,1.415
river_flow,2001-03-01,0.941,0.91,1.001
river_flow,2001-03-02,0.704,0.684,0.508
river_flow,2001-03-03,0.62,0.857,-0.113
river_flow,2001-03-04,0.638,0.902,-0.697
river_flow,2001-03-05,0.487,0.627,-0.577
river_flow,2001-03-06,0.44,0.691,0.057
river_flow,2001-03-07,0.181,0.612,0.455
river_flow,2001-03-08,0.399,0.796,0.381
river_flow,2001-03-09,0.482,0.901,-0.461
river_flow,2001-03-10,0.446,0.985,-0.56
river_flow,2001-03-11,0.426,0.848,0.287
river_flow,2001-03-12,0.3,1.009,-0.493
river_flow,2001-03-13,0.348,0.713,0.649
river_flow,2001-03-14,0.621,0.686,0.414
river_flow,2001-03-15,0.635,0.855,0.158
river_flow,2001-03-16,0.353,0.903,-0.58
river_flow,2001-03-17,0.734,0.866,0.257
river_flow,2001-03-18,0.403,0.666,-0.483
river_flow,2001-03-19,0.136,0.868,-0.976
river_flow,2001-03-20,0.009,0.75,-1.924
river_flow,2001-03-21,0.119,0.95,-0.501
river_flow,2001-03-22,0.14,0.923,0.495
river_flow,2001-03-23,0.124,0.795,0.614
river_flow,2001-03-24,0.311,0.84,-0.229
river_flow,2001-03-25,0.574,0.787,-0.084
river_flow,2001-03-26,0.724,0.889,0.625
river_flow,2001-03-27,0.572,0.992,-0.012
river_flow,2001-03-28,0.585,0.799,0.638
river_flow,2001-03-29,0.511,0.949,0.774
river_flow,2001-03-30,0.719,0.846,0.83
river_flow,2001-03-31,0.843,0.821,-0.05
river_flow,2001-04-01,0.662,0.889,-0.319
river_flow,2001-04-02,0.355,0.796,-0.83
river_flow,2001-04-03,0.282,0.844,-0.901
river_flow,2001-04-04,0.044,0.779,-0.601
river_flow,2001-04-05,0.046,1.095,-0.207
river_flow,2001-04-06,0.178,0.901,0.24
river_flow,2001-04-07,0.071,0.826,-0.402
river_flow,2001-04-08,0.423,0.915,0.963
river_flow,2001-04-09,0.565,0.881,0.255
river_flow,2001-04-10,0.61,0.868,0.477
river_flow,2001-04-11,0.743,0.949,0.114
river_flow,2001-04-12,0.563,0.96,-0.821
river_flow,2001-04-13,0.629,0.829,0.659
river_flow,2001-04-14,0.454,0.821,0.368
river_flow,2001-04-15,0.516,0.847,-0.358
river_flow,2001-04-16,0.314,0.641,-0.357
river_flow,2001-04-17,0.578,0.716,-0.229
river_flow,2001-04-18,0.247,1.0,-1.269
river_flow,2001-04-19,0.179,1.023,-0.655
river_flow,2001-04-20,0.073,0.829,0.18
river_flow,2001-04-21,-0.029,0.906,-0.627
river_flow,2001-04-22,0.217,0.874,0.364
river_flow,2001-04-23,0.302,1.146,-0.287
river_flow,2001-04-24,0.593,0.944,0.721
river_flow,2001-04-25,0.342,0.813,0.47
river_flow,2001-04-26,0.623,0.724,-0.417
river_flow,2001-04-27,0.442,0.652,0.799
river_flow,2001-04-28,0.749,0.827,-0.367
river_flow,2001-04-29,0.521,0.724,-0.622
river_flow,2001-04-30,0.247,0.65,-0.291
river_flow,2001-05-01,0.381,0.72,0.087
river_flow,2001-05-02,0.133,0.669,-0.995
river_flow,2001-05-03,0.141,0.938,-0.36
river_flow,2001-05-04,0.105,0.849,-0.003
river_flow,2001-05-05,0.036,0.752,0.347
river_flow,2001-05-06,0.324,0.892,0.305
river_flow,2001-05-07,0.228,0.743,0.207
river_flow,2001-05-08,0.571,0.64,0.074
river_flow,2001-05-09,0.544,0.869,0.531
river_flow,2001-05-10,0.541,0.761,-0.145
river_flow,2001-05-11,0.358,0.594,-1.244
river_flow,2001-05-12,0.282,0.668,0.218
river_flow,2001-05-13,0.353,0.59,0.235
river_flow,2001-05-14,0.217,0.529,-1.572
river_flow,2001-05-15,0.077,0.749,-0.992
river_flow,2001-05-16,0.115,0.837,-0.178
river_flow,2001-05-17,-0.006,0.495,0.638
river_flow,2001-05-18,0.139,0.68,-0.207
river_flow,2001-05-19,0.215,0.548,-0.364
river_flow,2001-05-20,0.274,0.553,0.125
river_flow,2001-05-21,0.521,0.53,1.078
river_flow,2001-05-22,0.323,0.491,0.164
river_flow,2001-05-23,0.436,0.571,0.088
river_flow,2001-05-24,0.468,0.471,0.15
river_flow,2001-05-25,0.541,0.569,-0.26
river_flow,2001-05-26,0.394,0.524,0.061
river_flow,2001-05-27,0.178,0.493,0.595
river_flow,2001-05-28,0.379,0.413,-0.229
river_flow,2001-05-29,0.324,0.433,-0.614
river_flow,2001-05-30,0.241,0.553,-0.633
river_flow,2001-05-31,0.166,0.515,-1.173
river_flow,2001-06-01,0.205,0.353,0.225
river_flow,2001-06-02,0.085,0.448,-0.039
river_flow,2001-06-03,0.092,0.499,0.127
river_flow,2001-06-04,0.494,0.243,1.987
river_flow,2001-06-05,0.565,0.451,0.637
river_flow,2001-06-06,0.461,0.316,0.112
river_flow,2001-06-07,0.493,0.425,0.178
river_flow,2001-06-08,0.776,0.278,0.791
river_flow,2001-06-09,0.217,0.159,0.057
river_flow,2001-06-10,0.399,0.163,-0.936
river_flow,2001-06-11,0.224,0.316,0.069
river_flow,2001-06-12,-0.011,0.322,-0.822
river_flow,2001-06-13,0.057,0.191,0.449
river_flow,2001-06-14,-0.239,0.331,0.149
river_flow,2001-06-15,0.084,0.086,-0.441
river_flow,2001-06-16,0.244,0.231,0.641
river_flow,2001-06-17,0.207,0.101,0.251
river_flow,2001-06-18,0.25,0.142,0.817
river_flow,2001-06-19,0.561,0.197,0.73
river_flow,2001-06-20,0.243,0.091,0.064
river_flow,2001-06-21,0.203,0.123,0.069
river_flow,2001-06-22,0.44,0.247,0.732
river_flow,2001-06-23,0.41,0.074,-0.167
river_flow,2001-06-24,0.127,0.199,-0.419
river_flow,2001-06-25,0.081,-0.012,-0.868
river_flow,2001-06-26,0.096,0.138,-0.276
river_flow,2001-06-27,-0.069,0.214,0.544
river_flow,2001-06-28,-0.206,-0.193,-0.925
river_flow,2001-06-29,0.05,-0.041,-0.205
river_flow,2001-06-30,0.147,0.081,0.706
river_flow,2001-07-01,0.155,-0.013,0.177
river_flow,2001-07-02,0.056,0.029,0.617
river_flow,2001-07-03,0.227,-0.084,-0.044
river_flow,2001-07-04,0.142,-0.03,0.702
river_flow,2001-07-05,0.182,-0.07,0.297
river_flow,2001-07-06,0.256,0.047,0.71
river_flow,2001-07-07,0.396,-0.06,0.594
river_flow,2001-07-08,0.382,-0.067,1.078
river_flow,2001-07-09,0.284,-0.157,-0.101
river_flow,2001-07-10,0.207,-0.18,-0.325
river_flow,2001-07-11,0.113,-0.19,-0.39
river_flow,2001-07-12,-0.005,-0.122,-0.567
river_flow,2001-07-13,-0.429,-0.219,-0.048
river_flow,2001-07-14,-0.256,-0.163,-0.148
river_flow,2001-07-15,-0.151,0.0,0.301
river_flow,2001-07-16,-0.151,-0.135,1.05
river_flow,2001-07-17,0.091,-0.27,-0.016
river_flow,2001-07-18,0.094,-0.132,1.057
river_flow,2001-07-19,0.438,-0.308,1.049
river_flow,2001-07-20,0.487,-0.486,0.158
river_flow,2001-07-21,0.005,-0.397,-1.061
river_flow,2001-07-22,-0.082,-0.498,-0.521
river_flow,2001-07-23,-0.085,-0.361,0.258
river_flow,2001-07-24,-0.366,-0.338,-0.499
river_flow,2001-07-25,-0.504,-0.187,-0.987
river_flow,2001-07-26,-0.514,-0.336,-0.643
river_flow,2001-07-27,-0.529,-0.404,0.203
river_flow,2001-07-28,-0.283,-0.314,0.273
river_flow,2001-07-29,-0.212,-0.631,0.097
river_flow,2001-07-30,-0.16,-0.4,0.208
river_flow,2001-07-31,0.029,-0.361,0.292
river_flow,2001-08-01,-0.176,-0.599,0.026
river_flow,2001-08-02,0.051,-0.35,1.199
river_flow,2001-08-03,-0.056,-0.444,0.056
river_flow,2001-08-04,0.014,-0.532,0.609
river_flow,2001-08-05,0.108,-0.44,0.544
river_flow,2001-08-06,-0.1,-0.289,0.108
river_flow,2001-08-07,-0.133,-0.511,-0.703
river_flow,2001-08-08,-0.215,-0.517,-0.286
river_flow,2001-08-09,-0.415,-0.6,-0.403
river_flow,2001-08-10,-0.433,-0.651,-0.669
river_flow,2001-08-11,-0.489,-0.495,0.162
river_flow,2001-08-12,-0.461,-0.675,-0.373
river_flow,2001-08-13,-0.317,-0.594,0.985
river_flow,2001-08-14,-0.289,-0.66,0.255
river_flow,2001-08-15,-0.188,-0.576,0.588
river_flow,2001-08-16,-0.055,-0.602,0.533
river_flow,2001-08-17,-0.045,-0.542,0.087
river_flow,2001-08-18,-0.034,-0.708,0.293
river_flow,2001-08-19,-0.291,-0.694,-0.454
river_flow,2001-08-20,-0.358,-0.775,0.045
river_flow,2001-08-21,-0.524,-0.732,-1.16
river_flow,2001-08-22,-0.49,-0.66,-0.424
river_flow,2001-08-23,-0.531,-0.631,0.579
river_flow,2001-08-24,-0.592,-0.809,-0.717
river_flow,2001-08-25,-0.723,-0.639,-0.339
river_flow,2001-08-26,-0.454,-0.599,0.474
river_flow,2001-08-27,-0.264,-0.702,0.481
river_flow,2001-08-28,-0.2,-0.565,0.663
river_flow,2001-08-29,-0.259,-0.838,0.732
river_flow,2001-08-30,-0.055,-0.893,0.708
river_flow,2001-08-31,-0.057,-0.955,0.772
river_flow,2001-09-01,-0.046,-0.635,0.205
river_flow,2001-09-02,-0.159,-0.727,-0.338
river_flow,2001-09-03,-0.232,-0.805,-0.055
river_flow,2001-09-04,-0.521,-0.778,0.462
river_flow,2001-09-05,-0.541,-0.926,-0.554
river_flow,2001-09-06,-0.424,-0.575,-0.878
river_flow,2001-09-07,-0.414,-0.813,0.337
river_flow,2001-09-08,-0.202,-0.821,-0.06
river_flow,2001-09-09,-0.557,-0.765,-0.869
river_flow,2001-09-10,-0.629,-0.795,0.815
river_flow,2001-09-11,-0.253,-0.826,0.22
river_flow,2001-09-12,-0.529,-0.933,0.442
river_flow,2001-09-13,-0.302,-0.811,0.557
river_flow,2001-09-14,-0.231,-0.675,0.312
river_flow,2001-09-15,-0.117,-0.733,0.355
river_flow,2001-09-16,-0.345,-0.712,-0.435
river_flow,2001-09-17,-0.412,-0.926,-0.134
river_flow,2001-09-18,-0.521,-0.977,-0.617
river_flow,2001-09-19,-0.258,-0.894,-0.118
river_flow,2001-09-20,-0.537,-0.879,-0.083
river_flow,2001-09-21,-0.336,-0.778,-0.685
river_flow,2001-09-22,-0.478,-1.059,0.543
river_flow,2001-09-23,-0.48,-0.739,-0.051
river_flow,2001-09-24,-0.358,-0.91,0.795
river_flow,2001-09-25,-0.273,-0.938,0.671
river_flow,2001-09-26,-0.245,-0.998,1.407
river_flow,2001-09-27,-0.247,-1.064,0.279
river_flow,2001-09-28,0.034,-0.817,0.042
river_flow,2001-09-29,-0.221,-0.892,-0.01
river_flow,2001-09-30,-0.475,-1.029,-0.369
river_flow,2001-10-01,-0.509,-1.029,0.009
river_flow,2001-10-02,-0.524,-0.933,-1.296
river_flow,2001-10-03,-0.552,-0.732,-1.014
river_flow,2001-10-04,-0.812,-0.925,-0.925
river_flow,2001-10-05,-0.716,-1.048,0.258
river_flow,2001-10-06,-0.764,-0.921,0.855
river_flow,2001-10-07,-0.703,-0.922,0.165
river_flow,2001-10-08,-0.393,-1.163,0.307
river_flow,2001-10-09,-0.095,-0.896,0.522
river_flow,2001-10-10,-0.26,-0.912,1.068
river_flow,2001-10-11,-0.286,-0.816,-0.073
river_flow,2001-10-12,-0.275,-0.698,0.336
river_flow,2001-10-13,-0.157,-0.767,0.488
river_flow,2001-10-14,-0.1,-0.904,0.034
river_flow,2001-10-15,-0.185,-0.984,-0.296
river_flow,2001-10-16,-0.367,-0.612,0.013
river_flow,2001-10-17,-0.48,-0.859,-1.839
river_flow,2001-10-18,-0.749,-0.859,-0.052
river_flow,2001-10-19,-0.576,-0.858,-0.544
river_flow,2001-10-20,-0.942,-0.831,-0.915
river_flow,2001-10-21,-0.572,-0.86,0.473
river_flow,2001-10-22,-0.535,-0.898,1.078
river_flow,2001-10-23,-0.438,-0.889,0.419
river_flow,2001-10-24,-0.311,-0.832,0.964
river_flow,2001-10-25,-0.063,-0.877,1.197
river_flow,2001-10-26,-0.031,-0.888,0.874
river_flow,2001-10-27,-0.076,-0.799,0.82
river_flow,2001-10-28,0.04,-0.828,0.154
river_flow,2001-10-29,-0.257,-0.645,-0.353
river_flow,2001-10-30,-0.396,-1.053,-1.288
river_flow,2001-10-31,-0.45,-0.672,-0.61
river_flow,2001-11-01,-0.742,-0.648,-0.813
river_flow,2001-11-02,-0.706,-0.972,0.869
river_flow,2001-11-03,-0.539,-0.791,-0.088
river_flow,2001-11-04,-0.445,-0.785,0.279
river_flow,2001-11-05,-0.225,-0.88,0.667
river_flow,2001-11-06,-0.154,-0.808,0.509
river_flow,2001-11-07,-0.168,-0.832,1.335
river_flow,2001-11-08,-0.219,-0.537,0.08
river_flow,2001-11-09,-0.034,-0.609,0.314
river_flow,2001-11-10,-0.212,-0.565,-0.371
river_flow,2001-11-11,-0.387,-0.61,-0.877
river_flow,2001-11-12,-0.655,-0.785,-0.697
river_flow,2001-11-13,-0.571,-0.714,-0.506
river_flow,2001-11-14,-0.566,-0.602,-0.702
river_flow,2001-11-15,-0.512,-0.763,-0.737
river_flow,2001-11-16,-0.725,-0.558,-0.92
river_flow,2001-11-17,-0.637,-0.642,-0.042
river_flow,2001-11-18,-0.859,-0.644,-0.535
river_flow,2001-11-19,-0.506,-0.524,0.771
river_flow,2001-11-20,-0.404,-0.539,0.529
river_flow,2001-11-21,-0.322,-0.608,-0.241
river_flow,2001-11-22,-0.339,-0.444,0.236
river_flow,2001-11-23,-0.275,-0.656,-0.159
river_flow,2001-11-24,-0.181,-0.474,0.16
river_flow,2001-11-25,-0.244,-0.463,0.453
river_flow,2001-11-26,-0.592,-0.541,-1.329
river_flow,2001-11-27,-0.564,-0.465,-0.43
river_flow,2001-11-28,-0.56,-0.609,-0.568
river_flow,2001-11-29,-0.384,-0.379,-0.055
river_flow,2001-11-30,-0.756,-0.476,-0.11
river_flow,2001-12-01,-0.474,-0.497,-0.376
river_flow,2001-12-02,-0.39,-0.326,0.057
river_flow,2001-12-03,-0.215,-0.488,-0.007
river_flow,2001-12-04,-0.169,-0.544,1.025
river_flow,2001-12-05,-0.08,-0.545,0.498
river_flow,2001-12-06,0.057,-0.315,1.342
river_flow,2001-12-07,-0.072,-0.489,0.187
river_flow,2001-12-08,0.103,-0.172,-0.354
river_flow,2001-12-09,-0.181,-0.541,-0.974
river_flow,2001-12-10,-0.331,-0.149,-1.292
river_flow,2001-12-11,-0.136,-0.283,-1.28
river_flow,2001-12-12,-0.878,-0.299,-0.354
river_flow,2001-12-13,-0.317,-0.329,-0.137
river_flow,2001-12-14,-0.706,-0.22,-1.008
river_flow,2001-12-15,-0.279,-0.249,0.448
river_flow,2001-12-16,-0.253,-0.119,-0.025
river_flow,2001-12-17,-0.218,-0.203,0.464
river_flow,2001-12-18,-0.104,-0.185,1.294
river_flow,2001-12-19,0.235,-0.221,0.936
river_flow,2001-12-20,0.017,-0.175,0.257
river_flow,2001-12-21,0.287,-0.123,-0.229
river_flow,2001-12-22,-0.025,-0.31,-1.076
river_flow,2001-12-23,-0.274,-0.258,-0.577
river_flow,2001-12-24,-0.368,-0.034,-0.496
river_flow,2001-12-25,-0.298,-0.076,-0.981
river_flow,2001-12-26,-0.484,-0.096,-0.553
river_flow,2001-12-27,-0.415,-0.06,-0.352
river_flow,2001-12-28,-0.474,-0.012,-0.329
river_flow,2001-12-29,-0.195,-0.085,-0.325
river_flow,2001-12-30,-0.095,-0.093,0.301
river_flow,2001-12-31,0.128,0.02,0.612
river_flow,2002-01-01,-0.027,-0.082,-0.058
river_flow,2002-01-02,0.233,0.072,1.193
river_flow,2002-01-03,0.206,-0.124,0.342
river_flow,2002-01-04,0.314,0.165,0.226
river_flow,2002-01-05,0.144,0.125,0.354
river_flow,2002-01-06,0.235,0.118,-0.1
river_flow,2002-01-07,0.107,0.206,0.086
river_flow,2002-01-08,-0.046,0.29,-0.344
river_flow,2002-01-09,0.012,0.24,-0.794
river_flow,2002-01-10,-0.049,-0.03,-0.21
river_flow,2002-01-11,-0.158,0.041,-0.789
river_flow,2002-01-12,-0.084,0.122,0.054
river_flow,2002-01-13,0.149,0.202,0.2
river_flow,2002-01-14,0.173,0.267,0.287
river_flow,2002-01-15,0.09,0.157,0.423
river_flow,2002-01-16,0.026,0.263,-0.453
river_flow,2002-01-17,0.029,0.184,0.117
river_flow,2002-01-18,0.26,0.213,0.263
river_flow,2002-01-19,0.264,0.148,0.08
river_flow,2002-01-20,0.153,0.211,-0.731
river_flow,2002-01-21,0.068,0.183,0.242
river_flow,2002-01-22,-0.038,0.235,-0.921
river_flow,2002-01-23,-0.191,0.452,-0.003
river_flow,2002-01-24,-0.124,0.266,-0.177
river_flow,2002-01-25,0.066,0.639,-0.54
river_flow,2002-01-26,-0.03,0.439,0.888
river_flow,2002-01-27,0.16,0.422,-0.38
river_flow,2002-01-28,0.271,0.331,0.85
river_flow,2002-01-29,0.346,0.501,0.988
river_flow,2002-01-30,0.454,0.387,0.152
river_flow,2002-01-31,0.498,0.47,1.087
river_flow,2002-02-01,0.229,0.727,0.092
river_flow,2002-02-02,0.393,0.475,0.144
river_flow,2002-02-03,0.226,0.612,-0.087
river_flow,2002-02-04,0.392,0.44,-0.458
river_flow,2002-02-05,0.274,0.519,-0.082
river_flow,2002-02-06,0.353,0.712,-0.091
river_flow,2002-02-07,0.191,0.485,-1.265
river_flow,2002-02-08,0.065,0.741,0.435
river_flow,2002-02-09,0.211,0.643,-0.831
river_flow,2002-02-10,0.251,0.528,0.733
river_flow,2002-02-11,0.335,0.659,0.954
river_flow,2002-02-12,0.479,0.704,-0.058
river_flow,2002-02-13,0.368,0.681,0.282
river_flow,2002-02-14,0.414,0.472,-0.162
river_flow,2002-02-15,0.315,0.568,0.109
river_flow,2002-02-16,0.278,0.627,-0.154
river_flow,2002-02-17,0.271,0.654,0.173
river_flow,2002-02-18,0.486,0.734,0.264
river_flow,2002-02-19,0.271,0.7,0.21
river_flow,2002-02-20,0.292,0.559,-0.769
river_flow,2002-02-21,0.195,0.74,-0.496
river_flow,2002-02-22,-0.04,0.773,-1.059
river_flow,2002-02-23,0.143,0.777,-0.403
river_flow,2002-02-24,-0.044,0.838,0.699
river_flow,2002-02-25,0.267,0.823,1.199
river_flow,2002-02-26,0.264,0.794,-0.13
river_flow,2002-02-27,0.741,0.75,0.191
river_flow,2002-02-28,0.713,0.599,0.378
river_flow,2002-03-01,0.629,0.816,0.357
river_flow,2002-03-02,0.577,0.801,-0.405
river_flow,2002-03-03,0.364,0.815,-0.005
river_flow,2002-03-04,0.399,0.668,-0.628
river_flow,2002-03-05,0.202,0.695,-0.495
river_flow,2002-03-06,0.26,0.915,-0.214
river_flow,2002-03-07,0.355,0.812,-0.388
river_flow,2002-03-08,0.265,0.891,-0.435
river_flow,2002-03-09,0.204,0.832,-0.055
river_flow,2002-03-10,0.09,0.838,0.173
river_flow,2002-03-11,0.312,0.934,0.206
river_flow,2002-03-12,0.419,0.794,0.358
river_flow,2002-03-13,0.652,0.861,1.287
river_flow,2002-03-14,0.572,0.81,0.671
river_flow,2002-03-15,0.919,0.817,0.069
river_flow,2002-03-16,0.892,0.834,0.348
river_flow,2002-03-17,0.657,0.891,-0.384
river_flow,2002-03-18,0.528,0.825,0.196
river_flow,2002-03-19,0.376,1.002,-0.303
river_flow,2002-03-20,0.245,0.791,-0.541
river_flow,2002-03-21,0.305,0.864,-0.167
river_flow,2002-03-22,0.29,0.842,-1.002
river_flow,2002-03-23,0.031,1.033,-0.563
river_flow,2002-03-24,0.269,0.911,-0.38
river_flow,2002-03-25,0.215,0.996,0.462
river_flow,2002-03-26,0.228,0.746,1.354
river_flow,2002-03-27,0.583,0.923,1.603
river_flow,2002-03-28,0.85,0.987,0.71
river_flow,2002-03-29,1.104,0.907,0.467
river_flow,2002-03-30,0.877,1.006,-0.901
river_flow,2002-03-31,0.379,0.848,-0.488
river_flow,2002-04-01,0.41,1.041,-0.785
river_flow,2002-04-02,0.088,1.13,-0.798
river_flow,2002-04-03,0.207,0.863,-0.572
river_flow,2002-04-04,0.129,0.854,-0.627
river_flow,2002-04-05,0.016,1.043,-1.207
river_flow,2002-04-06,0.37,1.055,0.374
river_flow,2002-04-07,0.201,0.843,-0.319
river_flow,2002-04-08,0.165,0.852,0.511
river_flow,2002-04-09,0.457,0.864,1.525
river_flow,2002-04-10,0.837,0.755,0.028
river_flow,2002-04-11,0.462,0.795,-0.874
river_flow,2002-04-12,0.265,0.784,0.074
river_flow,2002-04-13,0.511,0.805,0.55
river_flow,2002-04-14,0.541,0.875,0.762
river_flow,2002-04-15,0.448,0.898,-1.006
river_flow,2002-04-16,0.366,1.026,-0.239
river_flow,2002-04-17,0.286,0.767,-0.72
river_flow,2002-04-18,0.353,0.961,-0.444
river_flow,2002-04-19,0.12,0.837,1.105
river_flow,2002-04-20,0.305,0.849,-0.751
river_flow,2002-04-21,0.485,0.916,0.344
river_flow,2002-04-22,0.516,0.731,0.625
river_flow,2002-04-23,0.665,0.876,1.03
river_flow,2002-04-24,0.6,0.849,0.536
river_flow,2002-04-25,0.483,0.875,0.545
river_flow,2002-04-26,0.668,0.848,0.021
river_flow,2002-04-27,0.638,1.059,0.135
river_flow,2002-04-28,0.425,0.742,-0.389
river_flow,2002-04-29,0.453,0.746,-0.08
river_flow,2002-04-30,0.384,0.73,-0.672
river_flow,2002-05-01,0.259,0.729,-0.299
river_flow,2002-05-02,0.362,0.713,-0.406
river_flow,2002-05-03,0.164,0.888,0.346
river_flow,2002-05-04,0.247,0.903,-0.026
river_flow,2002-05-05,0.321,0.695,-0.67
river_flow,2002-05-06,0.407,0.66,1.022
river_flow,2002-05-07,0.369,0.782,0.035
river_flow,2002-05-08,0.518,0.671,0.161
river_flow,2002-05-09,0.587,0.78,0.093
river_flow,2002-05-10,0.364,0.727,0.904
river_flow,2002-05-11,0.459,0.546,-1.068
river_flow,2002-05-12,0.502,0.842,1.352
river_flow,2002-05-13,0.52,0.857,0.137
river_flow,2002-05-14,0.605,0.606,-0.376
river_flow,2002-05-15,0.18,0.618,-0.515
river_flow,2002-05-16,0.237,0.674,-0.248
river_flow,2002-05-17,0.296,0.668,0.044
river_flow,2002-05-18,0.273,0.69,0.323
river_flow,2002-05-19,0.486,0.814,0.495
river_flow,2002-05-20,0.328,0.584,0.436
river_flow,2002-05-21,0.45,0.51,0.389
river_flow,2002-05-22,0.56,0.44,0.412
river_flow,2002-05-23,0.427,0.493,0.293
river_flow,2002-05-24,0.599,0.55,0.784
river_flow,2002-05-25,0.541,0.721,0.297
river_flow,2002-05-26,0.231,0.477,-1.687
river_flow,2002-05-27,0.173,0.539,-0.063
river_flow,2002-05-28,0.088,0.502,-0.39
river_flow,2002-05-29,-0.11,0.61,-0.497
river_flow,2002-05-30,0.07,0.73,-0.585
river_flow,2002-05-31,0.295,0.411,0.345
river_flow,2002-06-01,0.206,0.402,0.474
river_flow,2002-06-02,0.23,0.542,-0.169
river_flow,2002-06-03,0.44,0.492,0.594
river_flow,2002-06-04,0.363,0.595,0.002
river_flow,2002-06-05,0.446,0.455,-0.202
river_flow,2002-06-06,0.251,0.347,0.078
river_flow,2002-06-07,0.546,0.427,0.648
river_flow,2002-06-08,0.273,0.465,0.477
river_flow,2002-06-09,0.583,0.422,0.04
river_flow,2002-06-10,0.426,0.376,-0.028
river_flow,2002-06-11,0.319,0.418,-0.229
river_flow,2002-06-12,0.182,0.413,-0.808
river_flow,2002-06-13,0.088,0.42,-0.175
river_flow,2002-06-14,0.225,0.332,0.183
river_flow,2002-06-15,0.137,0.235,0.377
river_flow,2002-06-16,0.051,0.252,0.811
river_flow,2002-06-17,0.289,0.343,0.745
river_flow,2002-06-18,0.469,0.126,0.663
river_flow,2002-06-19,0.559,0.229,1.023
river_flow,2002-06-20,0.474,0.138,0.378
river_flow,2002-06-21,0.506,0.165,-0.224
river_flow,2002-06-22,0.152,0.274,-0.082
river_flow,2002-06-23,0.128,0.15,-0.589
river_flow,2002-06-24,-0.192,0.121,-0.729
river_flow,2002-06-25,-0.074,-0.035,-0.56
river_flow,2002-06-26,-0.211,0.16,-0.884
river_flow,2002-06-27,-0.151,0.134,-0.545
river_flow,2002-06-28,-0.399,0.271,-1.164
river_flow,2002-06-29,-0.116,0.008,0.107
river_flow,2002-06-30,-0.14,0.045,0.218
river_flow,2002-07-01,-0.002,0.033,-0.018
river_flow,2002-07-02,0.05,0.15,0.817
river_flow,2002-07-03,0.401,-0.033,0.956
river_flow,2002-07-04,0.089,-0.011,-0.413
river_flow,2002-07-05,0.226,0.007,-0.164
river_flow,2002-07-06,0.262,-0.051,-0.385
river_flow,2002-07-07,0.113,-0.13,-0.687
river_flow,2002-07-08,-0.252,-0.081,0.024
river_flow,2002-07-09,-0.149,-0.009,-0.584
river_flow,2002-07-10,-0.351,-0.234,-0.62
river_flow,2002-07-11,-0.294,-0.133,-1.393
river_flow,2002-07-12,-0.267,-0.232,0.101
river_flow,2002-07-13,-0.539,-0.058,-0.62
river_flow,2002-07-14,-0.349,-0.344,0.247
river_flow,2002-07-15,-0.259,-0.263,0.53
river_flow,2002-07-16,0.046,-0.185,1.168
river_flow,2002-07-17,-0.121,-0.081,-0.167
river_flow,2002-07-18,0.076,-0.259,-1.119
river_flow,2002-07-19,-0.075,-0.323,0.309
river_flow,2002-07-20,-0.042,-0.094,0.9
river_flow,2002-07-21,-0.135,-0.441,0.403
river_flow,2002-07-22,0.085,-0.531,-0.286
river_flow,2002-07-23,0.095,-0.282,-0.733
river_flow,2002-07-24,-0.19,-0.39,-0.084
river_flow,2002-07-25,-0.266,-0.456,-0.878
river_flow,2002-07-26,-0.367,-0.298,0.021
river_flow,2002-07-27,-0.443,-0.358,0.253
river_flow,2002-07-28,-0.149,-0.453,0.747
river_flow,2002-07-29,0.07,-0.538,1.771
river_flow,2002-07-30,-0.072,-0.337,0.684
river_flow,2002-07-31,0.352,-0.373,0.233
river_flow,2002-08-01,0.209,-0.461,0.378
river_flow,2002-08-02,-0.028,-0.28,-0.668
river_flow,2002-08-03,-0.25,-0.585,-0.347
river_flow,2002-08-04,-0.255,-0.643,-0.422
river_flow,2002-08-05,-0.531,-0.573,-0.653
river_flow,2002-08-06,-0.331,-0.521,-0.411
river_flow,2002-08-07,-0.409,-0.505,-0.899
river_flow,2002-08-08,-0.47,-0.566,0.17
river_flow,2002-08-09,-0.427,-0.519,-0.217
river_flow,2002-08-10,-0.525,-0.691,-0.005
river_flow,2002-08-11,-0.303,-0.433,0.053
river_flow,2002-08-12,-0.232,-0.598,0.469
river_flow,2002-08-13,-0.078,-0.49,0.9
river_flow,2002-08-14,-0.325,-0.578,0.054
river_flow,2002-08-15,-0.202,-0.578,0.062
river_flow,2002-08-16,-0.122,-0.578,0.065
river_flow,2002-08-17,-0.215,-0.601,-0.673
river_flow,2002-08-18,-0.31,-0.592,-0.627
river_flow,2002-08-19,-0.54,-0.534,-0.629
river_flow,2002-08-20,-0.552,-0.658,-0.05
river_flow,2002-08-21,-0.534,-0.617,-0.356
river_flow,2002-08-22,-0.586,-0.706,-0.294
river_flow,2002-08-23,-0.324,-0.563,0.209
river_flow,2002-08-24,-0.36,-0.784,-0.069
river_flow,2002-08-25,-0.629,-0.546,0.412
river_flow,2002-08-26,-0.286,-0.739,0.339
river_flow,2002-08-27,-0.306,-0.887,0.62
river_flow,2002-08-28,-0.295,-0.74,0.196
river_flow,2002-08-29,-0.442,-0.829,-0.828
river_flow,2002-08-30,-0.214,-0.685,0.15
river_flow,2002-08-31,-0.152,-0.842,0.711
river_flow,2002-09-01,-0.365,-0.829,0.246
river_flow,2002-09-02,-0.393,-0.981,0.092
river_flow,2002-09-03,-0.236,-0.844,0.131
river_flow,2002-09-04,-0.315,-1.049,-0.443
river_flow,2002-09-05,-0.517,-0.971,-0.292
river_flow,2002-09-06,-0.634,-0.744,-0.526
river_flow,2002-09-07,-0.795,-0.747,-0.158
river_flow,2002-09-08,-0.551,-0.789,0.525
river_flow,2002-09-09,-0.454,-0.934,0.993
river_flow,2002-09-10,-0.37,-0.848,0.418
river_flow,2002-09-11,-0.209,-0.849,0.262
river_flow,2002-09-12,-0.209,-0.969,0.391
river_flow,2002-09-13,-0.076,-0.708,0.518
river_flow,2002-09-14,-0.512,-0.775,-0.722
river_flow,2002-09-15,-0.438,-0.889,-1.365
river_flow,2002-09-16,-0.709,-0.868,-0.666
river_flow,2002-09-17,-0.893,-0.854,-1.098
river_flow,2002-09-18,-0.96,-1.083,-0.742
river_flow,2002-09-19,-0.871,-0.906,-0.465
river_flow,2002-09-20,-0.688,-0.953,-0.444
river_flow,2002-09-21,-0.585,-0.988,0.726
river_flow,2002-09-22,-0.384,-0.918,0.38
river_flow,2002-09-23,-0.415,-0.712,0.541
river_flow,2002-09-24,-0.363,-0.83,0.799
river_flow,2002-09-25,-0.273,-0.953,-0.082
river_flow,2002-09-26,-0.317,-0.84,0.91
river_flow,2002-09-27,-0.091,-0.758,0.179
river_flow,2002-09-28,-0.262,-0.807,0.335
river_flow,2002-09-29,-0.267,-0.894,-0.753
river_flow,2002-09-30,-0.437,-0.965,-1.168
river_flow,2002-10-01,-0.385,-0.83,-0.079
river_flow,2002-10-02,-0.616,-0.86,-0.299
river_flow,2002-10-03,-0.646,-0.81,-0.842
river_flow,2002-10-04,-0.523,-0.835,-0.652
river_flow,2002-10-05,-0.675,-0.793,0.563
river_flow,2002-10-06,-0.729,-0.95,-0.378
river_flow,2002-10-07,-0.628,-0.763,1.212
river_flow,2002-10-08,-0.255,-0.873,0.037
river_flow,2002-10-09,-0.382,-0.683,0.807
river_flow,2002-10-10,-0.243,-0.958,0.227
river_flow,2002-10-11,-0.151,-0.712,0.519
river_flow,2002-10-12,-0.231,-0.863,-0.272
river_flow,2002-10-13,-0.296,-0.945,-0.298
river_flow,2002-10-14,-0.339,-0.925,-0.37
river_flow,2002-10-15,-0.492,-0.905,-0.989
river_flow,2002-10-16,-0.656,-0.827,-0.117
river_flow,2002-10-17,-0.742,-0.813,-0.648
river_flow,2002-10-18,-0.795,-0.918,-0.331
river_flow,2002-10-19,-0.638,-0.858,-0.497
river_flow,2002-10-20,-0.628,-0.637,-1.064
river_flow,2002-10-21,-0.593,-0.673,0.295
river_flow,2002-10-22,-0.278,-0.797,1.694
river_flow,2002-10-23,-0.446,-0.831,0.88
river_flow,2002-10-24,-0.044,-0.817,0.381
river_flow,2002-10-25,0.167,-0.761,0.085
river_flow,2002-10-26,0.042,-0.919,0.011
river_flow,2002-10-27,-0.079,-0.835,0.057
river_flow,2002-10-28,-0.626,-0.97,-0.981
river_flow,2002-10-29,-0.537,-0.756,0.07
river_flow,2002-10-30,-0.552,-0.724,-0.13
river_flow,2002-10-31,-0.489,-0.829,-0.032
river_flow,2002-11-01,-0.63,-0.615,0.002
river_flow,2002-11-02,-0.417,-0.887,0.01
river_flow,2002-11-03,-0.2,-0.903,0.553
river_flow,2002-11-04,-0.17,-0.726,0.687
river_flow,2002-11-05,-0.23,-0.635,0.31
river_flow,2002-11-06,-0.23,-0.562,0.201
river_flow,2002-11-07,-0.309,-0.767,0.442
river_flow,2002-11-08,-0.063,-0.604,0.991
river_flow,2002-11-09,-0.152,-0.706,-0.62
river_flow,2002-11-10,-0.315,-0.71,-0.951
river_flow,2002-11-11,-0.367,-0.594,-0.309
river_flow,2002-11-12,-0.721,-0.607,-0.462
river_flow,2002-11-13,-0.683,-0.82,-0.401
river_flow,2002-11-14,-0.401,-0.504,-0.269
river_flow,2002-11-15,-0.66,-0.502,-0.329
river_flow,2002-11-16,-0.35,-0.692,0.745
river_flow,2002-11-17,-0.286,-0.579,-0.584
river_flow,2002-11-18,-0.581,-0.558,-0.023
river_flow,2002-11-19,-0.209,-0.569,0.436
river_flow,2002-11-20,-0.133,-0.639,-0.334
river_flow,2002-11-21,-0.365,-0.639,0.303
river_flow,2002-11-22,0.14,-0.562,1.048
river_flow,2002-11-23,-0.299,-0.43,0.01
river_flow,2002-11-24,-0.086,-0.481,-0.102
river_flow,2002-11-25,-0.313,-0.56,-1.021
river_flow,2002-11-26,-0.328,-0.433,-0.796
river_flow,2002-11-27,-0.495,-0.782,-0.675
river_flow,2002-11-28,-0.603,-0.369,-0.55
river_flow,2002-11-29,-0.479,-0.645,0.424
river_flow,2002-11-30,-0.597,-0.494,0.279
river_flow,2002-12-01,-0.242,-0.556,-0.339
river_flow,2002-12-02,-0.328,-0.56,0.514
river_flow,2002-12-03,0.041,-0.301,0.737
river_flow,2002-12-04,0.008,-0.45,1.058
river_flow,2002-12-05,0.105,-0.355,1.181
river_flow,2002-12-06,0.057,-0.38,-0.291
river_flow,2002-12-07,-0.14,-0.314,-0.405
river_flow,2002-12-08,-0.152,-0.339,-0.846
river_flow,2002-12-09,-0.193,-0.461,-0.508
river_flow,2002-12-10,-0.264,-0.219,-0.254
river_flow,2002-12-11,-0.415,-0.353,0.006
river_flow,2002-12-12,-0.355,-0.445,-0.429
river_flow,2002-12-13,-0.416,-0.317,-0.377
river_flow,2002-12-14,-0.211,-0.11,0.076
river_flow,2002-12-15,-0.135,-0.16,-0.201
river_flow,2002-12-16,0.068,-0.265,1.436
river_flow,2002-12-17,-0.248,-0.25,-0.316
river_flow,2002-12-18,-0.039,-0.232,0.58
river_flow,2002-12-19,0.258,0.023,1.403
river_flow,2002-12-20,0.317,-0.131,0.22
