series,epoch,value
T842,0,205.0142
T842,1,231.7463
T842,2,255.7048
T842,3,277.5605
T842,4,301.3527
T842,5,336.107
T842,6,366.5206
T842,7,396.46
T842,8,441.6616
T842,9,501.554
T842,10,568.9806
T842,11,658.2567
T842,12,762.3837
T842,13,853.8919
T842,14,878.5098
T842,15,938.3694
T842,16,971.4488
T842,17,968.3401
T842,18,969.027
T842,19,1005.6534
T842,20,1084.0967
T842,21,1122.2707
T842,22,1147.9294
T842,23,1219.5206
T842,24,1275.1965
T842,25,1333.6115
T842,26,1393.1235
T842,27,1478.557
T842,28,1532.3579
T842,29,1647.976
T842,30,1723.6085
T842,31,1919.6531
T842,32,2093.6482
T842,33,2129.617
T842,34,2206.5593
T842,35,2351.7885
T842,36,2551.1127
T842,37,2850.5774
T842,38,2864.7573
T842,39,3210.3674
T842,40,2861.3207
T842,41,3006.3766
T842,42,3338.1135
T842,43,3594.9038
T842,44,3727.0997
T842,45,3910.5952
T4327,0,198.8
T4327,1,235.5
T4327,2,262.7
T4327,3,289.4
T4327,4,317.4
T4327,5,352.2
T4327,6,380.5
T4327,7,438.1
T4327,8,471.5
T4327,9,541.3
T4327,10,603.0
T4327,11,650.3
T4327,12,696.1
T4327,13,728.4
T4327,14,785.5
T4327,15,872.4
T4327,16,929.7
T4327,17,1001.5
T4327,18,1028.3
T4327,19,1127.1
T4327,20,1190.6
T4327,21,1265.2
T4327,22,1286.1
T4327,23,1346.8
T4327,24,1390.8
T4327,25,1466.1
T4327,26,1533.7
T4327,27,1585.9
T4327,28,1635.0
T4327,29,1616.8
T4327,30,1654.8
T4327,31,1778.8
T4327,32,1809.5
T4327,33,1823.3
T4327,34,1892.2
T4327,35,2054.6
T4327,36,2080.4
T4327,37,2186.5
T4327,38,2355.7
T4327,39,2454.8
T4327,40,2398.2
T4327,41,2517.3
T4327,42,2608.4
T4327,43,2710.9
T4327,44,2745.0
T4327,45,2831.4
T4348,0,212.8
T4348,1,245.0
T4348,2,269.0
T4348,3,289.2
T4348,4,322.0
T4348,5,348.0
T4348,6,353.0
T4348,7,383.4
T4348,8,409.3
T4348,9,457.0
T4348,10,514.1
T4348,11,556.4
T4348,12,598.1
T4348,13,634.0
T4348,14,710.7
T4348,15,788.3
T4348,16,848.8
T4348,17,888.7
T4348,18,915.6
T4348,19,965.3
T4348,20,1024.8
T4348,21,1078.1
T4348,22,1162.2
T4348,23,1219.7
T4348,24,1268.5
T4348,25,1360.9
T4348,26,1434.7
T4348,27,1477.4
T4348,28,1504.1
T4348,29,1539.2
T4348,30,1583.4
T4348,31,1617.6
T4348,32,1762.8
T4348,33,1774.6
T4348,34,1864.0
T4348,35,2045.1
T4348,36,2114.0
T4348,37,2208.3
T4348,38,2259.9
T4348,39,2415.3
T4348,40,2544.6
T4348,41,2579.9
T4348,42,2694.1
T4348,43,2796.9
T4348,44,2958.7
T4348,45,3082.8
T4362,0,137.609
T4362,1,154.394
T4362,2,175.493
T4362,3,204.971
T4362,4,235.559
T4362,5,259.724
T4362,6,301.497
T4362,7,333.617
T4362,8,373.981
T4362,9,418.434
T4362,10,483.058
T4362,11,533.92
T4362,12,569.318
T4362,13,624.489
T4362,14,658.081
T4362,15,715.867
T4362,16,764.451
T4362,17,784.177
T4362,18,833.3
T4362,19,924.031
T4362,20,957.984
T4362,21,1017.162
T4362,22,1096.508
T4362,23,1127.767
T4362,24,1168.234
T4362,25,1193.425
T4362,26,1275.071
T4362,27,1323.817
T4362,28,1391.233
T4362,29,1484.997
T4362,30,1520.346
T4362,31,1547.934
T4362,32,1643.722
T4362,33,1696.929
T4362,34,1769.468
T4362,35,1834.972
T4362,36,1938.44
T4362,37,2063.954
T4362,38,2137.457
T4362,39,2273.675
T4362,40,2179.427
T4362,41,2267.443
T4362,42,2341.451
T4362,43,2361.684
T4362,44,2346.874
T4362,45,2427.969
T4399,0,397.93
T4399,1,481.23
T4399,2,513.91
T4399,3,593.45
T4399,4,775.55
T4399,5,837.26
T4399,6,775.28
T4399,7,934.21
T4399,8,985.43
T4399,9,1141.47
T4399,10,1292.63
T4399,11,1464.76
T4399,12,1656.36
T4399,13,1616.78
T4399,14,1714.27
T4399,15,1922.92
T4399,16,1895.37
T4399,17,2013.75
T4399,18,2188.8
T4399,19,2400.87
T4399,20,2604.31
T4399,21,2799.8
T4399,22,3013.13
T4399,23,3296.74
T4399,24,3492.0
T4399,25,3755.54
T4399,26,3900.09
T4399,27,4284.35
T4399,28,4594.15
T4399,29,4731.36
T4399,30,4821.83
T4399,31,5039.58
T4399,32,5098.07
T4399,33,5341.71
T4399,34,5679.09
T4399,35,6100.49
T4399,36,6697.02
T4399,37,7389.82
T4399,38,8221.7
T4399,39,9348.57
T4399,40,8934.11
T4399,41,9044.85
T4399,42,9402.07
T4399,43,9689.76
T4399,44,10419.21
T4399,45,11007.64
T4400,0,340.5
T4400,1,397.9
T4400,2,372.7
T4400,3,429.6
T4400,4,516.4
T4400,5,508.3
T4400,6,540.9
T4400,7,578.6
T4400,8,578.5
T4400,9,652.7
T4400,10,749.3
T4400,11,837.4
T4400,12,984.1
T4400,13,718.1
T4400,14,890.1
T4400,15,959.9
T4400,16,950.4
T4400,17,1030.9
T4400,18,1069.7
T4400,19,1158.1
T4400,20,1284.9
T4400,21,1369.3
T4400,22,1448.1
T4400,23,1524.7
T4400,24,1540.8
T4400,25,1620.9
T4400,26,1804.8
T4400,27,1911.1
T4400,28,1989.1
T4400,29,2060.6
T4400,30,2093.3
T4400,31,2380.8
T4400,32,2018.4
T4400,33,1931.6
T4400,34,2030.1
T4400,35,2202.1
T4400,36,2323.3
T4400,37,2508.9
T4400,38,2633.4
T4400,39,3126.7
T4400,40,2901.1
T4400,41,3049.5
T4400,42,3219.3
T4400,43,3398.2
T4400,44,3625.1
T4400,45,3743.1
T4428,0,223.55
T4428,1,238.33
T4428,2,270.17
T4428,3,303.31
T4428,4,361.58
T4428,5,406.27
T4428,6,432.5
T4428,7,497.13
T4428,8,544.45
T4428,9,615.9
T4428,10,685.75
T4428,11,760.04
T4428,12,811.22
T4428,13,868.45
T4428,14,926.09
T4428,15,994.48
T4428,16,1041.96
T4428,17,1068.38
T4428,18,1116.62
T4428,19,1177.31
T4428,20,1250.8
T4428,21,1308.15
T4428,22,1336.25
T4428,23,1473.93
T4428,24,1558.95
T4428,25,1574.63
T4428,26,1625.14
T4428,27,1669.83
T4428,28,1732.15
T4428,29,1777.43
T4428,30,1790.18
T4428,31,1862.32
T4428,32,1899.59
T4428,33,1875.56
T4428,34,1899.3
T4428,35,2043.61
T4428,36,2129.43
T4428,37,2190.68
T4428,38,2269.65
T4428,39,2253.79
T4428,40,2271.31
T4428,41,2285.31
T4428,42,2266.56
T4428,43,2278.37
T4428,44,2246.89
T4428,45,2320.72
T4448,0,266.4
T4448,1,278.1
T4448,2,297.7
T4448,3,327.0
T4448,4,369.0
T4448,5,411.6
T4448,6,439.8
T4448,7,491.2
T4448,8,534.8
T4448,9,595.0
T4448,10,661.8
T4448,11,732.7
T4448,12,800.1
T4448,13,851.5
T4448,14,960.4
T4448,15,1037.8
T4448,16,1089.8
T4448,17,1118.5
T4448,18,1167.2
T4448,19,1262.6
T4448,20,1316.4
T4448,21,1364.6
T4448,22,1398.0
T4448,23,1489.0
T4448,24,1524.2
T4448,25,1571.3
T4448,26,1611.1
T4448,27,1685.8
T4448,28,1760.0
T4448,29,1826.3
T4448,30,1842.4
T4448,31,1947.0
T4448,32,2028.9
T4448,33,2031.0
T4448,34,2094.0
T4448,35,2253.5
T4448,36,2351.8
T4448,37,2532.7
T4448,38,2632.8
T4448,39,2769.0
T4448,40,2830.0
T4448,41,2930.7
T4448,42,3038.9
T4448,43,3118.0
T4448,44,3157.0
T4448,45,3300.7
T4501,0,566.1
T4501,1,610.4
T4501,2,650.3
T4501,3,698.2
T4501,4,748.0
T4501,5,824.4
T4501,6,903.8
T4501,7,973.6
T4501,8,1060.2
T4501,9,1188.0
T4501,10,1322.8
T4501,11,1494.5
T4501,12,1691.8
T4501,13,1804.9
T4501,14,1917.9
T4501,15,2121.2
T4501,16,2229.6
T4501,17,2357.3
T4501,18,2464.2
T4501,19,2647.8
T4501,20,2825.8
T4501,21,2945.3
T4501,22,3036.4
T4501,23,3175.6
T4501,24,3290.0
T4501,25,3403.5
T4501,26,3636.9
T4501,27,4024.6
T4501,28,4145.6
T4501,29,4611.8
T4501,30,5237.1
T4501,31,6123.0
T4501,32,5812.5
T4501,33,5490.6
T4501,34,5572.3
T4501,35,6005.6
T4501,36,6580.8
T4501,37,7292.5
T4501,38,7731.3
T4501,39,7591.9
T4501,40,7031.1
T4501,41,7120.4
T4501,42,7689.7
T4501,43,8579.8
T4501,44,8565.3
T4501,45,8965.9
T4626,0,384.9
T4626,1,333.4
T4626,2,390.5
T4626,3,420.6
T4626,4,418.3
T4626,5,483.7
T4626,6,518.7
T4626,7,613.1
T4626,8,652.7
T4626,9,708.3
T4626,10,891.4
T4626,11,883.1
T4626,12,884.5
T4626,13,852.0
T4626,14,965.7
T4626,15,1046.1
T4626,16,1088.2
T4626,17,1143.5
T4626,18,1127.8
T4626,19,1151.7
T4626,20,1282.4
T4626,21,1300.0
T4626,22,1366.1
T4626,23,1514.6
T4626,24,1504.2
T4626,25,1595.8
T4626,26,1610.4
T4626,27,1637.5
T4626,28,1691.4
T4626,29,1822.0
T4626,30,1961.2
T4626,31,2031.7
T4626,32,2072.7
T4626,33,2132.8
T4626,34,2214.9
T4626,35,2317.0
T4626,36,2514.6
T4626,37,2704.5
T4626,38,2847.8
T4626,39,3018.8
T4626,40,2943.7
T4626,41,2960.4
T4626,42,3193.1
T4626,43,3356.4
T4626,44,3463.5
T4626,45,3667.9
T4632,0,882.4
T4632,1,979.7
T4632,2,1144.7
T4632,3,897.1
T4632,4,1543.5
T4632,5,1764.9
T4632,6,1603.7
T4632,7,1422.6
T4632,8,1557.7
T4632,9,1529.1
T4632,10,1447.0
T4632,11,2035.1
T4632,12,2469.9
T4632,13,3425.7
T4632,14,4767.3
T4632,15,3923.6
T4632,16,4434.7
T4632,17,4522.1
T4632,18,3646.1
T4632,19,4149.3
T4632,20,3892.7
T4632,21,4494.9
T4632,22,4161.1
T4632,23,4565.2
T4632,24,5283.4
T4632,25,4726.2
T4632,26,6100.3
T4632,27,4632.2
T4632,28,5393.7
T4632,29,6607.1
T4632,30,7794.6
T4632,31,6381.5
T4632,32,7388.2
T4632,33,5630.7
T4632,34,7240.3
T4632,35,6746.2
T4632,36,6633.5
T4632,37,5100.6
T4632,38,7589.1
T4632,39,6753.3
T4632,40,7962.9
T4632,41,9447.8
T4632,42,10580.9
T4632,43,9590.0
T4632,44,10385.7
T4632,45,9508.9
T4655,0,276.0
T4655,1,310.4
T4655,2,340.0
T4655,3,363.7
T4655,4,406.5
T4655,5,448.7
T4655,6,502.6
T4655,7,541.0
T4655,8,588.2
T4655,9,673.6
T4655,10,777.0
T4655,11,882.8
T4655,12,986.6
T4655,13,1031.3
T4655,14,1085.3
T4655,15,1156.3
T4655,16,1209.5
T4655,17,1257.1
T4655,18,1296.7
T4655,19,1419.5
T4655,20,1500.5
T4655,21,1603.7
T4655,22,1667.8
T4655,23,1823.2
T4655,24,1941.5
T4655,25,2104.0
T4655,26,2178.1
T4655,27,2284.5
T4655,28,2401.3
T4655,29,2589.2
T4655,30,2670.5
T4655,31,2873.6
T4655,32,2952.7
T4655,33,2970.4
T4655,34,3090.9
T4655,35,3291.0
T4655,36,3501.9
T4655,37,3746.7
T4655,38,3996.1
T4655,39,4318.1
T4655,40,3978.8
T4655,41,4159.6
T4655,42,4375.3
T4655,43,4557.2
T4655,44,4575.7
T4655,45,4778.4
T4656,0,269.008
T4656,1,309.032
T4656,2,363.001
T4656,3,421.836
T4656,4,491.789
T4656,5,567.932
T4656,6,662.526
T4656,7,766.345
T4656,8,881.046
T4656,9,1045.796
T4656,10,1234.578
T4656,11,1413.318
T4656,12,1605.082
T4656,13,1754.591
T4656,14,1932.274
T4656,15,2125.657
T4656,16,2280.45
T4656,17,2442.774
T4656,18,2612.375
T4656,19,2793.81
T4656,20,3080.909
T4656,21,3312.931
T4656,22,3528.483
T4656,23,3860.011
T4656,24,4227.697
T4656,25,4597.005
T4656,26,5012.09
T4656,27,5490.046
T4656,28,5943.783
T4656,29,6468.27
T4656,30,6933.157
T4656,31,7831.719
T4656,32,8450.452
T4656,33,8590.546
T4656,34,8589.109
T4656,35,8976.059
T4656,36,9482.905
T4656,37,10163.681
T4656,38,10821.112
T4656,39,11160.358
T4656,40,10974.876
T4656,41,11218.645
T4656,42,11996.355
T4656,43,12644.658
T4656,44,13237.112
T4656,45,14126.667
T4727,0,155.4
T4727,1,169.49
T4727,2,184.84
T4727,3,208.49
T4727,4,247.93
T4727,5,280.96
T4727,6,316.97
T4727,7,334.77
T4727,8,362.92
T4727,9,444.04
T4727,10,490.28
T4727,11,512.32
T4727,12,568.57
T4727,13,602.38
T4727,14,651.03
T4727,15,723.01
T4727,16,768.8
T4727,17,828.66
T4727,18,904.2
T4727,19,1062.68
T4727,20,1130.11
T4727,21,1269.27
T4727,22,1324.55
T4727,23,1404.23
T4727,24,1470.0
T4727,25,1572.13
T4727,26,1687.98
T4727,27,1801.01
T4727,28,1890.02
T4727,29,1940.33
T4727,30,2122.47
T4727,31,2147.07
T4727,32,2328.58
T4727,33,2262.79
T4727,34,2377.05
T4727,35,2477.74
T4727,36,2685.95
T4727,37,2800.55
T4727,38,2922.39
T4727,39,3095.46
T4727,40,3076.73
T4727,41,3221.72
T4727,42,3293.7
T4727,43,3297.02
T4727,44,3278.66
T4727,45,3389.08
T4729,0,52.222
T4729,1,64.139
T4729,2,77.155
T4729,3,96.244
T4729,4,129.877
T4729,5,144.858
T4729,6,168.704
T4729,7,186.472
T4729,8,216.674
T4729,9,263.38
T4729,10,320.983
T4729,11,398.615
T4729,12,486.575
T4729,13,549.105
T4729,14,627.155
T4729,15,769.497
T4729,16,910.213
T4729,17,985.607
T4729,18,1083.288
T4729,19,1196.348
T4729,20,1359.499
T4729,21,1453.361
T4729,22,1532.421
T4729,23,1629.161
T4729,24,1721.515
T4729,25,1841.986
T4729,26,1920.012
T4729,27,2037.778
T4729,28,2198.414
T4729,29,2343.921
T4729,30,2507.527
T4729,31,2703.266
T4729,32,2824.122
T4729,33,2907.809
T4729,34,3067.916
T4729,35,3274.004
T4729,36,3608.143
T4729,37,3915.532
T4729,38,4160.675
T4729,39,4292.882
T4729,40,4196.119
T4729,41,4338.008
T4729,42,4439.627
T4729,43,4472.181
T4729,44,4618.959
T4729,45,4765.844
T4759,0,318.0
T4759,1,357.8
T4759,2,391.9
T4759,3,432.4
T4759,4,472.3
T4759,5,528.3
T4759,6,560.4
T4759,7,596.0
T4759,8,639.0
T4759,9,718.2
T4759,10,805.6
T4759,11,934.0
T4759,12,1053.3
T4759,13,1143.2
T4759,14,1208.9
T4759,15,1327.4
T4759,16,1463.6
T4759,17,1586.0
T4759,18,1605.1
T4759,19,1682.7
T4759,20,1806.5
T4759,21,1862.3
T4759,22,1907.2
T4759,23,1983.9
T4759,24,2097.5
T4759,25,2165.5
T4759,26,2305.5
T4759,27,2468.3
T4759,28,2583.2
T4759,29,2743.6
T4759,30,2866.0
T4759,31,3097.2
T4759,32,3202.3
T4759,33,3219.8
T4759,34,3360.9
T4759,35,3636.8
T4759,36,3913.3
T4759,37,4195.9
T4759,38,4281.9
T4759,39,4427.1
T4759,40,4162.6
T4759,41,4316.3
T4759,42,4511.3
T4759,43,4472.1
T4759,44,4555.4
T4759,45,4712.7
T4850,0,646.054
T4850,1,685.331
T4850,2,723.656
T4850,3,768.834
T4850,4,833.676
T4850,5,921.508
T4850,6,1082.68
T4850,7,1228.287
T4850,8,1369.192
T4850,9,1540.138
T4850,10,1675.829
T4850,11,1889.914
T4850,12,2158.777
T4850,13,2332.001
T4850,14,2487.645
T4850,15,2705.63
T4850,16,2909.752
T4850,17,3125.088
T4850,18,3286.901
T4850,19,3509.189
T4850,20,3803.771
T4850,21,4006.389
T4850,22,4173.639
T4850,23,4511.572
T4850,24,4652.345
T4850,25,4921.585
T4850,26,5179.239
T4850,27,5469.573
T4850,28,5608.323
T4850,29,6053.148
T4850,30,6266.066
T4850,31,6585.624
T4850,32,6824.815
T4850,33,6989.549
T4850,34,7320.244
T4850,35,7800.521
T4850,36,8200.217
T4850,37,8937.264
T4850,38,9537.585
T4850,39,9829.072
T4850,40,9755.151
T4850,41,10149.499
T4850,42,11032.796
T4850,43,10986.762
T4850,44,11167.609
T4850,45,11582.152
T4864,0,299.4
T4864,1,265.7
T4864,2,261.8
T4864,3,330.5
T4864,4,414.9
T4864,5,415.0
T4864,6,517.4
T4864,7,516.0
T4864,8,530.5
T4864,9,608.2
T4864,10,661.3
T4864,11,718.6
T4864,12,780.1
T4864,13,814.0
T4864,14,912.4
T4864,15,1088.8
T4864,16,1151.0
T4864,17,1285.8
T4864,18,1344.7
T4864,19,1399.6
T4864,20,1490.0
T4864,21,1502.0
T4864,22,1571.8
T4864,23,1703.9
T4864,24,1838.4
T4864,25,1988.9
T4864,26,2051.3
T4864,27,2232.9
T4864,28,2327.1
T4864,29,2459.4
T4864,30,2618.8
T4864,31,2716.2
T4864,32,2828.3
T4864,33,2904.0
T4864,34,2850.6
T4864,35,3155.8
T4864,36,3115.9
T4864,37,3229.0
T4864,38,3308.3
T4864,39,3341.0
T4864,40,3209.4
T4864,41,3135.0
T4864,42,3307.2
T4864,43,3416.8
T4864,44,3535.8
T4864,45,3680.1
T4902,0,814.96
T4902,1,919.41
T4902,2,1028.65
T4902,3,1194.69
T4902,4,1351.61
T4902,5,1436.68
T4902,6,1566.26
T4902,7,1739.58
T4902,8,1876.68
T4902,9,2267.34
T4902,10,2613.77
T4902,11,2688.95
T4902,12,3103.26
T4902,13,3367.46
T4902,14,3650.38
T4902,15,3863.62
T4902,16,4055.47
T4902,17,4287.57
T4902,18,4660.62
T4902,19,5132.29
T4902,20,5815.42
T4902,21,5820.08
T4902,22,6183.66
T4902,23,6654.41
T4902,24,7006.98
T4902,25,7606.29
T4902,26,8003.98
T4902,27,8373.29
T4902,28,8696.45
T4902,29,9204.41
T4902,30,9476.64
T4902,31,10054.67
T4902,32,10381.84
T4902,33,10767.27
T4902,34,11258.83
T4902,35,11911.47
T4902,36,12421.7
T4902,37,13232.74
T4902,38,13903.95
T4902,39,14481.22
T4902,40,14189.09
T4902,41,14179.63
T4902,42,14539.55
T4902,43,14565.85
T4902,44,14879.24
T4902,45,15245.53
T4921,0,261.3
T4921,1,274.4
T4921,2,290.6
T4921,3,316.8
T4921,4,352.9
T4921,5,390.6
T4921,6,429.0
T4921,7,478.5
T4921,8,523.3
T4921,9,599.2
T4921,10,661.3
T4921,11,723.7
T4921,12,787.1
T4921,13,819.3
T4921,14,876.8
T4921,15,960.0
T4921,16,1019.1
T4921,17,1089.6
T4921,18,1144.9
T4921,19,1193.6
T4921,20,1268.8
T4921,21,1342.9
T4921,22,1347.1
T4921,23,1404.2
T4921,24,1461.4
T4921,25,1516.5
T4921,26,1567.3
T4921,27,1638.2
T4921,28,1712.1
T4921,29,1765.0
T4921,30,1855.5
T4921,31,1932.3
T4921,32,2016.3
T4921,33,2082.5
T4921,34,2141.0
T4921,35,2232.8
T4921,36,2295.4
T4921,37,2401.5
T4921,38,2499.2
T4921,39,2579.4
T4921,40,2543.5
T4921,41,2559.3
T4921,42,2652.8
T4921,43,2722.4
T4921,44,2715.8
T4921,45,2836.6
T4922,0,252.1
T4922,1,279.43
T4922,2,312.76
T4922,3,334.58
T4922,4,401.49
T4922,5,414.34
T4922,6,415.04
T4922,7,457.49
T4922,8,471.93
T4922,9,520.51
T4922,10,574.17
T4922,11,572.06
T4922,12,707.07
T4922,13,761.16
T4922,14,779.75
T4922,15,910.63
T4922,16,909.01
T4922,17,897.71
T4922,18,967.92
T4922,19,1056.44
T4922,20,1151.4
T4922,21,1182.87
T4922,22,1322.12
T4922,23,1433.42
T4922,24,1496.91
T4922,25,1629.37
T4922,26,1690.48
T4922,27,1893.33
T4922,28,2014.07
T4922,29,2073.99
T4922,30,2196.92
T4922,31,2291.28
T4922,32,2389.77
T4922,33,2350.57
T4922,34,2549.99
T4922,35,2480.32
T4922,36,2438.1
T4922,37,2483.59
T4922,38,2533.94
T4922,39,2633.91
T4922,40,2571.75
T4922,41,2701.78
T4922,42,2905.06
T4922,43,2949.53
T4922,44,2946.35
T4922,45,2938.6
T4925,0,57.515
T4925,1,64.657
T4925,2,77.727
T4925,3,95.792
T4925,4,116.02
T4925,5,135.62
T4925,6,150.756
T4925,7,174.878
T4925,8,205.531
T4925,9,244.838
T4925,10,295.325
T4925,11,360.183
T4925,12,407.887
T4925,13,442.141
T4925,14,492.274
T4925,15,560.629
T4925,16,632.675
T4925,17,699.898
T4925,18,771.073
T4925,19,850.828
T4925,20,922.433
T4925,21,1011.105
T4925,22,1058.836
T4925,23,1143.846
T4925,24,1228.322
T4925,25,1345.778
T4925,26,1445.742
T4925,27,1586.924
T4925,28,1670.548
T4925,29,1771.738
T4925,30,1881.766
T4925,31,1980.947
T4925,32,2082.186
T4925,33,2147.468
T4925,34,2215.921
T4925,35,2283.776
T4925,36,2324.762
T4925,37,2406.086
T4925,38,2485.409
T4925,39,2544.739
T4925,40,2517.155
T4925,41,2488.689
T4925,42,2604.717
T4925,43,2590.77
T4925,44,2629.21
T4925,45,2759.008
T4943,0,168.3
T4943,1,180.6
T4943,2,205.65
T4943,3,224.74
T4943,4,256.68
T4943,5,278.02
T4943,6,305.25
T4943,7,348.56
T4943,8,388.61
T4943,9,429.02
T4943,10,500.33
T4943,11,550.94
T4943,12,623.84
T4943,13,644.23
T4943,14,689.51
T4943,15,756.71
T4943,16,786.71
T4943,17,852.4
T4943,18,915.62
T4943,19,974.74
T4943,20,1036.24
T4943,21,1070.74
T4943,22,1149.02
T4943,23,1242.68
T4943,24,1318.08
T4943,25,1430.82
T4943,26,1530.53
T4943,27,1630.52
T4943,28,1617.91
T4943,29,1722.4
T4943,30,1805.74
T4943,31,1878.21
T4943,32,2007.7
T4943,33,2097.56
T4943,34,2143.01
T4943,35,2060.36
T4943,36,2151.95
T4943,37,2216.97
T4943,38,2356.5
T4943,39,2388.1
T4943,40,2426.05
T4943,41,2455.47
T4943,42,2519.13
T4943,43,2528.5
T4943,44,2552.18
T4943,45,2587.86
T5012,0,417.8
T5012,1,448.6
T5012,2,442.9
T5012,3,512.6
T5012,4,499.3
T5012,5,788.0
T5012,6,619.6
T5012,7,669.8
T5012,8,650.1
T5012,9,667.0
T5012,10,653.8
T5012,11,844.6
T5012,12,978.7
T5012,13,1079.8
T5012,14,1269.4
T5012,15,1210.3
T5012,16,1174.2
T5012,17,1295.8
T5012,18,1399.1
T5012,19,1422.8
T5012,20,1761.8
T5012,21,1717.6
T5012,22,1583.6
T5012,23,1660.9
T5012,24,1828.0
T5012,25,1808.8
T5012,26,1849.2
T5012,27,1931.0
T5012,28,1956.3
T5012,29,2149.9
T5012,30,2312.5
T5012,31,2470.5
T5012,32,2548.7
T5012,33,2455.4
T5012,34,2739.4
T5012,35,2850.0
T5012,36,2943.6
T5012,37,2839.5
T5012,38,3503.5
T5012,39,3957.4
T5012,40,3685.7
T5012,41,4238.8
T5012,42,4393.1
T5012,43,4294.5
T5012,44,4569.9
T5012,45,4221.9
T5044,0,819.89
T5044,1,835.98
T5044,2,932.24
T5044,3,1083.12
T5044,4,1285.17
T5044,5,1313.25
T5044,6,1527.03
T5044,7,1573.61
T5044,8,1662.79
T5044,9,1798.06
T5044,10,2001.46
T5044,11,1903.98
T5044,12,2193.54
T5044,13,2291.2
T5044,14,2308.0
T5044,15,2537.68
T5044,16,2622.85
T5044,17,2663.73
T5044,18,2710.23
T5044,19,2678.95
T5044,20,3080.81
T5044,21,3046.49
T5044,22,2981.15
T5044,23,3262.53
T5044,24,3240.9
T5044,25,3526.5
T5044,26,3397.03
T5044,27,3930.37
T5044,28,4077.12
T5044,29,4477.42
T5044,30,4458.73
T5044,31,4974.44
T5044,32,4894.96
T5044,33,4409.22
T5044,34,4792.49
T5044,35,5232.05
T5044,36,5095.78
T5044,37,5381.34
T5044,38,5727.51
T5044,39,6427.71
T5044,40,6040.72
T5044,41,6156.43
T5044,42,6620.03
T5044,43,6525.89
T5044,44,7415.78
T5044,45,6966.02
T5144,0,619.18
T5144,1,621.33
T5144,2,712.9
T5144,3,746.88
T5144,4,964.35
T5144,5,940.4
T5144,6,1096.5
T5144,7,1202.14
T5144,8,1244.68
T5144,9,1371.97
T5144,10,1475.75
T5144,11,1526.52
T5144,12,1701.98
T5144,13,1752.49
T5144,14,1749.92
T5144,15,2059.19
T5144,16,2070.48
T5144,17,2122.84
T5144,18,2182.03
T5144,19,2245.79
T5144,20,2545.59
T5144,21,2603.9
T5144,22,2530.35
T5144,23,2855.1
T5144,24,3017.37
T5144,25,3230.13
T5144,26,3288.02
T5144,27,3650.46
T5144,28,3752.81
T5144,29,4124.49
T5144,30,4105.32
T5144,31,4353.66
T5144,32,4392.95
T5144,33,4222.42
T5144,34,4318.92
T5144,35,4689.26
T5144,36,4826.88
T5144,37,4936.02
T5144,38,5263.02
T5144,39,5575.14
T5144,40,5269.89
T5144,41,5430.95
T5144,42,5808.24
T5144,43,6042.63
T5144,44,6258.63
T5144,45,6137.52
T5178,0,337.7
T5178,1,344.0
T5178,2,369.6
T5178,3,412.9
T5178,4,484.1
T5178,5,483.8
T5178,6,521.8
T5178,7,595.3
T5178,8,648.3
T5178,9,699.4
T5178,10,783.8
T5178,11,837.0
T5178,12,922.1
T5178,13,976.9
T5178,14,1028.2
T5178,15,1211.8
T5178,16,1280.6
T5178,17,1405.0
T5178,18,1479.2
T5178,19,1601.4
T5178,20,1660.2
T5178,21,1682.9
T5178,22,1721.0
T5178,23,1843.2
T5178,24,1912.3
T5178,25,2040.5
T5178,26,2138.2
T5178,27,2182.6
T5178,28,2316.0
T5178,29,2521.9
T5178,30,2581.8
T5178,31,2649.4
T5178,32,2496.7
T5178,33,2530.5
T5178,34,2549.2
T5178,35,2701.7
T5178,36,2767.4
T5178,37,2861.1
T5178,38,2976.4
T5178,39,3043.2
T5178,40,2952.2
T5178,41,3045.8
T5178,42,3250.3
T5178,43,3420.6
T5178,44,3412.5
T5178,45,3600.0
T5180,0,916.61
T5180,1,948.471
T5180,2,1006.339
T5180,3,1111.741
T5180,4,1233.662
T5180,5,1334.707
T5180,6,1428.751
T5180,7,1573.013
T5180,8,1731.274
T5180,9,1926.948
T5180,10,2118.686
T5180,11,2300.281
T5180,12,2535.84
T5180,13,2644.131
T5180,14,2806.25
T5180,15,3112.842
T5180,16,3277.189
T5180,17,3480.227
T5180,18,3711.972
T5180,19,3953.389
T5180,20,4211.235
T5180,21,4380.025
T5180,22,4480.788
T5180,23,4836.58
T5180,24,5139.187
T5180,25,5442.653
T5180,26,5703.558
T5180,27,5974.618
T5180,28,6230.749
T5180,29,6749.439
T5180,30,7027.837
T5180,31,7327.282
T5180,32,7495.058
T5180,33,7849.938
T5180,34,8009.934
T5180,35,8394.058
T5180,36,8569.698
T5180,37,9179.051
T5180,38,9548.108
T5180,39,9895.119
T5180,40,9396.209
T5180,41,9476.936
T5180,42,9898.855
T5180,43,10230.4
T5180,44,10261.408
T5180,45,10820.586
T5253,0,555.56
T5253,1,599.1
T5253,2,613.08
T5253,3,722.19
T5253,4,899.66
T5253,5,933.84
T5253,6,1137.0
T5253,7,1064.86
T5253,8,1173.75
T5253,9,1447.5
T5253,10,1448.17
T5253,11,1373.63
T5253,12,1727.82
T5253,13,1693.16
T5253,14,1644.77
T5253,15,2189.85
T5253,16,2211.23
T5253,17,2378.7
T5253,18,2573.0
T5253,19,2429.05
T5253,20,2772.3
T5253,21,2925.65
T5253,22,2811.02
T5253,23,3111.63
T5253,24,3021.8
T5253,25,3363.04
T5253,26,3321.88
T5253,27,3946.21
T5253,28,4085.11
T5253,29,4102.65
T5253,30,4067.99
T5253,31,4439.87
T5253,32,4574.0
T5253,33,4479.98
T5253,34,4571.65
T5253,35,4821.93
T5253,36,4963.81
T5253,37,5204.39
T5253,38,5628.11
T5253,39,5908.77
T5253,40,5937.87
T5253,41,6548.4
T5253,42,7436.0
T5253,43,7595.46
T5253,44,8057.62
T5253,45,8380.43
T5300,0,317.144
T5300,1,338.938
T5300,2,354.3
T5300,3,388.719
T5300,4,445.941
T5300,5,467.014
T5300,6,503.702
T5300,7,568.331
T5300,8,623.217
T5300,9,712.431
T5300,10,746.454
T5300,11,815.047
T5300,12,914.312
T5300,13,953.118
T5300,14,994.971
T5300,15,1085.25
T5300,16,1128.526
T5300,17,1154.713
T5300,18,1192.778
T5300,19,1228.428
T5300,20,1271.335
T5300,21,1341.782
T5300,22,1405.729
T5300,23,1487.903
T5300,24,1497.675
T5300,25,1623.27
T5300,26,1701.377
T5300,27,1855.594
T5300,28,1961.24
T5300,29,2082.923
T5300,30,2194.613
T5300,31,2358.325
T5300,32,2442.923
T5300,33,2544.9
T5300,34,2579.786
T5300,35,2727.681
T5300,36,2831.243
T5300,37,3184.694
T5300,38,3156.494
T5300,39,3359.652
T5300,40,3325.292
T5300,41,3191.015
T5300,42,3472.417
T5300,43,3532.712
T5300,44,3620.585
T5300,45,3671.424
T5334,0,366.9
T5334,1,376.7
T5334,2,424.6
T5334,3,484.4
T5334,4,546.9
T5334,5,594.9
T5334,6,678.7
T5334,7,727.9
T5334,8,769.7
T5334,9,853.1
T5334,10,952.0
T5334,11,1046.0
T5334,12,1198.4
T5334,13,1220.5
T5334,14,1275.9
T5334,15,1370.7
T5334,16,1379.0
T5334,17,1453.9
T5334,18,1485.4
T5334,19,1522.9
T5334,20,1661.2
T5334,21,1742.0
T5334,22,1816.9
T5334,23,1923.7
T5334,24,2013.1
T5334,25,2098.5
T5334,26,2154.5
T5334,27,2292.1
T5334,28,2457.7
T5334,29,2591.1
T5334,30,2661.3
T5334,31,2762.6
T5334,32,2932.4
T5334,33,2900.1
T5334,34,2962.1
T5334,35,3001.0
T5334,36,3131.9
T5334,37,3374.1
T5334,38,3601.9
T5334,39,3955.7
T5334,40,3661.9
T5334,41,3749.5
T5334,42,3997.6
T5334,43,4178.0
T5334,44,4260.0
T5334,45,4320.3
T5351,0,1409.5
T5351,1,1671.2
T5351,2,1730.7
T5351,3,2194.9
T5351,4,2849.1
T5351,5,2314.2
T5351,6,2371.2
T5351,7,2541.6
T5351,8,2613.4
T5351,9,2250.9
T5351,10,3035.4
T5351,11,3145.8
T5351,12,3069.8
T5351,13,4541.3
T5351,14,4580.7
T5351,15,4970.6
T5351,16,4960.7
T5351,17,4948.4
T5351,18,4987.0
T5351,19,4851.4
T5351,20,5129.8
T5351,21,5923.3
T5351,22,5636.5
T5351,23,6357.5
T5351,24,6048.3
T5351,25,6264.0
T5351,26,5905.3
T5351,27,6629.2
T5351,28,7070.4
T5351,29,8390.1
T5351,30,8039.4
T5351,31,8147.0
T5351,32,8736.4
T5351,33,7744.1
T5351,34,8828.1
T5351,35,7732.0
T5351,36,9289.0
T5351,37,8969.7
T5351,38,11248.0
T5351,39,12001.0
T5351,40,11242.3
T5351,41,12048.3
T5351,42,15600.4
T5351,43,15388.3
T5351,44,16114.7
T5351,45,14734.2
T5377,0,359.5
T5377,1,381.1
T5377,2,392.6
T5377,3,435.7
T5377,4,501.4
T5377,5,564.7
T5377,6,616.5
T5377,7,658.5
T5377,8,713.8
T5377,9,778.8
T5377,10,890.0
T5377,11,938.1
T5377,12,1047.3
T5377,13,1149.8
T5377,14,1209.3
T5377,15,1280.2
T5377,16,1333.9
T5377,17,1386.8
T5377,18,1401.1
T5377,19,1500.2
T5377,20,1561.3
T5377,21,1671.3
T5377,22,1716.2
T5377,23,1817.7
T5377,24,1888.0
T5377,25,1965.4
T5377,26,2030.7
T5377,27,2170.7
T5377,28,2272.8
T5377,29,2351.4
T5377,30,2354.7
T5377,31,2438.6
T5377,32,2525.0
T5377,33,2547.5
T5377,34,2629.3
T5377,35,2652.5
T5377,36,2720.4
T5377,37,2879.0
T5377,38,3033.4
T5377,39,3232.6
T5377,40,3123.9
T5377,41,3234.9
T5377,42,3396.3
T5377,43,3496.1
T5377,44,3555.2
T5377,45,3589.8
T5417,0,67.057
T5417,1,70.937
T5417,2,80.679
T5417,3,97.243
T5417,4,114.039
T5417,5,133.194
T5417,6,146.17
T5417,7,170.542
T5417,8,200.853
T5417,9,238.436
T5417,10,276.751
T5417,11,308.442
T5417,12,340.768
T5417,13,359.223
T5417,14,380.702
T5417,15,421.528
T5417,16,450.835
T5417,17,474.982
T5417,18,506.519
T5417,19,559.209
T5417,20,606.186
T5417,21,651.183
T5417,22,703.644
T5417,23,788.569
T5417,24,855.875
T5417,25,928.098
T5417,26,1003.005
T5417,27,1065.899
T5417,28,1157.694
T5417,29,1263.616
T5417,30,1350.239
T5417,31,1490.926
T5417,32,1533.156
T5417,33,1531.579
T5417,34,1564.68
T5417,35,1737.594
T5417,36,1840.148
T5417,37,1903.507
T5417,38,2060.58
T5417,39,2267.866
T5417,40,2283.725
T5417,41,2366.625
T5417,42,2502.689
T5417,43,2611.321
T5417,44,2628.361
T5417,45,2768.061
T5433,0,777.23
T5433,1,860.96
T5433,2,957.39
T5433,3,1065.66
T5433,4,1205.39
T5433,5,1501.02
T5433,6,1948.23
T5433,7,2083.45
T5433,8,2487.46
T5433,9,2779.03
T5433,10,3319.26
T5433,11,3507.05
T5433,12,3754.99
T5433,13,4059.91
T5433,14,4084.91
T5433,15,4375.57
T5433,16,4496.37
T5433,17,4295.54
T5433,18,4508.66
T5433,19,4930.81
T5433,20,4953.09
T5433,21,5098.45
T5433,22,5616.9
T5433,23,5911.71
T5433,24,6000.05
T5433,25,6201.51
T5433,26,6384.45
T5433,27,6541.22
T5433,28,6956.59
T5433,29,7358.83
T5433,30,7465.47
T5433,31,7646.1
T5433,32,8268.54
T5433,33,8543.85
T5433,34,8536.32
T5433,35,8878.24
T5433,36,9328.29
T5433,37,9859.58
T5433,38,10281.95
T5433,39,11123.55
T5433,40,11163.65
T5433,41,11313.52
T5433,42,11870.58
T5433,43,12109.85
T5433,44,11779.15
T5433,45,12369.44
T5464,0,171.8
T5464,1,201.2
T5464,2,181.2
T5464,3,212.0
T5464,4,227.6
T5464,5,256.8
T5464,6,276.6
T5464,7,311.5
T5464,8,326.2
T5464,9,351.4
T5464,10,407.0
T5464,11,441.0
T5464,12,519.9
T5464,13,539.2
T5464,14,543.9
T5464,15,673.8
T5464,16,669.4
T5464,17,694.6
T5464,18,727.7
T5464,19,784.8
T5464,20,884.3
T5464,21,961.9
T5464,22,993.8
T5464,23,1080.3
T5464,24,1052.0
T5464,25,1099.2
T5464,26,1129.2
T5464,27,1211.2
T5464,28,1292.7
T5464,29,1321.1
T5464,30,1376.5
T5464,31,1484.3
T5464,32,1536.3
T5464,33,1578.2
T5464,34,1628.2
T5464,35,1765.0
T5464,36,1840.3
T5464,37,1941.5
T5464,38,2086.6
T5464,39,2212.1
T5464,40,2346.1
T5464,41,2412.5
T5464,42,2434.7
T5464,43,2534.5
T5464,44,2618.5
T5464,45,2773.7
T5481,0,606.7
T5481,1,561.8
T5481,2,515.1
T5481,3,573.3
T5481,4,570.2
T5481,5,800.5
T5481,6,878.7
T5481,7,952.5
T5481,8,1024.9
T5481,9,1049.9
T5481,10,1119.4
T5481,11,1245.9
T5481,12,1387.9
T5481,13,1646.6
T5481,14,1537.2
T5481,15,1871.8
T5481,16,1885.3
T5481,17,1791.7
T5481,18,1826.7
T5481,19,2048.7
T5481,20,2247.8
T5481,21,2335.6
T5481,22,2584.9
T5481,23,2868.8
T5481,24,3041.7
T5481,25,3107.0
T5481,26,3028.6
T5481,27,3218.6
T5481,28,3573.6
T5481,29,3664.6
T5481,30,3743.8
T5481,31,4284.1
T5481,32,4217.8
T5481,33,4029.3
T5481,34,4177.0
T5481,35,4499.5
T5481,36,4620.8
T5481,37,4639.1
T5481,38,5081.6
T5481,39,5302.7
T5481,40,5354.9
T5481,41,5288.3
T5481,42,5667.6
T5481,43,5710.7
T5481,44,5884.7
T5481,45,6315.2
T5546,0,1194.98
T5546,1,1225.33
T5546,2,1272.42
T5546,3,1384.7
T5546,4,1544.61
T5546,5,1721.71
T5546,6,1909.71
T5546,7,2170.93
T5546,8,2419.66
T5546,9,2761.85
T5546,10,2998.79
T5546,11,3425.2
T5546,12,3820.99
T5546,13,4132.46
T5546,14,4424.7
T5546,15,4747.6
T5546,16,4988.88
T5546,17,4958.31
T5546,18,4896.22
T5546,19,5100.67
T5546,20,5281.98
T5546,21,5551.68
T5546,22,5828.73
T5546,23,6162.23
T5546,24,6520.74
T5546,25,6846.15
T5546,26,7089.64
T5546,27,7457.49
T5546,28,7927.37
T5546,29,8357.48
T5546,30,8513.46
T5546,31,8625.79
T5546,32,9156.86
T5546,33,9273.68
T5546,34,9413.49
T5546,35,10030.6
T5546,36,10718.58
T5546,37,11281.87
T5546,38,12064.91
T5546,39,12836.87
T5546,40,12791.65
T5546,41,13474.81
T5546,42,13912.85
T5546,43,14258.58
T5546,44,14282.39
T5546,45,14514.14
T5707,0,435.3
T5707,1,436.7
T5707,2,468.9
T5707,3,525.1
T5707,4,587.0
T5707,5,618.2
T5707,6,650.6
T5707,7,745.6
T5707,8,851.8
T5707,9,956.9
T5707,10,1038.6
T5707,11,1088.2
T5707,12,1169.1
T5707,13,1202.2
T5707,14,1289.4
T5707,15,1448.6
T5707,16,1627.6
T5707,17,1725.5
T5707,18,1769.8
T5707,19,1910.1
T5707,20,2030.2
T5707,21,2120.9
T5707,22,2126.4
T5707,23,2155.5
T5707,24,2227.9
T5707,25,2390.4
T5707,26,2502.5
T5707,27,2597.2
T5707,28,2790.6
T5707,29,2924.7
T5707,30,3088.9
T5707,31,3293.3
T5707,32,3306.6
T5707,33,3309.2
T5707,34,3375.8
T5707,35,3406.5
T5707,36,3512.5
T5707,37,3541.2
T5707,38,3647.9
T5707,39,3597.4
T5707,40,3390.0
T5707,41,3435.5
T5707,42,3665.4
T5707,43,3802.8
T5707,44,3840.8
T5707,45,3988.6
T5724,0,466.96
T5724,1,486.393
T5724,2,525.952
T5724,3,600.12
T5724,4,681.382
T5724,5,744.219
T5724,6,800.553
T5724,7,908.686
T5724,8,1054.315
T5724,9,1223.12
T5724,10,1378.852
T5724,11,1479.747
T5724,12,1633.297
T5724,13,1738.346
T5724,14,1894.797
T5724,15,2182.552
T5724,16,2349.604
T5724,17,2466.719
T5724,18,2706.461
T5724,19,2987.902
T5724,20,3347.883
T5724,21,3586.147
T5724,22,3717.756
T5724,23,4074.974
T5724,24,4335.657
T5724,25,4761.21
T5724,26,5083.324
T5724,27,5485.688
T5724,28,5840.561
T5724,29,6262.723
T5724,30,6547.991
T5724,31,6856.772
T5724,32,6871.603
T5724,33,6939.609
T5724,34,7189.279
T5724,35,7682.643
T5724,36,8092.449
T5724,37,8475.992
T5724,38,8598.08
T5724,39,8864.166
T5724,40,8465.734
T5724,41,8869.154
T5724,42,9547.64
T5724,43,10003.942
T5724,44,10287.208
T5724,45,10866.601
T5818,0,793.27
T5818,1,882.87
T5818,2,916.31
T5818,3,1057.87
T5818,4,1306.17
T5818,5,1381.92
T5818,6,1346.23
T5818,7,1400.27
T5818,8,1813.32
T5818,9,1957.52
T5818,10,2085.93
T5818,11,2322.18
T5818,12,2565.91
T5818,13,2619.15
T5818,14,2640.53
T5818,15,3030.02
T5818,16,3239.12
T5818,17,3353.24
T5818,18,3641.45
T5818,19,3503.15
T5818,20,3950.6
T5818,21,4133.73
T5818,22,4240.78
T5818,23,4580.11
T5818,24,4535.58
T5818,25,5049.45
T5818,26,5088.07
T5818,27,5791.89
T5818,28,5733.74
T5818,29,6322.3
T5818,30,6517.42
T5818,31,6698.6
T5818,32,6864.99
T5818,33,6975.12
T5818,34,7261.52
T5818,35,7661.41
T5818,36,8053.38
T5818,37,8470.18
T5818,38,8956.7
T5818,39,9620.57
T5818,40,9214.18
T5818,41,9755.21
T5818,42,10438.48
T5818,43,10884.5
T5818,44,11255.51
T5818,45,11275.51
T5881,0,287.39
T5881,1,315.61
T5881,2,351.4
T5881,3,411.45
T5881,4,466.58
T5881,5,526.32
T5881,6,576.58
T5881,7,647.75
T5881,8,712.06
T5881,9,789.09
T5881,10,864.87
T5881,11,969.18
T5881,12,1097.82
T5881,13,1240.64
T5881,14,1222.3
T5881,15,1286.09
T5881,16,1349.84
T5881,17,1403.76
T5881,18,1457.87
T5881,19,1546.67
T5881,20,1705.74
T5881,21,1829.61
T5881,22,1965.74
T5881,23,2156.57
T5881,24,2281.6
T5881,25,2439.95
T5881,26,2576.31
T5881,27,2709.64
T5881,28,2949.15
T5881,29,3368.54
T5881,30,3481.34
T5881,31,3662.48
T5881,32,3825.21
T5881,33,3983.9
T5881,34,4056.57
T5881,35,4338.59
T5881,36,4868.39
T5881,37,4942.28
T5881,38,5132.2
T5881,39,6115.65
T5881,40,6126.35
T5881,41,6214.62
T5881,42,6449.44
T5881,43,6706.18
T5881,44,6896.01
T5881,45,7077.61
T5903,0,728.26
T5903,1,785.59
T5903,2,867.0
T5903,3,961.49
T5903,4,1084.63
T5903,5,1215.97
T5903,6,1318.87
T5903,7,1480.9
T5903,8,1631.34
T5903,9,1888.17
T5903,10,2134.05
T5903,11,2335.82
T5903,12,2600.34
T5903,13,2722.42
T5903,14,2921.73
T5903,15,3124.46
T5903,16,3315.65
T5903,17,3433.88
T5903,18,3565.68
T5903,19,3756.35
T5903,20,4076.72
T5903,21,4190.1
T5903,22,4508.27
T5903,23,4875.54
T5903,24,5218.92
T5903,25,5570.65
T5903,26,5907.35
T5903,27,6294.18
T5903,28,6571.23
T5903,29,6892.44
T5903,30,6950.94
T5903,31,7337.05
T5903,32,7696.48
T5903,33,7901.52
T5903,34,8080.43
T5903,35,8362.45
T5903,36,8965.82
T5903,37,9541.44
T5903,38,9710.16
T5903,39,10735.18
T5903,40,10422.45
T5903,41,10660.73
T5903,42,10850.26
T5903,43,11110.57
T5903,44,11399.68
T5903,45,11921.81
T5917,0,178.7
T5917,1,192.8
T5917,2,212.6
T5917,3,236.3
T5917,4,270.3
T5917,5,301.9
T5917,6,334.2
T5917,7,375.2
T5917,8,407.3
T5917,9,454.7
T5917,10,515.8
T5917,11,582.1
T5917,12,658.1
T5917,13,682.5
T5917,14,709.0
T5917,15,781.6
T5917,16,828.8
T5917,17,857.4
T5917,18,866.4
T5917,19,955.8
T5917,20,1034.3
T5917,21,1116.8
T5917,22,1152.6
T5917,23,1260.3
T5917,24,1302.3
T5917,25,1369.5
T5917,26,1457.7
T5917,27,1575.6
T5917,28,1610.7
T5917,29,1719.4
T5917,30,1668.6
T5917,31,1708.6
T5917,32,1852.4
T5917,33,1841.2
T5917,34,1921.5
T5917,35,2148.8
T5917,36,2334.2
T5917,37,2354.0
T5917,38,2471.5
T5917,39,2665.1
T5917,40,2674.9
T5917,41,2747.3
T5917,42,2745.1
T5917,43,2960.4
T5917,44,3083.0
T5917,45,3288.0
T5922,0,209.5
T5922,1,240.6
T5922,2,267.1
T5922,3,274.1
T5922,4,313.7
T5922,5,342.1
T5922,6,354.8
T5922,7,416.4
T5922,8,464.4
T5922,9,509.5
T5922,10,574.0
T5922,11,643.4
T5922,12,732.2
T5922,13,748.8
T5922,14,799.6
T5922,15,879.2
T5922,16,939.2
T5922,17,972.4
T5922,18,1043.5
T5922,19,1160.4
T5922,20,1250.0
T5922,21,1282.9
T5922,22,1315.9
T5922,23,1424.9
T5922,24,1492.9
T5922,25,1579.5
T5922,26,1592.2
T5922,27,1687.6
T5922,28,1743.9
T5922,29,1771.3
T5922,30,1834.3
T5922,31,1884.2
T5922,32,2054.8
T5922,33,2056.7
T5922,34,2124.7
T5922,35,2208.8
T5922,36,2214.1
T5922,37,2257.8
T5922,38,2287.7
T5922,39,2464.3
T5922,40,2444.4
T5922,41,2623.7
T5922,42,2789.3
T5922,43,2910.9
T5922,44,2940.3
T5922,45,2988.3
T5936,0,160.62
T5936,1,191.37
T5936,2,201.72
T5936,3,232.14
T5936,4,288.49
T5936,5,281.99
T5936,6,318.34
T5936,7,370.93
T5936,8,396.84
T5936,9,488.19
T5936,10,564.33
T5936,11,560.14
T5936,12,666.71
T5936,13,695.34
T5936,14,719.67
T5936,15,830.82
T5936,16,900.39
T5936,17,938.52
T5936,18,981.62
T5936,19,1039.42
T5936,20,1131.01
T5936,21,1182.51
T5936,22,1250.91
T5936,23,1345.13
T5936,24,1423.94
T5936,25,1515.47
T5936,26,1588.92
T5936,27,1669.38
T5936,28,1826.82
T5936,29,1911.25
T5936,30,2007.53
T5936,31,2247.21
T5936,32,2371.42
T5936,33,2396.88
T5936,34,2499.85
T5936,35,2742.19
T5936,36,2827.59
T5936,37,2883.46
T5936,38,2974.81
T5936,39,3214.94
T5936,40,3306.64
T5936,41,3285.61
T5936,42,3462.5
T5936,43,3638.67
T5936,44,3642.26
T5936,45,3712.88
T5953,0,220.72
T5953,1,232.94
T5953,2,263.06
T5953,3,292.27
T5953,4,322.01
T5953,5,350.18
T5953,6,391.28
T5953,7,475.76
T5953,8,527.1
T5953,9,602.64
T5953,10,679.19
T5953,11,780.16
T5953,12,890.33
T5953,13,848.76
T5953,14,892.17
T5953,15,1034.47
T5953,16,1094.56
T5953,17,1168.85
T5953,18,1190.62
T5953,19,1277.67
T5953,20,1432.07
T5953,21,1476.88
T5953,22,1552.02
T5953,23,1686.11
T5953,24,1833.4
T5953,25,1969.46
T5953,26,2133.03
T5953,27,2303.25
T5953,28,2537.26
T5953,29,2762.65
T5953,30,2941.28
T5953,31,3103.26
T5953,32,3445.83
T5953,33,3568.8
T5953,34,3728.0
T5953,35,4069.08
T5953,36,4138.24
T5953,37,4214.82
T5953,38,4220.18
T5953,39,4289.59
T5953,40,4228.53
T5953,41,4335.59
T5953,42,4541.2
T5953,43,4718.9
T5953,44,4716.68
T5953,45,5012.22
T6025,0,427.87
T6025,1,483.36
T6025,2,482.87
T6025,3,562.17
T6025,4,615.71
T6025,5,719.33
T6025,6,770.35
T6025,7,805.87
T6025,8,834.11
T6025,9,872.67
T6025,10,934.52
T6025,11,930.67
T6025,12,974.55
T6025,13,970.81
T6025,14,1040.45
T6025,15,1100.37
T6025,16,1120.95
T6025,17,1136.3
T6025,18,1158.78
T6025,19,1144.33
T6025,20,1239.74
T6025,21,1299.97
T6025,22,1343.65
T6025,23,1422.11
T6025,24,1556.43
T6025,25,1542.03
T6025,26,1639.33
T6025,27,1675.04
T6025,28,1748.72
T6025,29,1801.49
T6025,30,1806.99
T6025,31,1917.08
T6025,32,1939.83
T6025,33,1973.83
T6025,34,2103.57
T6025,35,2182.13
T6025,36,2235.75
T6025,37,2389.22
T6025,38,2556.38
T6025,39,2636.04
T6025,40,2660.87
T6025,41,2769.66
T6025,42,2866.35
T6025,43,3046.33
T6025,44,3094.79
T6025,45,3134.47
T6042,0,1311.4
T6042,1,1316.8
T6042,2,1572.1
T6042,3,1771.2
T6042,4,2196.8
T6042,5,2324.3
T6042,6,2472.9
T6042,7,2777.7
T6042,8,2768.6
T6042,9,3554.9
T6042,10,3813.9
T6042,11,4201.8
T6042,12,4992.9
T6042,13,5088.9
T6042,14,5074.1
T6042,15,4993.2
T6042,16,4745.0
T6042,17,4574.4
T6042,18,4466.0
T6042,19,4526.4
T6042,20,4997.4
T6042,21,5103.0
T6042,22,5249.7
T6042,23,5460.8
T6042,24,5791.3
T6042,25,6004.6
T6042,26,6244.2
T6042,27,6332.6
T6042,28,6760.1
T6042,29,6807.8
T6042,30,6740.8
T6042,31,7096.9
T6042,32,7715.7
T6042,33,8049.2
T6042,34,8881.9
T6042,35,9564.2
T6042,36,10166.2
T6042,37,10748.4
T6042,38,11585.6
T6042,39,13149.0
T6042,40,13340.6
T6042,41,14211.1
T6042,42,15604.4
T6042,43,16254.4
T6042,44,16146.9
T6042,45,17190.1
T6098,0,339.8
T6098,1,350.8
T6098,2,362.6
T6098,3,395.9
T6098,4,492.2
T6098,5,538.0
T6098,6,597.3
T6098,7,571.3
T6098,8,543.8
T6098,9,761.0
T6098,10,714.5
T6098,11,664.2
T6098,12,882.6
T6098,13,924.1
T6098,14,956.7
T6098,15,1156.2
T6098,16,1197.8
T6098,17,1281.6
T6098,18,1333.7
T6098,19,1473.3
T6098,20,1588.9
T6098,21,1676.8
T6098,22,1730.2
T6098,23,1694.9
T6098,24,1612.8
T6098,25,1790.8
T6098,26,1849.0
T6098,27,2015.0
T6098,28,1964.9
T6098,29,2038.4
T6098,30,2104.8
T6098,31,2265.4
T6098,32,2412.0
T6098,33,2331.6
T6098,34,2580.9
T6098,35,2611.4
T6098,36,2711.7
T6098,37,2809.7
T6098,38,3090.6
T6098,39,3354.4
T6098,40,3444.9
T6098,41,3547.4
T6098,42,4249.0
T6098,43,4214.5
T6098,44,4584.9
T6098,45,4418.1
T6155,0,299.174
T6155,1,325.216
T6155,2,357.006
T6155,3,395.179
T6155,4,442.676
T6155,5,492.078
T6155,6,533.426
T6155,7,595.045
T6155,8,664.406
T6155,9,756.708
T6155,10,853.698
T6155,11,957.289
T6155,12,1083.134
T6155,13,1192.501
T6155,14,1306.104
T6155,15,1483.458
T6155,16,1647.928
T6155,17,1856.524
T6155,18,2091.149
T6155,19,2298.377
T6155,20,2502.337
T6155,21,2519.599
T6155,22,2611.309
T6155,23,2720.542
T6155,24,2819.399
T6155,25,3028.16
T6155,26,3193.848
T6155,27,3335.529
T6155,28,3536.534
T6155,29,3768.103
T6155,30,3924.565
T6155,31,4309.396
T6155,32,4520.381
T6155,33,4706.212
T6155,34,4802.242
T6155,35,5085.788
T6155,36,5284.867
T6155,37,5683.562
T6155,38,5911.106
T6155,39,6160.839
T6155,40,6027.326
T6155,41,6254.941
T6155,42,6517.031
T6155,43,6810.788
T6155,44,6894.435
T6155,45,7220.29
T6156,0,397.4
T6156,1,410.9
T6156,2,449.7
T6156,3,481.7
T6156,4,526.2
T6156,5,559.2
T6156,6,605.6
T6156,7,667.2
T6156,8,731.1
T6156,9,814.4
T6156,10,923.1
T6156,11,1056.7
T6156,12,1194.2
T6156,13,1325.2
T6156,14,1451.8
T6156,15,1601.5
T6156,16,1755.1
T6156,17,1866.8
T6156,18,1984.3
T6156,19,2142.8
T6156,20,2216.7
T6156,21,2237.9
T6156,22,2320.2
T6156,23,2438.8
T6156,24,2496.7
T6156,25,2619.5
T6156,26,2766.9
T6156,27,2889.8
T6156,28,3094.0
T6156,29,3322.1
T6156,30,3473.9
T6156,31,3903.9
T6156,32,4007.1
T6156,33,4078.4
T6156,34,4108.5
T6156,35,4394.0
T6156,36,4607.6
T6156,37,4955.9
T6156,38,5074.7
T6156,39,5104.1
T6156,40,4952.6
T6156,41,5194.6
T6156,42,5553.0
T6156,43,5859.2
T6156,44,5827.4
T6156,45,6084.4
T6269,0,1045.937
T6269,1,1129.789
T6269,2,1262.884
T6269,3,1406.197
T6269,4,1539.858
T6269,5,1689.317
T6269,6,1897.559
T6269,7,2046.257
T6269,8,2258.514
T6269,9,2517.879
T6269,10,2848.598
T6269,11,3273.341
T6269,12,3654.712
T6269,13,3958.561
T6269,14,4253.539
T6269,15,4747.878
T6269,16,5083.711
T6269,17,5393.937
T6269,18,5766.085
T6269,19,6404.809
T6269,20,6836.179
T6269,21,7109.893
T6269,22,7230.154
T6269,23,7636.79
T6269,24,7916.338
T6269,25,8469.747
T6269,26,8793.233
T6269,27,9282.116
T6269,28,10024.06
T6269,29,10525.514
T6269,30,11070.424
T6269,31,11930.438
T6269,32,12022.403
T6269,33,12120.064
T6269,34,12260.971
T6269,35,12954.992
T6269,36,13209.491
T6269,37,13976.3
T6269,38,14784.996
T6269,39,15208.305
T6269,40,15235.031
T6269,41,15279.127
T6269,42,15898.84
T6269,43,16569.555
T6269,44,16461.551
T6269,45,17252.429
T6276,0,323.258
T6276,1,346.719
T6276,2,381.789
T6276,3,405.858
T6276,4,442.733
T6276,5,487.657
T6276,6,528.393
T6276,7,559.15
T6276,8,592.984
T6276,9,638.734
T6276,10,699.111
T6276,11,781.336
T6276,12,860.254
T6276,13,932.602
T6276,14,1010.413
T6276,15,1103.601
T6276,16,1159.338
T6276,17,1215.915
T6276,18,1258.837
T6276,19,1311.63
T6276,20,1456.75
T6276,21,1552.334
T6276,22,1618.653
T6276,23,1746.45
T6276,24,1774.668
T6276,25,1844.058
T6276,26,1884.82
T6276,27,1955.115
T6276,28,2031.817
T6276,29,2144.153
T6276,30,2197.408
T6276,31,2288.872
T6276,32,2364.55
T6276,33,2385.252
T6276,34,2508.007
T6276,35,2627.942
T6276,36,2690.865
T6276,37,2792.728
T6276,38,2942.318
T6276,39,3150.352
T6276,40,3185.763
T6276,41,3313.013
T6276,42,3440.511
T6276,43,3547.275
T6276,44,3587.899
T6276,45,3696.104
T6280,0,378.0
T6280,1,404.7
T6280,2,425.9
T6280,3,450.5
T6280,4,492.9
T6280,5,536.8
T6280,6,584.5
T6280,7,611.5
T6280,8,657.9
T6280,9,720.0
T6280,10,795.9
T6280,11,896.5
T6280,12,995.1
T6280,13,1113.8
T6280,14,1219.9
T6280,15,1364.0
T6280,16,1463.7
T6280,17,1575.3
T6280,18,1633.1
T6280,19,1731.5
T6280,20,1873.8
T6280,21,1927.1
T6280,22,1994.3
T6280,23,2094.2
T6280,24,2031.3
T6280,25,2040.9
T6280,26,2087.0
T6280,27,2133.7
T6280,28,2222.6
T6280,29,2367.1
T6280,30,2469.1
T6280,31,2612.7
T6280,32,2742.1
T6280,33,2716.5
T6280,34,2800.9
T6280,35,2927.3
T6280,36,3064.4
T6280,37,3325.8
T6280,38,3480.1
T6280,39,3685.0
T6280,40,3626.0
T6280,41,3704.2
T6280,42,3845.6
T6280,43,3957.7
T6280,44,3986.6
T6280,45,4164.8
T6326,0,536.92
T6326,1,569.14
T6326,2,623.65
T6326,3,720.49
T6326,4,832.17
T6326,5,888.67
T6326,6,945.69
T6326,7,1093.81
T6326,8,1178.94
T6326,9,1333.09
T6326,10,1477.72
T6326,11,1623.18
T6326,12,1744.41
T6326,13,1810.64
T6326,14,1895.22
T6326,15,2195.2
T6326,16,2269.7
T6326,17,2513.77
T6326,18,2638.12
T6326,19,2869.81
T6326,20,3144.49
T6326,21,3371.68
T6326,22,3485.67
T6326,23,3653.75
T6326,24,3956.7
T6326,25,4066.21
T6326,26,4315.06
T6326,27,4537.31
T6326,28,4788.87
T6326,29,5158.71
T6326,30,5330.21
T6326,31,5613.06
T6326,32,5943.62
T6326,33,5610.53
T6326,34,5648.41
T6326,35,6196.35
T6326,36,6397.54
T6326,37,6716.56
T6326,38,7098.88
T6326,39,7201.05
T6326,40,7059.29
T6326,41,7290.88
T6326,42,7312.27
T6326,43,7676.28
T6326,44,7592.64
T6326,45,8046.44
T6330,0,308.0
T6330,1,329.1
T6330,2,355.0
T6330,3,399.7
T6330,4,447.5
T6330,5,485.3
T6330,6,513.8
T6330,7,566.3
T6330,8,624.6
T6330,9,688.4
T6330,10,754.6
T6330,11,845.9
T6330,12,938.5
T6330,13,988.8
T6330,14,1076.4
T6330,15,1188.4
T6330,16,1266.5
T6330,17,1336.9
T6330,18,1420.9
T6330,19,1543.1
T6330,20,1684.6
T6330,21,1786.9
T6330,22,1839.9
T6330,23,1932.9
T6330,24,2021.1
T6330,25,2085.6
T6330,26,2207.3
T6330,27,2282.1
T6330,28,2426.7
T6330,29,2576.7
T6330,30,2649.2
T6330,31,2758.2
T6330,32,2765.5
T6330,33,2760.7
T6330,34,2768.0
T6330,35,2988.3
T6330,36,3112.7
T6330,37,3325.1
T6330,38,3468.0
T6330,39,3542.5
T6330,40,3428.8
T6330,41,3465.3
T6330,42,3575.4
T6330,43,3799.8
T6330,44,3683.4
T6330,45,3812.8
T6331,0,307.8
T6331,1,319.0
T6331,2,349.0
T6331,3,393.0
T6331,4,425.7
T6331,5,447.4
T6331,6,468.6
T6331,7,533.2
T6331,8,609.7
T6331,9,641.2
T6331,10,689.4
T6331,11,746.1
T6331,12,836.0
T6331,13,874.7
T6331,14,983.1
T6331,15,1056.3
T6331,16,1087.2
T6331,17,1170.5
T6331,18,1251.6
T6331,19,1352.4
T6331,20,1479.0
T6331,21,1525.3
T6331,22,1541.5
T6331,23,1667.3
T6331,24,1755.1
T6331,25,1864.4
T6331,26,1882.8
T6331,27,2006.7
T6331,28,2115.9
T6331,29,2234.2
T6331,30,2373.7
T6331,31,2437.3
T6331,32,2512.2
T6331,33,2523.1
T6331,34,2561.1
T6331,35,2668.9
T6331,36,2680.1
T6331,37,2714.9
T6331,38,2743.8
T6331,39,2757.5
T6331,40,2733.7
T6331,41,2714.0
T6331,42,2781.4
T6331,43,2931.4
T6331,44,2864.5
T6331,45,3009.1
T6345,0,244.4
T6345,1,267.9
T6345,2,276.0
T6345,3,310.7
T6345,4,354.0
T6345,5,391.4
T6345,6,421.8
T6345,7,474.8
T6345,8,485.4
T6345,9,570.7
T6345,10,584.1
T6345,11,643.9
T6345,12,721.3
T6345,13,772.1
T6345,14,839.7
T6345,15,948.4
T6345,16,1026.1
T6345,17,1052.1
T6345,18,1099.7
T6345,19,1204.6
T6345,20,1311.1
T6345,21,1429.2
T6345,22,1470.9
T6345,23,1601.7
T6345,24,1681.1
T6345,25,1764.6
T6345,26,1859.5
T6345,27,2011.8
T6345,28,2195.2
T6345,29,2343.2
T6345,30,2398.8
T6345,31,2471.8
T6345,32,2593.3
T6345,33,2457.1
T6345,34,2438.6
T6345,35,2558.5
T6345,36,2680.6
T6345,37,2813.9
T6345,38,2950.9
T6345,39,2904.5
T6345,40,2909.1
T6345,41,2872.5
T6345,42,2928.4
T6345,43,3132.6
T6345,44,3061.0
T6345,45,3182.6
T6356,0,1279.9
T6356,1,1397.4
T6356,2,1219.7
T6356,3,1656.7
T6356,4,2099.0
T6356,5,2266.4
T6356,6,2157.4
T6356,7,2789.2
T6356,8,2704.9
T6356,9,2940.9
T6356,10,3322.2
T6356,11,3803.7
T6356,12,3811.7
T6356,13,3742.6
T6356,14,4183.0
T6356,15,5126.5
T6356,16,5605.6
T6356,17,5851.2
T6356,18,5756.0
T6356,19,7452.6
T6356,20,7527.4
T6356,21,7493.4
T6356,22,7981.0
T6356,23,8062.8
T6356,24,8155.8
T6356,25,9155.1
T6356,26,8794.5
T6356,27,10348.0
T6356,28,11105.3
T6356,29,11164.6
T6356,30,11253.8
T6356,31,12347.7
T6356,32,12372.6
T6356,33,11770.6
T6356,34,12553.2
T6356,35,13541.8
T6356,36,14415.4
T6356,37,13430.8
T6356,38,15249.8
T6356,39,13611.9
T6356,40,13230.3
T6356,41,13478.4
T6356,42,16543.3
T6356,43,17670.2
T6356,44,18200.5
T6356,45,18723.7
T6391,0,159.5
T6391,1,173.034
T6391,2,188.964
T6391,3,211.723
T6391,4,237.283
T6391,5,274.6
T6391,6,310.554
T6391,7,345.631
T6391,8,372.69
T6391,9,429.103
T6391,10,463.927
T6391,11,522.466
T6391,12,594.331
T6391,13,631.014
T6391,14,671.649
T6391,15,743.786
T6391,16,798.57
T6391,17,840.375
T6391,18,885.141
T6391,19,968.279
T6391,20,1027.381
T6391,21,1088.814
T6391,22,1124.327
T6391,23,1216.804
T6391,24,1280.364
T6391,25,1324.46
T6391,26,1382.328
T6391,27,1451.883
T6391,28,1533.164
T6391,29,1622.479
T6391,30,1709.21
T6391,31,1793.419
T6391,32,1879.612
T6391,33,1928.117
T6391,34,1984.924
T6391,35,2124.759
T6391,36,2268.314
T6391,37,2363.166
T6391,38,2479.006
T6391,39,2651.872
T6391,40,2630.561
T6391,41,2653.511
T6391,42,2746.05
T6391,43,2889.822
T6391,44,2861.255
T6391,45,2933.982
T6468,0,382.7
T6468,1,396.4
T6468,2,438.4
T6468,3,465.9
T6468,4,509.6
T6468,5,552.0
T6468,6,592.2
T6468,7,651.4
T6468,8,715.5
T6468,9,790.9
T6468,10,865.8
T6468,11,941.2
T6468,12,987.8
T6468,13,1029.1
T6468,14,1094.3
T6468,15,1222.3
T6468,16,1293.0
T6468,17,1357.7
T6468,18,1405.2
T6468,19,1525.1
T6468,20,1614.2
T6468,21,1706.5
T6468,22,1753.9
T6468,23,1860.8
T6468,24,1923.4
T6468,25,2016.6
T6468,26,2118.5
T6468,27,2191.6
T6468,28,2331.3
T6468,29,2458.3
T6468,30,2523.5
T6468,31,2624.6
T6468,32,2704.1
T6468,33,2669.8
T6468,34,2722.1
T6468,35,2775.9
T6468,36,2805.8
T6468,37,2957.6
T6468,38,3047.8
T6468,39,3177.7
T6468,40,3158.2
T6468,41,3208.4
T6468,42,3386.3
T6468,43,3465.9
T6468,44,3521.7
T6468,45,3658.0
T6514,0,451.9
T6514,1,469.8
T6514,2,484.7
T6514,3,532.0
T6514,4,580.8
T6514,5,625.5
T6514,6,675.2
T6514,7,748.0
T6514,8,827.2
T6514,9,906.0
T6514,10,991.4
T6514,11,1062.7
T6514,12,1152.0
T6514,13,1211.5
T6514,14,1301.1
T6514,15,1428.0
T6514,16,1523.6
T6514,17,1603.1
T6514,18,1652.4
T6514,19,1766.1
T6514,20,1896.5
T6514,21,1949.5
T6514,22,2018.1
T6514,23,2079.6
T6514,24,2152.5
T6514,25,2255.3
T6514,26,2389.4
T6514,27,2480.3
T6514,28,2608.9
T6514,29,2703.9
T6514,30,2798.0
T6514,31,2955.1
T6514,32,3046.4
T6514,33,3066.6
T6514,34,3115.9
T6514,35,3164.7
T6514,36,3263.1
T6514,37,3465.4
T6514,38,3540.0
T6514,39,3641.0
T6514,40,3550.4
T6514,41,3623.6
T6514,42,3837.1
T6514,43,3922.7
T6514,44,3926.1
T6514,45,4085.1
T6526,0,317.0
T6526,1,335.3
T6526,2,365.6
T6526,3,382.7
T6526,4,424.8
T6526,5,482.8
T6526,6,509.1
T6526,7,575.9
T6526,8,629.3
T6526,9,694.7
T6526,10,774.2
T6526,11,841.4
T6526,12,919.5
T6526,13,963.7
T6526,14,1006.9
T6526,15,1099.2
T6526,16,1181.1
T6526,17,1196.6
T6526,18,1225.1
T6526,19,1294.2
T6526,20,1353.2
T6526,21,1420.3
T6526,22,1466.9
T6526,23,1576.8
T6526,24,1632.8
T6526,25,1742.6
T6526,26,1759.1
T6526,27,1861.7
T6526,28,1951.1
T6526,29,2063.3
T6526,30,2151.7
T6526,31,2258.5
T6526,32,2317.8
T6526,33,2400.6
T6526,34,2428.1
T6526,35,2489.0
T6526,36,2541.4
T6526,37,2612.5
T6526,38,2705.4
T6526,39,2802.4
T6526,40,2831.5
T6526,41,2853.2
T6526,42,3024.7
T6526,43,3063.4
T6526,44,3131.5
T6526,45,3222.8
T6530,0,914.947
T6530,1,947.532
T6530,2,1050.475
T6530,3,1176.515
T6530,4,1345.496
T6530,5,1440.366
T6530,6,1512.927
T6530,7,1680.109
T6530,8,1835.564
T6530,9,2030.492
T6530,10,2225.307
T6530,11,2416.35
T6530,12,2642.706
T6530,13,2614.585
T6530,14,2789.469
T6530,15,3102.395
T6530,16,3267.37
T6530,17,3383.347
T6530,18,3423.072
T6530,19,3695.181
T6530,20,3989.766
T6530,21,4051.49
T6530,22,4109.137
T6530,23,4285.915
T6530,24,4419.466
T6530,25,4687.524
T6530,26,4840.65
T6530,27,5065.864
T6530,28,5248.664
T6530,29,5377.144
T6530,30,5523.271
T6530,31,5622.634
T6530,32,5648.69
T6530,33,5744.769
T6530,34,5914.04
T6530,35,6060.548
T6530,36,6120.86
T6530,37,6476.576
T6530,38,6526.234
T6530,39,6466.744
T6530,40,6257.005
T6530,41,6383.163
T6530,42,6777.899
T6530,43,6886.829
T6530,44,6881.659
T6530,45,7101.258
T6532,0,834.6
T6532,1,908.26
T6532,2,1024.01
T6532,3,1122.56
T6532,4,1292.89
T6532,5,1477.18
T6532,6,1599.74
T6532,7,1771.2
T6532,8,1967.91
T6532,9,2207.57
T6532,10,2518.56
T6532,11,2721.46
T6532,12,2982.11
T6532,13,3156.13
T6532,14,3235.24
T6532,15,3801.56
T6532,16,4122.42
T6532,17,4394.31
T6532,18,4642.29
T6532,19,5221.03
T6532,20,5736.31
T6532,21,6035.06
T6532,22,6244.43
T6532,23,6850.09
T6532,24,7161.48
T6532,25,7769.6
T6532,26,8032.7
T6532,27,8586.63
T6532,28,9168.66
T6532,29,9498.87
T6532,30,10200.64
T6532,31,11013.0
T6532,32,11397.49
T6532,33,12131.91
T6532,34,13005.24
T6532,35,14014.14
T6532,36,14545.11
T6532,37,15549.84
T6532,38,16663.01
T6532,39,17764.13
T6532,40,17797.56
T6532,41,18083.78
T6532,42,19685.51
T6532,43,20856.24
T6532,44,22256.72
T6532,45,22913.75
T6589,0,314.0
T6589,1,340.5
T6589,2,369.4
T6589,3,414.0
T6589,4,458.9
T6589,5,496.4
T6589,6,523.0
T6589,7,480.0
T6589,8,549.4
T6589,9,593.9
T6589,10,744.3
T6589,11,796.7
T6589,12,977.1
T6589,13,1171.4
T6589,14,1106.5
T6589,15,1240.8
T6589,16,1261.2
T6589,17,1196.0
T6589,18,1138.4
T6589,19,1244.2
T6589,20,1371.6
T6589,21,1499.5
T6589,22,1446.3
T6589,23,1607.3
T6589,24,1693.9
T6589,25,1668.0
T6589,26,1761.8
T6589,27,1805.6
T6589,28,2011.8
T6589,29,1964.0
T6589,30,1987.1
T6589,31,2212.2
T6589,32,2403.8
T6589,33,2244.6
T6589,34,2484.4
T6589,35,2584.1
T6589,36,2722.1
T6589,37,2921.2
T6589,38,2922.1
T6589,39,3314.1
T6589,40,2786.9
T6589,41,3145.0
T6589,42,3817.9
T6589,43,4249.4
T6589,44,4435.4
T6589,45,4834.8
T6604,0,223.7
T6604,1,226.9
T6604,2,237.8
T6604,3,257.0
T6604,4,301.1
T6604,5,339.1
T6604,6,359.4
T6604,7,414.3
T6604,8,456.8
T6604,9,506.1
T6604,10,559.1
T6604,11,635.6
T6604,12,729.7
T6604,13,763.3
T6604,14,827.7
T6604,15,896.2
T6604,16,945.2
T6604,17,991.4
T6604,18,1019.5
T6604,19,1086.6
T6604,20,1152.9
T6604,21,1213.6
T6604,22,1258.7
T6604,23,1313.9
T6604,24,1381.5
T6604,25,1477.6
T6604,26,1540.5
T6604,27,1592.9
T6604,28,1638.6
T6604,29,1673.3
T6604,30,1738.7
T6604,31,1876.8
T6604,32,1933.4
T6604,33,1945.8
T6604,34,2018.9
T6604,35,2122.6
T6604,36,2223.4
T6604,37,2394.8
T6604,38,2548.9
T6604,39,2654.3
T6604,40,2618.8
T6604,41,2681.9
T6604,42,2777.0
T6604,43,2923.9
T6604,44,2959.0
T6604,45,3061.7
T6640,0,468.9
T6640,1,606.5
T6640,2,632.4
T6640,3,659.5
T6640,4,498.1
T6640,5,1273.9
T6640,6,1310.1
T6640,7,976.5
T6640,8,884.6
T6640,9,1056.6
T6640,10,1213.3
T6640,11,1945.5
T6640,12,1459.4
T6640,13,1327.4
T6640,14,1559.2
T6640,15,1712.4
T6640,16,1595.2
T6640,17,2042.8
T6640,18,1929.6
T6640,19,1752.2
T6640,20,1684.1
T6640,21,1805.9
T6640,22,1549.3
T6640,23,1742.8
T6640,24,1817.7
T6640,25,1796.6
T6640,26,1740.1
T6640,27,2302.7
T6640,28,1946.3
T6640,29,1940.7
T6640,30,1718.6
T6640,31,2189.4
T6640,32,1747.9
T6640,33,2248.3
T6640,34,2784.5
T6640,35,2862.7
T6640,36,2694.2
T6640,37,2474.9
T6640,38,3495.0
T6640,39,4654.7
T6640,40,4402.5
T6640,41,4489.7
T6640,42,5338.9
T6640,43,5666.1
T6640,44,5661.3
T6640,45,5801.1
T6681,0,578.1
T6681,1,598.2
T6681,2,623.5
T6681,3,674.8
T6681,4,732.2
T6681,5,804.4
T6681,6,865.4
T6681,7,944.6
T6681,8,1040.9
T6681,9,1147.7
T6681,10,1257.8
T6681,11,1384.0
T6681,12,1542.2
T6681,13,1680.3
T6681,14,1782.3
T6681,15,1946.4
T6681,16,2093.7
T6681,17,2221.5
T6681,18,2368.8
T6681,19,2609.8
T6681,20,2871.2
T6681,21,3051.9
T6681,22,3089.1
T6681,23,3240.1
T6681,24,3364.0
T6681,25,3478.6
T6681,26,3713.2
T6681,27,3900.9
T6681,28,4087.1
T6681,29,4390.3
T6681,30,4524.0
T6681,31,4915.1
T6681,32,5069.0
T6681,33,5180.0
T6681,34,5284.6
T6681,35,5676.3
T6681,36,5889.3
T6681,37,6465.1
T6681,38,6847.3
T6681,39,6926.6
T6681,40,6541.7
T6681,41,6718.2
T6681,42,6959.3
T6681,43,7515.3
T6681,44,7314.9
T6681,45,7583.5
T6688,0,295.2
T6688,1,315.3
T6688,2,336.4
T6688,3,367.2
T6688,4,412.3
T6688,5,468.1
T6688,6,537.4
T6688,7,595.2
T6688,8,668.7
T6688,9,734.6
T6688,10,823.5
T6688,11,868.2
T6688,12,933.5
T6688,13,980.6
T6688,14,995.6
T6688,15,1075.1
T6688,16,1104.2
T6688,17,1141.2
T6688,18,1219.2
T6688,19,1361.2
T6688,20,1468.3
T6688,21,1563.3
T6688,22,1652.1
T6688,23,1733.6
T6688,24,1782.9
T6688,25,1813.5
T6688,26,1843.1
T6688,27,1898.8
T6688,28,1919.4
T6688,29,1996.6
T6688,30,2080.0
T6688,31,2160.0
T6688,32,2226.8
T6688,33,2228.4
T6688,34,2299.7
T6688,35,2494.8
T6688,36,2572.7
T6688,37,2674.3
T6688,38,2843.9
T6688,39,3061.7
T6688,40,3039.3
T6688,41,3347.4
T6688,42,3385.0
T6688,43,3476.3
T6688,44,3461.7
T6688,45,3561.5
T6803,0,320.4
T6803,1,342.2
T6803,2,376.2
T6803,3,418.5
T6803,4,477.7
T6803,5,465.9
T6803,6,503.8
T6803,7,547.3
T6803,8,601.3
T6803,9,712.3
T6803,10,775.6
T6803,11,812.9
T6803,12,925.8
T6803,13,963.6
T6803,14,981.5
T6803,15,1073.1
T6803,16,1081.2
T6803,17,1195.5
T6803,18,1157.6
T6803,19,1150.7
T6803,20,1239.5
T6803,21,1280.5
T6803,22,1303.0
T6803,23,1354.2
T6803,24,1421.3
T6803,25,1490.6
T6803,26,1615.0
T6803,27,1685.8
T6803,28,1775.2
T6803,29,1893.4
T6803,30,2027.6
T6803,31,2183.6
T6803,32,2348.2
T6803,33,2394.2
T6803,34,2528.2
T6803,35,2617.4
T6803,36,2744.2
T6803,37,2880.4
T6803,38,2955.1
T6803,39,2837.0
T6803,40,2704.5
T6803,41,2852.0
T6803,42,3134.3
T6803,43,3085.5
T6803,44,3113.8
T6803,45,3431.0
T6806,0,787.0
T6806,1,918.2
T6806,2,1026.4
T6806,3,1171.9
T6806,4,1579.4
T6806,5,1076.2
T6806,6,1372.2
T6806,7,987.2
T6806,8,1117.7
T6806,9,1461.2
T6806,10,1550.7
T6806,11,1485.2
T6806,12,1956.3
T6806,13,2119.1
T6806,14,2365.3
T6806,15,2987.3
T6806,16,2350.1
T6806,17,2854.6
T6806,18,2791.2
T6806,19,2725.4
T6806,20,2763.4
T6806,21,2618.0
T6806,22,2848.1
T6806,23,3493.1
T6806,24,3394.8
T6806,25,3105.3
T6806,26,3223.3
T6806,27,3930.5
T6806,28,3862.2
T6806,29,4351.4
T6806,30,4695.0
T6806,31,4885.0
T6806,32,4872.0
T6806,33,3712.6
T6806,34,4478.2
T6806,35,4539.1
T6806,36,4824.9
T6806,37,3049.8
T6806,38,5379.0
T6806,39,6364.3
T6806,40,4658.6
T6806,41,5085.2
T6806,42,6991.4
T6806,43,6268.8
T6806,44,7081.7
T6806,45,6634.5
T6852,0,309.43
T6852,1,344.08
T6852,2,391.3
T6852,3,419.71
T6852,4,494.57
T6852,5,560.51
T6852,6,619.64
T6852,7,721.05
T6852,8,801.78
T6852,9,903.66
T6852,10,1018.54
T6852,11,1118.25
T6852,12,1264.28
T6852,13,1260.94
T6852,14,1263.87
T6852,15,1432.06
T6852,16,1495.17
T6852,17,1572.15
T6852,18,1662.68
T6852,19,1829.86
T6852,20,1981.87
T6852,21,2096.92
T6852,22,2278.16
T6852,23,2292.97
T6852,24,2439.79
T6852,25,2636.2
T6852,26,2780.81
T6852,27,2810.93
T6852,28,2990.44
T6852,29,3064.93
T6852,30,3195.08
T6852,31,3368.07
T6852,32,3293.56
T6852,33,3346.18
T6852,34,3390.85
T6852,35,3480.37
T6852,36,3708.07
T6852,37,3881.3
T6852,38,4157.4
T6852,39,4493.69
T6852,40,4527.86
T6852,41,4721.73
T6852,42,4951.51
T6852,43,5136.93
T6852,44,5181.21
T6852,45,5272.85
T6867,0,171.7
T6867,1,205.6
T6867,2,244.2
T6867,3,273.3
T6867,4,320.9
T6867,5,312.8
T6867,6,366.0
T6867,7,412.9
T6867,8,454.7
T6867,9,484.8
T6867,10,561.5
T6867,11,616.2
T6867,12,690.8
T6867,13,737.4
T6867,14,767.4
T6867,15,886.8
T6867,16,927.5
T6867,17,997.6
T6867,18,1059.9
T6867,19,1146.3
T6867,20,1242.7
T6867,21,1302.8
T6867,22,1409.6
T6867,23,1537.1
T6867,24,1736.3
T6867,25,1946.8
T6867,26,2067.5
T6867,27,2176.3
T6867,28,2299.8
T6867,29,2432.5
T6867,30,2499.0
T6867,31,2699.5
T6867,32,2773.3
T6867,33,2842.2
T6867,34,3090.6
T6867,35,3179.5
T6867,36,3403.3
T6867,37,3533.7
T6867,38,3672.1
T6867,39,4068.3
T6867,40,3964.3
T6867,41,4131.5
T6867,42,4511.7
T6867,43,4899.5
T6867,44,5051.9
T6867,45,5089.0
T6868,0,212.08
T6868,1,236.78
T6868,2,256.92
T6868,3,294.62
T6868,4,338.4
T6868,5,360.36
T6868,6,416.96
T6868,7,475.9
T6868,8,518.84
T6868,9,597.43
T6868,10,676.24
T6868,11,725.26
T6868,12,790.21
T6868,13,837.19
T6868,14,920.02
T6868,15,1062.15
T6868,16,1138.98
T6868,17,1148.89
T6868,18,1225.77
T6868,19,1391.87
T6868,20,1531.36
T6868,21,1628.8
T6868,22,1823.28
T6868,23,2020.52
T6868,24,2203.03
T6868,25,2310.66
T6868,26,2412.25
T6868,27,2600.52
T6868,28,2766.96
T6868,29,3059.0
T6868,30,3197.09
T6868,31,3375.31
T6868,32,3426.27
T6868,33,3426.46
T6868,34,3458.19
T6868,35,3758.33
T6868,36,3897.62
T6868,37,4071.26
T6868,38,4308.39
T6868,39,4615.85
T6868,40,4625.62
T6868,41,4753.29
T6868,42,4961.58
T6868,43,5214.45
T6868,44,5429.59
T6868,45,5516.1
T6875,0,168.3
T6875,1,190.9
T6875,2,207.1
T6875,3,249.4
T6875,4,282.2
T6875,5,338.3
T6875,6,283.7
T6875,7,335.9
T6875,8,338.6
T6875,9,380.0
T6875,10,415.4
T6875,11,459.0
T6875,12,537.9
T6875,13,558.4
T6875,14,535.6
T6875,15,601.4
T6875,16,637.0
T6875,17,680.0
T6875,18,708.5
T6875,19,763.3
T6875,20,845.8
T6875,21,920.5
T6875,22,992.6
T6875,23,1067.4
T6875,24,1079.5
T6875,25,1128.2
T6875,26,1215.0
T6875,27,1218.8
T6875,28,1330.8
T6875,29,1363.8
T6875,30,1437.1
T6875,31,1454.5
T6875,32,1473.6
T6875,33,1496.1
T6875,34,1574.6
T6875,35,1590.5
T6875,36,1644.6
T6875,37,1735.8
T6875,38,1815.8
T6875,39,2004.7
T6875,40,2005.9
T6875,41,2036.1
T6875,42,2088.9
T6875,43,2157.7
T6875,44,2188.6
T6875,45,2310.4
T6909,0,315.3
T6909,1,332.16
T6909,2,366.12
T6909,3,411.9
T6909,4,468.15
T6909,5,515.71
T6909,6,567.38
T6909,7,710.46
T6909,8,790.02
T6909,9,908.35
T6909,10,980.96
T6909,11,1130.82
T6909,12,1224.79
T6909,13,1256.69
T6909,14,1259.43
T6909,15,1422.86
T6909,16,1471.16
T6909,17,1553.94
T6909,18,1631.93
T6909,19,1789.3
T6909,20,1953.7
T6909,21,2078.14
T6909,22,2160.28
T6909,23,2300.85
T6909,24,2515.69
T6909,25,2670.07
T6909,26,2869.99
T6909,27,2997.48
T6909,28,3281.82
T6909,29,3529.83
T6909,30,3710.2
T6909,31,4010.4
T6909,32,4118.33
T6909,33,4067.1
T6909,34,4167.77
T6909,35,4370.94
T6909,36,4405.78
T6909,37,4478.8
T6909,38,4816.32
T6909,39,5395.76
T6909,40,5321.27
T6909,41,5482.11
T6909,42,5928.67
T6909,43,6180.29
T6909,44,6324.11
T6909,45,6507.06
T6935,0,315.0
T6935,1,354.6
T6935,2,274.0
T6935,3,348.7
T6935,4,548.6
T6935,5,475.2
T6935,6,484.5
T6935,7,461.1
T6935,8,496.3
T6935,9,651.2
T6935,10,821.8
T6935,11,783.6
T6935,12,1161.3
T6935,13,986.2
T6935,14,1080.5
T6935,15,1118.3
T6935,16,1219.0
T6935,17,1202.2
T6935,18,1448.7
T6935,19,1472.6
T6935,20,1387.5
T6935,21,1568.5
T6935,22,1576.2
T6935,23,1717.0
T6935,24,2079.4
T6935,25,1952.5
T6935,26,1948.8
T6935,27,2006.1
T6935,28,2105.8
T6935,29,2163.1
T6935,30,2491.3
T6935,31,2415.1
T6935,32,2593.3
T6935,33,2383.9
T6935,34,2486.0
T6935,35,2481.7
T6935,36,2767.3
T6935,37,2808.6
T6935,38,2907.9
T6935,39,3075.5
T6935,40,2730.6
T6935,41,3157.8
T6935,42,3419.0
T6935,43,3554.5
T6935,44,3621.6
T6935,45,4496.0
T6992,0,210.9
T6992,1,225.33
T6992,2,253.47
T6992,3,269.08
T6992,4,293.93
T6992,5,343.71
T6992,6,397.35
T6992,7,440.53
T6992,8,474.0
T6992,9,563.48
T6992,10,737.52
T6992,11,834.92
T6992,12,927.11
T6992,13,1034.81
T6992,14,1062.48
T6992,15,1095.63
T6992,16,1167.44
T6992,17,1147.27
T6992,18,1070.67
T6992,19,1057.54
T6992,20,1186.0
T6992,21,1239.58
T6992,22,1259.57
T6992,23,1386.13
T6992,24,1454.15
T6992,25,1508.79
T6992,26,1603.5
T6992,27,1683.28
T6992,28,1878.85
T6992,29,1916.44
T6992,30,1915.52
T6992,31,2065.79
T6992,32,2339.69
T6992,33,2302.97
T6992,34,2438.76
T6992,35,2534.82
T6992,36,2578.04
T6992,37,2770.52
T6992,38,2955.47
T6992,39,3293.52
T6992,40,3207.15
T6992,41,3413.1
T6992,42,3877.72
T6992,43,4164.11
T6992,44,4361.71
T6992,45,4590.12
T6993,0,314.426
T6993,1,341.589
T6993,2,366.186
T6993,3,403.986
T6993,4,449.534
T6993,5,540.718
T6993,6,650.369
T6993,7,791.801
T6993,8,892.511
T6993,9,1027.754
T6993,10,1123.294
T6993,11,1345.438
T6993,12,1747.053
T6993,13,1880.958
T6993,14,1738.536
T6993,15,1745.164
T6993,16,1795.17
T6993,17,1600.108
T6993,18,1530.49
T6993,19,1587.536
T6993,20,1651.598
T6993,21,1697.215
T6993,22,1800.015
T6993,23,1850.992
T6993,24,1917.577
T6993,25,1981.492
T6993,26,2044.847
T6993,27,2129.943
T6993,28,2326.811
T6993,29,2503.838
T6993,30,2380.648
T6993,31,2578.329
T6993,32,2692.296
T6993,33,2755.638
T6993,34,2867.516
T6993,35,2966.971
T6993,36,3291.124
T6993,37,3759.008
T6993,38,4176.773
T6993,39,4697.306
T6993,40,4375.307
T6993,41,4711.883
T6993,42,5511.805
T6993,43,6327.19
T6993,44,6503.22
T6993,45,7244.097
T7012,0,89.56
T7012,1,119.8
T7012,2,143.51
T7012,3,152.85
T7012,4,183.67
T7012,5,206.51
T7012,6,215.85
T7012,7,249.61
T7012,8,260.82
T7012,9,327.06
T7012,10,439.52
T7012,11,441.18
T7012,12,544.54
T7012,13,576.91
T7012,14,575.55
T7012,15,646.72
T7012,16,669.99
T7012,17,681.93
T7012,18,693.09
T7012,19,698.71
T7012,20,742.18
T7012,21,983.85
T7012,22,804.1
T7012,23,831.44
T7012,24,841.18
T7012,25,895.38
T7012,26,940.33
T7012,27,1010.56
T7012,28,1160.64
T7012,29,1242.3
T7012,30,1360.22
T7012,31,1471.05
T7012,32,1557.66
T7012,33,1515.04
T7012,34,1734.94
T7012,35,1745.91
T7012,36,1910.07
T7012,37,2010.89
T7012,38,1994.8
T7012,39,2091.78
T7012,40,1999.99
T7012,41,2100.48
T7012,42,2335.96
T7012,43,2604.17
T7012,44,2827.9
T7012,45,3037.97
T7045,0,446.97
T7045,1,497.09
T7045,2,536.86
T7045,3,615.63
T7045,4,651.59
T7045,5,705.34
T7045,6,790.26
T7045,7,905.62
T7045,8,946.72
T7045,9,1112.01
T7045,10,1349.81
T7045,11,1524.74
T7045,12,1767.62
T7045,13,1953.26
T7045,14,2136.88
T7045,15,2369.76
T7045,16,2477.56
T7045,17,2474.57
T7045,18,2404.58
T7045,19,2535.62
T7045,20,2722.81
T7045,21,2779.43
T7045,22,2888.2
T7045,23,3036.49
T7045,24,3021.24
T7045,25,3226.69
T7045,26,3385.34
T7045,27,3565.89
T7045,28,3836.87
T7045,29,3950.31
T7045,30,4142.93
T7045,31,4308.68
T7045,32,4484.38
T7045,33,4551.83
T7045,34,4918.59
T7045,35,4996.73
T7045,36,5332.42
T7045,37,5600.28
T7045,38,6055.78
T7045,39,6402.08
T7045,40,6011.56
T7045,41,6506.74
T7045,42,7083.19
T7045,43,7834.62
T7045,44,8032.57
T7045,45,8583.53
T7076,0,376.84
T7076,1,395.4
T7076,2,477.96
T7076,3,567.04
T7076,4,661.42
T7076,5,787.59
T7076,6,851.01
T7076,7,983.24
T7076,8,1125.95
T7076,9,1377.12
T7076,10,1623.42
T7076,11,1868.57
T7076,12,2151.12
T7076,13,2429.81
T7076,14,2704.64
T7076,15,2996.99
T7076,16,3212.9
T7076,17,3391.65
T7076,18,3392.06
T7076,19,3686.16
T7076,20,4059.64
T7076,21,4292.39
T7076,22,4524.0
T7076,23,5081.95
T7076,24,5593.7
T7076,25,6125.88
T7076,26,6567.84
T7076,27,7252.39
T7076,28,8167.67
T7076,29,8814.36
T7076,30,9275.19
T7076,31,9953.53
T7076,32,10413.49
T7076,33,10757.87
T7076,34,11255.85
T7076,35,11545.62
T7076,36,12122.87
T7076,37,12939.1
T7076,38,13805.13
T7076,39,14355.61
T7076,40,14371.94
T7076,41,14517.07
T7076,42,15269.79
T7076,43,16301.53
T7076,44,16101.55
T7076,45,16635.52
T7101,0,2365.0
T7101,1,2322.0
T7101,2,2540.4
T7101,3,1966.0
T7101,4,3157.2
T7101,5,2142.3
T7101,6,6942.6
T7101,7,3266.1
T7101,8,3758.5
T7101,9,2795.7
T7101,10,4702.5
T7101,11,3960.0
T7101,12,5276.2
T7101,13,5396.6
T7101,14,7562.4
T7101,15,7118.1
T7101,16,7425.2
T7101,17,7577.9
T7101,18,7859.4
T7101,19,8345.9
T7101,20,7912.4
T7101,21,9471.5
T7101,22,9821.8
T7101,23,9294.5
T7101,24,10539.0
T7101,25,9317.3
T7101,26,8588.4
T7101,27,8733.9
T7101,28,9734.4
T7101,29,11146.5
T7101,30,11611.6
T7101,31,12017.8
T7101,32,11238.4
T7101,33,10540.0
T7101,34,10178.1
T7101,35,10459.8
T7101,36,11838.3
T7101,37,9911.4
T7101,38,11423.0
T7101,39,11403.1
T7101,40,10358.9
T7101,41,13279.1
T7101,42,18457.2
T7101,43,17761.8
T7101,44,15916.2
T7101,45,20061.2
T7104,0,263.48
T7104,1,243.99
T7104,2,289.64
T7104,3,346.71
T7104,4,428.57
T7104,5,424.87
T7104,6,482.39
T7104,7,534.96
T7104,8,560.19
T7104,9,654.93
T7104,10,776.26
T7104,11,903.51
T7104,12,1124.9
T7104,13,1290.82
T7104,14,1382.53
T7104,15,1443.69
T7104,16,1620.5
T7104,17,1583.95
T7104,18,1603.86
T7104,19,1805.36
T7104,20,1963.98
T7104,21,2300.85
T7104,22,2651.13
T7104,23,3094.97
T7104,24,3409.25
T7104,25,3693.69
T7104,26,4090.21
T7104,27,4302.67
T7104,28,4531.18
T7104,29,4820.12
T7104,30,5195.93
T7104,31,5486.41
T7104,32,5949.47
T7104,33,6509.8
T7104,34,7282.5
T7104,35,7628.32
T7104,36,8308.81
T7104,37,9085.61
T7104,38,9772.63
T7104,39,10866.02
T7104,40,11505.8
T7104,41,12387.04
T7104,42,13116.53
T7104,43,13583.84
T7104,44,13893.06
T7104,45,14614.84
T7114,0,334.3
T7114,1,377.9
T7114,2,397.1
T7114,3,439.9
T7114,4,476.5
T7114,5,519.6
T7114,6,579.9
T7114,7,648.7
T7114,8,708.7
T7114,9,800.5
T7114,10,857.8
T7114,11,959.3
T7114,12,1133.0
T7114,13,1217.8
T7114,14,1257.4
T7114,15,1324.8
T7114,16,1344.2
T7114,17,1370.1
T7114,18,1394.2
T7114,19,1455.0
T7114,20,1528.1
T7114,21,1610.6
T7114,22,1669.1
T7114,23,1745.6
T7114,24,1829.1
T7114,25,1874.0
T7114,26,1991.4
T7114,27,2050.4
T7114,28,2143.7
T7114,29,2263.2
T7114,30,2318.1
T7114,31,2426.0
T7114,32,2528.6
T7114,33,2598.5
T7114,34,2752.9
T7114,35,2841.5
T7114,36,2997.8
T7114,37,3074.1
T7114,38,3206.0
T7114,39,3539.3
T7114,40,3342.8
T7114,41,3486.3
T7114,42,3820.3
T7114,43,3985.6
T7114,44,4060.6
T7114,45,4211.4
T7117,0,519.19
T7117,1,553.25
T7117,2,597.7
T7117,3,690.08
T7117,4,793.92
T7117,5,931.05
T7117,6,1056.48
T7117,7,1270.63
T7117,8,1417.43
T7117,9,1633.75
T7117,10,1846.8
T7117,11,2184.38
T7117,12,2594.81
T7117,13,2898.92
T7117,14,2980.43
T7117,15,3285.81
T7117,16,3465.42
T7117,17,3493.38
T7117,18,3456.16
T7117,19,3699.38
T7117,20,3893.62
T7117,21,4118.71
T7117,22,4354.91
T7117,23,4731.9
T7117,24,4963.13
T7117,25,5278.43
T7117,26,5573.31
T7117,27,6048.2
T7117,28,6495.22
T7117,29,6812.49
T7117,30,7050.75
T7117,31,7559.87
T7117,32,7925.14
T7117,33,8122.16
T7117,34,8480.26
T7117,35,8697.34
T7117,36,8959.24
T7117,37,9279.39
T7117,38,10203.33
T7117,39,11001.06
T7117,40,10828.79
T7117,41,11554.13
T7117,42,12607.02
T7117,43,13383.95
T7117,44,13550.33
T7117,45,14296.01
T7218,0,276.1
T7218,1,288.3
T7218,2,320.2
T7218,3,348.9
T7218,4,397.6
T7218,5,422.5
T7218,6,405.0
T7218,7,426.0
T7218,8,436.2
T7218,9,501.2
T7218,10,539.0
T7218,11,582.1
T7218,12,630.5
T7218,13,678.7
T7218,14,850.6
T7218,15,1054.1
T7218,16,1187.3
T7218,17,1064.7
T7218,18,1030.3
T7218,19,1133.2
T7218,20,1218.5
T7218,21,1356.5
T7218,22,1419.6
T7218,23,1394.3
T7218,24,1488.1
T7218,25,1452.1
T7218,26,1450.2
T7218,27,1570.2
T7218,28,1577.2
T7218,29,1737.8
T7218,30,1756.0
T7218,31,1753.1
T7218,32,2018.5
T7218,33,2138.6
T7218,34,2124.6
T7218,35,2314.2
T7218,36,2355.2
T7218,37,2443.5
T7218,38,2721.2
T7218,39,2743.0
T7218,40,2556.9
T7218,41,2680.4
T7218,42,2943.6
T7218,43,2945.9
T7218,44,3203.0
T7218,45,3260.8
T7256,0,684.4
T7256,1,765.1
T7256,2,841.4
T7256,3,906.4
T7256,4,1003.8
T7256,5,1109.8
T7256,6,1226.3
T7256,7,1287.6
T7256,8,1390.8
T7256,9,1540.7
T7256,10,1652.5
T7256,11,1828.3
T7256,12,2005.3
T7256,13,2138.0
T7256,14,2237.8
T7256,15,2400.5
T7256,16,2530.7
T7256,17,2627.1
T7256,18,2744.7
T7256,19,2942.9
T7256,20,3098.7
T7256,21,3174.5
T7256,22,3297.8
T7256,23,3467.1
T7256,24,3602.4
T7256,25,3713.4
T7256,26,3892.4
T7256,27,4067.8
T7256,28,4289.0
T7256,29,4571.6
T7256,30,4819.7
T7256,31,5234.5
T7256,32,5507.2
T7256,33,5625.1
T7256,34,5913.2
T7256,35,6575.1
T7256,36,6926.1
T7256,37,7295.4
T7256,38,7662.9
T7256,39,7772.9
T7256,40,7497.4
T7256,41,7678.2
T7256,42,7992.4
T7256,43,8168.4
T7256,44,8100.6
T7256,45,8317.0
T7293,0,399.812
T7293,1,397.51
T7293,2,434.723
T7293,3,471.119
T7293,4,508.647
T7293,5,560.723
T7293,6,605.14
T7293,7,652.371
T7293,8,712.986
T7293,9,788.788
T7293,10,877.114
T7293,11,985.896
T7293,12,1079.473
T7293,13,1153.59
T7293,14,1227.131
T7293,15,1315.438
T7293,16,1377.929
T7293,17,1440.963
T7293,18,1481.618
T7293,19,1600.935
T7293,20,1649.538
T7293,21,1655.411
T7293,22,1712.796
T7293,23,1792.407
T7293,24,1851.986
T7293,25,1847.102
T7293,26,1885.854
T7293,27,1940.936
T7293,28,2000.368
T7293,29,2065.026
T7293,30,2119.465
T7293,31,2216.773
T7293,32,2412.294
T7293,33,2634.043
T7293,34,2822.285
T7293,35,2905.952
T7293,36,2960.897
T7293,37,3124.009
T7293,38,3219.216
T7293,39,3319.97
T7293,40,3359.617
T7293,41,3445.806
T7293,42,3585.35
T7293,43,3629.559
T7293,44,3635.236
T7293,45,3728.416
T7304,0,283.94
T7304,1,303.29
T7304,2,320.56
T7304,3,363.27
T7304,4,432.98
T7304,5,477.94
T7304,6,526.81
T7304,7,570.46
T7304,8,632.63
T7304,9,678.97
T7304,10,737.36
T7304,11,803.12
T7304,12,974.48
T7304,13,968.88
T7304,14,1006.82
T7304,15,1125.61
T7304,16,1132.66
T7304,17,1182.27
T7304,18,1212.47
T7304,19,1326.53
T7304,20,1452.21
T7304,21,1575.35
T7304,22,1617.14
T7304,23,1701.67
T7304,24,1781.51
T7304,25,1861.13
T7304,26,1971.71
T7304,27,2115.89
T7304,28,2147.74
T7304,29,2165.74
T7304,30,2283.92
T7304,31,2418.62
T7304,32,2535.27
T7304,33,2458.79
T7304,34,2529.71
T7304,35,2570.11
T7304,36,2795.11
T7304,37,2885.8
T7304,38,2991.5
T7304,39,3117.27
T7304,40,3125.31
T7304,41,3125.8
T7304,42,3191.17
T7304,43,3230.82
T7304,44,3212.14
T7304,45,3247.39
T7351,0,1113.83
T7351,1,1339.44
T7351,2,1438.5
T7351,3,1673.25
T7351,4,1816.74
T7351,5,1970.73
T7351,6,2404.27
T7351,7,2633.94
T7351,8,2887.43
T7351,9,2927.33
T7351,10,3267.41
T7351,11,3466.14
T7351,12,3639.5
T7351,13,3806.86
T7351,14,3698.33
T7351,15,3878.43
T7351,16,3888.84
T7351,17,3819.63
T7351,18,3340.5
T7351,19,3318.96
T7351,20,3402.43
T7351,21,3644.49
T7351,22,3680.38
T7351,23,3930.94
T7351,24,3935.43
T7351,25,3899.94
T7351,26,3911.64
T7351,27,4017.6
T7351,28,4005.15
T7351,29,4001.97
T7351,30,3967.17
T7351,31,4014.3
T7351,32,4298.56
T7351,33,4289.77
T7351,34,4215.25
T7351,35,4182.4
T7351,36,4173.83
T7351,37,4404.26
T7351,38,4478.5
T7351,39,4971.58
T7351,40,5108.01
T7351,41,5315.74
T7351,42,5738.73
T7351,43,5886.54
T7351,44,5689.26
T7351,45,5525.82
T7355,0,216.17
T7355,1,229.98
T7355,2,252.92
T7355,3,281.68
T7355,4,325.9
T7355,5,369.98
T7355,6,413.43
T7355,7,473.06
T7355,8,551.04
T7355,9,647.44
T7355,10,726.52
T7355,11,798.87
T7355,12,882.22
T7355,13,920.65
T7355,14,993.67
T7355,15,1110.53
T7355,16,1199.74
T7355,17,1276.26
T7355,18,1351.16
T7355,19,1451.68
T7355,20,1544.83
T7355,21,1616.39
T7355,22,1764.18
T7355,23,1922.52
T7355,24,2050.25
T7355,25,2209.74
T7355,26,2396.92
T7355,27,2548.63
T7355,28,2832.92
T7355,29,3005.87
T7355,30,3197.28
T7355,31,3548.79
T7355,32,3815.23
T7355,33,4069.99
T7355,34,4177.17
T7355,35,4325.47
T7355,36,4392.91
T7355,37,4654.26
T7355,38,4980.79
T7355,39,4944.68
T7355,40,4885.82
T7355,41,4997.75
T7355,42,5270.31
T7355,43,5456.69
T7355,44,5439.02
T7355,45,5622.03
T7406,0,333.8
T7406,1,363.8
T7406,2,421.5
T7406,3,458.1
T7406,4,535.5
T7406,5,555.2
T7406,6,584.7
T7406,7,605.6
T7406,8,646.4
T7406,9,736.8
T7406,10,846.0
T7406,11,902.3
T7406,12,1027.1
T7406,13,1026.4
T7406,14,1103.9
T7406,15,1185.1
T7406,16,1168.6
T7406,17,1254.2
T7406,18,1217.2
T7406,19,1313.3
T7406,20,1429.1
T7406,21,1527.6
T7406,22,1567.7
T7406,23,1646.4
T7406,24,1737.8
T7406,25,1821.2
T7406,26,1878.9
T7406,27,2073.7
T7406,28,2091.5
T7406,29,2171.0
T7406,30,2190.5
T7406,31,2313.7
T7406,32,2356.3
T7406,33,2459.6
T7406,34,2520.1
T7406,35,2608.1
T7406,36,2722.8
T7406,37,2907.8
T7406,38,3124.4
T7406,39,3482.7
T7406,40,3696.8
T7406,41,3841.2
T7406,42,4063.1
T7406,43,4435.5
T7406,44,4360.8
T7406,45,4559.4
T7457,0,259.0
T7457,1,274.7
T7457,2,293.3
T7457,3,301.6
T7457,4,359.4
T7457,5,405.0
T7457,6,455.4
T7457,7,470.1
T7457,8,525.1
T7457,9,604.6
T7457,10,659.5
T7457,11,769.2
T7457,12,798.9
T7457,13,788.2
T7457,14,883.0
T7457,15,955.7
T7457,16,979.1
T7457,17,1035.1
T7457,18,1037.2
T7457,19,1078.9
T7457,20,1217.5
T7457,21,1217.3
T7457,22,1316.8
T7457,23,1412.9
T7457,24,1500.3
T7457,25,1588.0
T7457,26,1675.6
T7457,27,1795.5
T7457,28,1929.9
T7457,29,2030.9
T7457,30,2137.4
T7457,31,2130.7
T7457,32,2301.7
T7457,33,2463.8
T7457,34,2535.4
T7457,35,2627.2
T7457,36,2667.1
T7457,37,2805.5
T7457,38,2902.8
T7457,39,3103.7
T7457,40,3201.4
T7457,41,3247.8
T7457,42,3424.4
T7457,43,3605.3
T7457,44,3681.6
T7457,45,3809.7
T7474,0,649.99
T7474,1,688.94
T7474,2,727.36
T7474,3,790.01
T7474,4,880.45
T7474,5,943.06
T7474,6,1031.87
T7474,7,1111.2
T7474,8,1274.63
T7474,9,1394.25
T7474,10,1613.28
T7474,11,1712.65
T7474,12,1886.12
T7474,13,1940.35
T7474,14,2010.16
T7474,15,2255.96
T7474,16,2347.59
T7474,17,2524.62
T7474,18,2665.47
T7474,19,2735.13
T7474,20,3129.22
T7474,21,3205.07
T7474,22,3338.85
T7474,23,3625.34
T7474,24,3731.45
T7474,25,3923.03
T7474,26,4025.55
T7474,27,4267.48
T7474,28,4513.23
T7474,29,4873.2
T7474,30,4934.37
T7474,31,5063.2
T7474,32,5187.45
T7474,33,5297.51
T7474,34,5542.73
T7474,35,5977.54
T7474,36,6147.66
T7474,37,6373.21
T7474,38,6768.59
T7474,39,6997.66
T7474,40,6679.16
T7474,41,7056.87
T7474,42,7807.33
T7474,43,8318.83
T7474,44,8035.8
T7474,45,8201.98
T7475,0,587.05
T7475,1,637.38
T7475,2,688.63
T7475,3,744.35
T7475,4,844.88
T7475,5,868.84
T7475,6,973.46
T7475,7,1015.51
T7475,8,1149.72
T7475,9,1305.22
T7475,10,1508.37
T7475,11,1672.22
T7475,12,1781.86
T7475,13,1841.02
T7475,14,1848.36
T7475,15,2078.25
T7475,16,2207.84
T7475,17,2393.56
T7475,18,2588.84
T7475,19,2563.63
T7475,20,2962.68
T7475,21,2991.61
T7475,22,3061.31
T7475,23,3422.01
T7475,24,3588.45
T7475,25,3894.92
T7475,26,4012.6
T7475,27,4473.8
T7475,28,4760.58
T7475,29,5272.53
T7475,30,5591.05
T7475,31,5995.19
T7475,32,6522.46
T7475,33,7552.55
T7475,34,6922.78
T7475,35,7352.81
T7475,36,7633.01
T7475,37,7456.19
T7475,38,8154.55
T7475,39,8358.02
T7475,40,8243.75
T7475,41,8379.18
T7475,42,8995.06
T7475,43,9416.54
T7475,44,9747.16
T7475,45,10095.66
T7484,0,427.4
T7484,1,458.8
T7484,2,485.8
T7484,3,522.6
T7484,4,579.3
T7484,5,634.6
T7484,6,694.5
T7484,7,744.9
T7484,8,821.3
T7484,9,916.2
T7484,10,1006.1
T7484,11,1105.7
T7484,12,1209.5
T7484,13,1279.1
T7484,14,1325.1
T7484,15,1442.0
T7484,16,1506.5
T7484,17,1570.2
T7484,18,1638.2
T7484,19,1747.7
T7484,20,1864.8
T7484,21,1942.6
T7484,22,1976.5
T7484,23,2083.2
T7484,24,2148.1
T7484,25,2234.0
T7484,26,2326.2
T7484,27,2419.4
T7484,28,2530.9
T7484,29,2687.0
T7484,30,2763.9
T7484,31,2898.6
T7484,32,3059.9
T7484,33,3112.5
T7484,34,3161.5
T7484,35,3268.5
T7484,36,3363.8
T7484,37,3573.9
T7484,38,3673.4
T7484,39,3803.7
T7484,40,3803.1
T7484,41,3826.3
T7484,42,3940.4
T7484,43,4064.4
T7484,44,4021.9
T7484,45,4150.7
T7531,0,185.89
T7531,1,203.62
T7531,2,227.8
T7531,3,256.89
T7531,4,296.47
T7531,5,322.84
T7531,6,376.08
T7531,7,371.1
T7531,8,399.92
T7531,9,496.3
T7531,10,587.85
T7531,11,648.94
T7531,12,721.58
T7531,13,779.93
T7531,14,803.19
T7531,15,854.5
T7531,16,865.1
T7531,17,886.3
T7531,18,880.11
T7531,19,883.48
T7531,20,960.56
T7531,21,1045.12
T7531,22,1166.96
T7531,23,1139.55
T7531,24,1222.7
T7531,25,1264.75
T7531,26,1296.69
T7531,27,1376.51
T7531,28,1498.53
T7531,29,1569.16
T7531,30,1727.71
T7531,31,1826.55
T7531,32,1953.49
T7531,33,2071.15
T7531,34,2263.33
T7531,35,2357.86
T7531,36,2589.4
T7531,37,2869.22
T7531,38,3047.08
T7531,39,3465.43
T7531,40,3089.58
T7531,41,2981.09
T7531,42,3344.64
T7531,43,3501.37
T7531,44,3639.93
T7531,45,3981.24
