SERIES_ID,DATE,UNRATE,CPIAUCSL,CPIAUCSL_YoY_PCT_CHNG,GDPC1,GDPC1_YoY_PCT_CHNG,DFF,DFF_YoY_CHNG
FRED_DATA,1955-07-01,4.000,26.760,-0.372,3111.379,8.016,1.682,0.883
FRED_DATA,1955-08-01,4.200,26.720,-0.484,3111.379,8.016,1.956,0.736
FRED_DATA,1955-09-01,4.100,26.850,0.149,3111.379,8.016,2.179,1.112
FRED_DATA,1955-10-01,4.300,26.820,0.374,3130.068,6.579,2.240,1.392
FRED_DATA,1955-11-01,4.200,26.880,0.373,3130.068,6.579,2.354,1.521
FRED_DATA,1955-12-01,4.200,26.870,0.374,3130.068,6.579,2.482,1.205
FRED_DATA,1956-01-01,4.000,26.830,0.224,3117.922,3.217,2.454,1.063
FRED_DATA,1956-02-01,3.900,26.860,0.149,3117.922,3.217,2.496,1.204
FRED_DATA,1956-03-01,4.200,26.890,0.373,3117.922,3.217,2.498,1.151
FRED_DATA,1956-04-01,4.000,26.930,0.523,3143.694,2.403,2.623,1.196
FRED_DATA,1956-05-01,4.300,27.030,0.971,3143.694,2.403,2.750,1.317
FRED_DATA,1956-06-01,4.300,27.150,1.647,3143.694,2.403,2.708,1.064
FRED_DATA,1956-07-01,4.400,27.290,1.981,3140.874,0.948,2.746,1.064
FRED_DATA,1956-08-01,4.100,27.310,2.208,3140.874,0.948,2.734,0.778
FRED_DATA,1956-09-01,3.900,27.350,1.862,3140.874,0.948,2.950,0.771
FRED_DATA,1956-10-01,3.900,27.510,2.573,3192.570,1.997,2.965,0.724
FRED_DATA,1956-11-01,4.300,27.510,2.344,3192.570,1.997,2.882,0.528
FRED_DATA,1956-12-01,4.200,27.630,2.828,3192.570,1.997,2.942,0.459
FRED_DATA,1957-01-01,4.200,27.670,3.131,3213.011,3.050,2.844,0.390
FRED_DATA,1957-02-01,3.900,27.800,3.500,3213.011,3.050,3.000,0.504
FRED_DATA,1957-03-01,3.700,27.860,3.607,3213.011,3.050,2.962,0.464
FRED_DATA,1957-04-01,3.900,27.930,3.713,3205.970,1.981,3.000,0.377
FRED_DATA,1957-05-01,4.100,28.000,3.589,3205.970,1.981,3.000,0.250
FRED_DATA,1957-06-01,4.300,28.110,3.536,3205.970,1.981,3.000,0.292
FRED_DATA,1957-07-01,4.200,28.190,3.298,3237.386,3.073,2.990,0.244
FRED_DATA,1957-08-01,4.100,28.280,3.552,3237.386,3.073,3.243,0.509
FRED_DATA,1957-09-01,4.400,28.320,3.547,3237.386,3.073,3.467,0.517
FRED_DATA,1957-10-01,4.500,28.320,2.944,3203.894,0.355,3.500,0.535
FRED_DATA,1957-11-01,5.100,28.410,3.272,3203.894,0.355,3.275,0.393
FRED_DATA,1957-12-01,5.200,28.470,3.040,3203.894,0.355,2.984,0.042
FRED_DATA,1958-01-01,5.800,28.640,3.506,3120.724,-2.872,2.718,-0.125
FRED_DATA,1958-02-01,6.400,28.700,3.237,3120.724,-2.872,1.675,-1.325
FRED_DATA,1958-03-01,6.700,28.870,3.625,3120.724,-2.872,1.198,-1.764
FRED_DATA,1958-04-01,7.400,28.940,3.616,3141.224,-2.020,1.264,-1.736
FRED_DATA,1958-05-01,7.400,28.940,3.357,3141.224,-2.020,0.627,-2.373
FRED_DATA,1958-06-01,7.300,28.910,2.846,3141.224,-2.020,0.930,-2.070
FRED_DATA,1958-07-01,7.500,28.890,2.483,3213.884,-0.726,0.683,-2.307
FRED_DATA,1958-08-01,7.400,28.940,2.334,3213.884,-0.726,1.529,-1.714
FRED_DATA,1958-09-01,7.100,28.910,2.083,3213.884,-0.726,1.759,-1.708
FRED_DATA,1958-10-01,6.700,28.910,2.083,3289.032,2.657,1.803,-1.697
FRED_DATA,1958-11-01,6.200,28.950,1.901,3289.032,2.657,2.267,-1.008
FRED_DATA,1958-12-01,6.200,28.970,1.756,3289.032,2.657,2.424,-0.560
FRED_DATA,1959-01-01,6.000,29.010,1.292,3352.129,7.415,2.484,-0.234
FRED_DATA,1959-02-01,5.900,29.000,1.045,3352.129,7.415,2.429,0.754
FRED_DATA,1959-03-01,5.600,28.970,0.346,3352.129,7.415,2.804,1.606
FRED_DATA,1959-04-01,5.200,28.980,0.138,3427.667,9.119,2.958,1.694
FRED_DATA,1959-05-01,5.100,29.040,0.346,3427.667,9.119,2.895,2.268
FRED_DATA,1959-06-01,5.000,29.110,0.692,3427.667,9.119,3.392,2.461
FRED_DATA,1959-07-01,5.100,29.150,0.900,3430.057,6.726,3.468,2.785
FRED_DATA,1959-08-01,5.200,29.180,0.829,3430.057,6.726,3.500,1.971
FRED_DATA,1959-09-01,5.500,29.250,1.176,3430.057,6.726,3.758,2.000
FRED_DATA,1959-10-01,5.700,29.350,1.522,3439.832,4.585,3.984,2.181
FRED_DATA,1959-11-01,5.800,29.350,1.382,3439.832,4.585,4.000,1.733
FRED_DATA,1959-12-01,5.300,29.410,1.519,3439.832,4.585,3.992,1.568
FRED_DATA,1960-01-01,5.200,29.370,1.241,3517.181,4.924,3.992,1.508
FRED_DATA,1960-02-01,4.800,29.410,1.414,3517.181,4.924,3.966,1.537
FRED_DATA,1960-03-01,5.400,29.410,1.519,3517.181,4.924,3.839,1.035
FRED_DATA,1960-04-01,5.200,29.540,1.932,3498.246,2.059,3.917,0.958
FRED_DATA,1960-05-01,5.100,29.570,1.825,3498.246,2.059,3.847,0.952
FRED_DATA,1960-06-01,5.400,29.610,1.718,3498.246,2.059,3.317,-0.075
FRED_DATA,1960-07-01,5.500,29.550,1.372,3515.385,2.488,3.226,-0.242
FRED_DATA,1960-08-01,5.600,29.610,1.474,3515.385,2.488,2.976,-0.524
FRED_DATA,1960-09-01,5.500,29.610,1.231,3515.385,2.488,2.600,-1.158
FRED_DATA,1960-10-01,6.100,29.750,1.363,3470.278,0.885,2.468,-1.516
FRED_DATA,1960-11-01,6.100,29.780,1.465,3470.278,0.885,2.442,-1.558
FRED_DATA,1960-12-01,6.600,29.810,1.360,3470.278,0.885,1.984,-2.008
FRED_DATA,1961-01-01,6.600,29.840,1.600,3493.703,-0.668,1.448,-2.544
FRED_DATA,1961-02-01,6.900,29.840,1.462,3493.703,-0.668,2.545,-1.421
FRED_DATA,1961-03-01,6.900,29.840,1.462,3493.703,-0.668,2.024,-1.815
FRED_DATA,1961-04-01,7.000,29.810,0.914,3553.021,1.566,1.492,-2.425
FRED_DATA,1961-05-01,7.100,29.840,0.913,3553.021,1.566,1.976,-1.871
FRED_DATA,1961-06-01,6.900,29.840,0.777,3553.021,1.566,1.725,-1.592
FRED_DATA,1961-07-01,7.000,29.920,1.252,3621.252,3.012,1.169,-2.056
FRED_DATA,1961-08-01,6.600,29.940,1.114,3621.252,3.012,2.000,-0.976
FRED_DATA,1961-09-01,6.700,29.980,1.250,3621.252,3.012,1.875,-0.725
FRED_DATA,1961-10-01,6.500,29.980,0.773,3692.289,6.397,2.258,-0.210
FRED_DATA,1961-11-01,6.100,29.980,0.672,3692.289,6.397,2.608,0.167
FRED_DATA,1961-12-01,6.000,30.010,0.671,3692.289,6.397,2.331,0.347
FRED_DATA,1962-01-01,5.800,30.040,0.670,3758.147,7.569,2.145,0.697
FRED_DATA,1962-02-01,5.500,30.110,0.905,3758.147,7.569,2.366,-0.179
FRED_DATA,1962-03-01,5.600,30.170,1.106,3758.147,7.569,2.855,0.831
FRED_DATA,1962-04-01,5.600,30.210,1.342,3792.149,6.730,2.783,1.292
FRED_DATA,1962-05-01,5.500,30.240,1.340,3792.149,6.730,2.363,0.387
FRED_DATA,1962-06-01,5.500,30.210,1.240,3792.149,6.730,2.683,0.958
FRED_DATA,1962-07-01,5.400,30.220,1.003,3838.776,6.007,2.710,1.540
FRED_DATA,1962-08-01,5.700,30.280,1.136,3838.776,6.007,2.927,0.927
FRED_DATA,1962-09-01,5.600,30.420,1.468,3838.776,6.007,2.900,1.025
FRED_DATA,1962-10-01,5.400,30.380,1.334,3851.421,4.310,2.896,0.638
FRED_DATA,1962-11-01,5.700,30.380,1.334,3851.421,4.310,2.943,0.335
FRED_DATA,1962-12-01,5.500,30.380,1.233,3851.421,4.310,2.933,0.603
FRED_DATA,1963-01-01,5.700,30.440,1.332,3893.482,3.601,2.916,0.771
FRED_DATA,1963-02-01,5.900,30.480,1.229,3893.482,3.601,3.000,0.634
FRED_DATA,1963-03-01,5.700,30.510,1.127,3893.482,3.601,2.984,0.129
FRED_DATA,1963-04-01,5.700,30.480,0.894,3937.183,3.825,2.901,0.117
FRED_DATA,1963-05-01,5.900,30.510,0.893,3937.183,3.825,3.000,0.637
FRED_DATA,1963-06-01,5.600,30.610,1.324,3937.183,3.825,2.992,0.308
FRED_DATA,1963-07-01,5.600,30.690,1.555,4023.755,4.819,3.017,0.307
FRED_DATA,1963-08-01,5.400,30.750,1.552,4023.755,4.819,3.488,0.561
FRED_DATA,1963-09-01,5.500,30.720,0.986,4023.755,4.819,3.479,0.579
FRED_DATA,1963-10-01,5.500,30.750,1.218,4050.147,5.160,3.496,0.600
FRED_DATA,1963-11-01,5.700,30.780,1.317,4050.147,5.160,3.483,0.540
FRED_DATA,1963-12-01,5.500,30.880,1.646,4050.147,5.160,3.375,0.442
FRED_DATA,1964-01-01,5.600,30.940,1.643,4135.553,6.217,3.484,0.568
FRED_DATA,1964-02-01,5.400,30.910,1.411,4135.553,6.217,3.483,0.483
FRED_DATA,1964-03-01,5.400,30.940,1.409,4135.553,6.217,3.428,0.444
FRED_DATA,1964-04-01,5.300,30.950,1.542,4180.592,6.182,3.467,0.567
FRED_DATA,1964-05-01,5.100,30.980,1.540,4180.592,6.182,3.496,0.496
FRED_DATA,1964-06-01,5.200,31.010,1.307,4180.592,6.182,3.500,0.508
FRED_DATA,1964-07-01,4.900,31.020,1.075,4245.918,5.521,3.419,0.403
FRED_DATA,1964-08-01,5.000,31.050,0.976,4245.918,5.521,3.500,0.012
FRED_DATA,1964-09-01,5.100,31.080,1.172,4245.918,5.521,3.450,-0.029
FRED_DATA,1964-10-01,5.100,31.120,1.203,4259.046,5.158,3.359,-0.137
FRED_DATA,1964-11-01,4.800,31.210,1.397,4259.046,5.158,3.518,0.034
FRED_DATA,1964-12-01,5.000,31.250,1.198,4259.046,5.158,3.847,0.471
FRED_DATA,1965-01-01,4.900,31.280,1.099,4362.111,5.478,3.903,0.419
FRED_DATA,1965-02-01,5.100,31.280,1.197,4362.111,5.478,3.983,0.500
FRED_DATA,1965-03-01,4.700,31.310,1.196,4362.111,5.478,4.046,0.618
FRED_DATA,1965-04-01,4.800,31.380,1.389,4417.225,5.660,4.091,0.624
FRED_DATA,1965-05-01,4.600,31.480,1.614,4417.225,5.660,4.101,0.605
FRED_DATA,1965-06-01,4.600,31.610,1.935,4417.225,5.660,4.046,0.546
FRED_DATA,1965-07-01,4.400,31.580,1.805,4515.427,6.347,4.093,0.673
FRED_DATA,1965-08-01,4.400,31.550,1.610,4515.427,6.347,4.122,0.622
FRED_DATA,1965-09-01,4.300,31.620,1.737,4515.427,6.347,4.016,0.566
FRED_DATA,1965-10-01,4.200,31.650,1.703,4619.458,8.462,4.081,0.722
FRED_DATA,1965-11-01,4.100,31.750,1.730,4619.458,8.462,4.105,0.587
FRED_DATA,1965-12-01,4.000,31.850,1.920,4619.458,8.462,4.325,0.478
FRED_DATA,1966-01-01,4.000,31.880,1.918,4731.888,8.477,4.423,0.520
FRED_DATA,1966-02-01,3.800,32.080,2.558,4731.888,8.477,4.603,0.620
FRED_DATA,1966-03-01,3.800,32.180,2.779,4731.888,8.477,4.656,0.610
FRED_DATA,1966-04-01,3.800,32.280,2.868,4748.046,7.489,4.672,0.581
FRED_DATA,1966-05-01,3.900,32.350,2.764,4748.046,7.489,4.898,0.797
FRED_DATA,1966-06-01,3.800,32.380,2.436,4748.046,7.489,5.172,1.126
FRED_DATA,1966-07-01,3.800,32.450,2.755,4788.254,6.042,5.299,1.207
FRED_DATA,1966-08-01,3.800,32.650,3.487,4788.254,6.042,5.535,1.413
FRED_DATA,1966-09-01,3.700,32.750,3.574,4788.254,6.042,5.398,1.381
FRED_DATA,1966-10-01,3.700,32.850,3.791,4827.537,4.504,5.532,1.452
FRED_DATA,1966-11-01,3.600,32.880,3.559,4827.537,4.504,5.758,1.654
FRED_DATA,1966-12-01,3.800,32.920,3.359,4827.537,4.504,5.395,1.070
FRED_DATA,1967-01-01,3.900,32.900,3.199,4870.299,2.925,4.944,0.521
FRED_DATA,1967-02-01,3.800,33.000,2.868,4870.299,2.925,5.000,0.397
FRED_DATA,1967-03-01,3.800,33.000,2.548,4870.299,2.925,4.532,-0.124
FRED_DATA,1967-04-01,3.800,33.100,2.540,4873.287,2.638,4.054,-0.617
FRED_DATA,1967-05-01,3.800,33.100,2.318,4873.287,2.638,3.940,-0.958
FRED_DATA,1967-06-01,3.900,33.300,2.841,4873.287,2.638,3.984,-1.188
FRED_DATA,1967-07-01,3.800,33.400,2.928,4919.392,2.739,3.795,-1.505
FRED_DATA,1967-08-01,3.800,33.500,2.603,4919.392,2.739,3.896,-1.638
FRED_DATA,1967-09-01,3.800,33.600,2.595,4919.392,2.739,3.988,-1.410
FRED_DATA,1967-10-01,4.000,33.700,2.588,4956.477,2.671,3.881,-1.652
FRED_DATA,1967-11-01,3.900,33.900,3.102,4956.477,2.671,4.126,-1.632
FRED_DATA,1967-12-01,3.800,34.000,3.281,4956.477,2.671,4.510,-0.885
FRED_DATA,1968-01-01,3.700,34.100,3.647,5057.553,3.845,4.606,-0.337
FRED_DATA,1968-02-01,3.800,34.200,3.636,5057.553,3.845,4.713,-0.287
FRED_DATA,1968-03-01,3.700,34.300,3.939,5057.553,3.845,5.054,0.521
FRED_DATA,1968-04-01,3.500,34.400,3.927,5142.033,5.515,5.760,1.705
FRED_DATA,1968-05-01,3.500,34.500,4.230,5142.033,5.515,6.115,2.175
FRED_DATA,1968-06-01,3.700,34.700,4.204,5142.033,5.515,6.073,2.089
FRED_DATA,1968-07-01,3.700,34.900,4.491,5181.859,5.335,6.026,2.232
FRED_DATA,1968-08-01,3.500,35.000,4.478,5181.859,5.335,6.031,2.135
FRED_DATA,1968-09-01,3.400,35.100,4.464,5181.859,5.335,5.776,1.788
FRED_DATA,1968-10-01,3.400,35.300,4.748,5202.212,4.958,5.914,2.033
FRED_DATA,1968-11-01,3.400,35.400,4.425,5202.212,4.958,5.818,1.692
FRED_DATA,1968-12-01,3.400,35.600,4.706,5202.212,4.958,6.019,1.509
FRED_DATA,1969-01-01,3.400,35.700,4.692,5283.597,4.469,6.301,1.694
FRED_DATA,1969-02-01,3.400,35.800,4.678,5283.597,4.469,6.613,1.900
FRED_DATA,1969-03-01,3.400,36.100,5.248,5283.597,4.469,6.793,1.740
FRED_DATA,1969-04-01,3.400,36.300,5.523,5299.625,3.065,7.415,1.655
FRED_DATA,1969-05-01,3.400,36.400,5.507,5299.625,3.065,8.670,2.555
FRED_DATA,1969-06-01,3.500,36.600,5.476,5299.625,3.065,8.901,2.828
FRED_DATA,1969-07-01,3.500,36.800,5.444,5334.600,2.948,8.613,2.587
FRED_DATA,1969-08-01,3.500,36.900,5.429,5334.600,2.948,9.185,3.154
FRED_DATA,1969-09-01,3.700,37.100,5.698,5334.600,2.948,9.150,3.374
FRED_DATA,1969-10-01,3.700,37.300,5.666,5308.556,2.044,9.000,3.086
FRED_DATA,1969-11-01,3.500,37.500,5.932,5308.556,2.044,8.850,3.032
FRED_DATA,1969-12-01,3.500,37.700,5.899,5308.556,2.044,8.972,2.953
FRED_DATA,1970-01-01,3.900,37.900,6.162,5300.652,0.323,8.977,2.676
FRED_DATA,1970-02-01,4.200,38.100,6.425,5300.652,0.323,8.978,2.365
FRED_DATA,1970-03-01,4.400,38.300,6.094,5300.652,0.323,7.762,0.969
FRED_DATA,1970-04-01,4.600,38.500,6.061,5308.164,0.161,8.096,0.682
FRED_DATA,1970-05-01,4.800,38.600,6.044,5308.164,0.161,7.946,-0.724
FRED_DATA,1970-06-01,4.900,38.800,6.011,5308.164,0.161,7.605,-1.296
FRED_DATA,1970-07-01,5.000,38.900,5.707,5357.077,0.421,7.215,-1.398
FRED_DATA,1970-08-01,5.100,39.000,5.691,5357.077,0.421,6.615,-2.570
FRED_DATA,1970-09-01,5.400,39.200,5.660,5357.077,0.421,6.290,-2.860
FRED_DATA,1970-10-01,5.500,39.400,5.630,5299.672,-0.167,6.204,-2.796
FRED_DATA,1970-11-01,5.900,39.600,5.600,5299.672,-0.167,5.601,-3.249
FRED_DATA,1970-12-01,6.100,39.800,5.570,5299.672,-0.167,4.901,-4.071
FRED_DATA,1971-01-01,5.900,39.900,5.277,5443.619,2.697,4.142,-4.835
FRED_DATA,1971-02-01,5.900,39.900,4.724,5443.619,2.697,3.721,-5.258
FRED_DATA,1971-03-01,6.000,40.000,4.439,5443.619,2.697,3.712,-4.051
FRED_DATA,1971-04-01,5.900,40.100,4.156,5473.059,3.106,4.156,-3.940
FRED_DATA,1971-05-01,5.900,40.300,4.404,5473.059,3.106,4.632,-3.314
FRED_DATA,1971-06-01,5.900,40.500,4.381,5473.059,3.106,4.911,-2.694
FRED_DATA,1971-07-01,6.000,40.600,4.370,5518.072,3.005,5.309,-1.906
FRED_DATA,1971-08-01,6.100,40.700,4.359,5518.072,3.005,5.567,-1.048
FRED_DATA,1971-09-01,6.000,40.800,4.082,5518.072,3.005,5.554,-0.736
FRED_DATA,1971-10-01,5.800,40.900,3.807,5531.032,4.366,5.199,-1.005
FRED_DATA,1971-11-01,6.000,41.000,3.535,5531.032,4.366,4.910,-0.691
FRED_DATA,1971-12-01,6.000,41.100,3.266,5531.032,4.366,4.138,-0.762
FRED_DATA,1972-01-01,5.800,41.200,3.258,5632.649,3.473,3.506,-0.636
FRED_DATA,1972-02-01,5.700,41.400,3.759,5632.649,3.473,3.296,-0.425
FRED_DATA,1972-03-01,5.800,41.400,3.500,5632.649,3.473,3.829,0.118
FRED_DATA,1972-04-01,5.700,41.500,3.491,5760.470,5.251,4.171,0.015
FRED_DATA,1972-05-01,5.700,41.600,3.226,5760.470,5.251,4.270,-0.363
FRED_DATA,1972-06-01,5.700,41.700,2.963,5760.470,5.251,4.465,-0.447
FRED_DATA,1972-07-01,5.600,41.800,2.956,5814.854,5.378,4.549,-0.760
FRED_DATA,1972-08-01,5.600,41.900,2.948,5814.854,5.378,4.805,-0.762
FRED_DATA,1972-09-01,5.500,42.100,3.186,5814.854,5.378,4.874,-0.679
FRED_DATA,1972-10-01,5.600,42.200,3.178,5912.220,6.892,5.045,-0.154
FRED_DATA,1972-11-01,5.300,42.400,3.415,5912.220,6.892,5.056,0.146
FRED_DATA,1972-12-01,5.200,42.500,3.406,5912.220,6.892,5.332,1.194
FRED_DATA,1973-01-01,4.900,42.700,3.641,6058.544,7.561,5.945,2.439
FRED_DATA,1973-02-01,5.000,43.000,3.865,6058.544,7.561,6.584,3.289
FRED_DATA,1973-03-01,4.900,43.400,4.831,6058.544,7.561,7.090,3.261
FRED_DATA,1973-04-01,5.000,43.700,5.301,6124.506,6.320,7.124,2.953
FRED_DATA,1973-05-01,4.900,43.900,5.529,6124.506,6.320,7.839,3.570
FRED_DATA,1973-06-01,4.900,44.200,5.995,6124.506,6.320,8.491,4.026
FRED_DATA,1973-07-01,4.800,44.200,5.742,6092.301,4.771,10.400,5.851
FRED_DATA,1973-08-01,4.800,45.000,7.399,6092.301,4.771,10.496,5.691
FRED_DATA,1973-09-01,4.800,45.200,7.363,6092.301,4.771,10.785,5.910
FRED_DATA,1973-10-01,4.600,45.600,8.057,6150.131,4.024,10.010,4.965
FRED_DATA,1973-11-01,4.800,45.900,8.255,6150.131,4.024,10.034,4.977
FRED_DATA,1973-12-01,4.900,46.300,8.941,6150.131,4.024,9.948,4.615
FRED_DATA,1974-01-01,5.100,46.800,9.602,6097.258,0.639,9.648,3.704
FRED_DATA,1974-02-01,5.200,47.300,10.000,6097.258,0.639,8.972,2.387
FRED_DATA,1974-03-01,5.100,47.800,10.138,6097.258,0.639,9.346,2.256
FRED_DATA,1974-04-01,5.100,48.100,10.069,6111.751,-0.208,10.513,3.389
FRED_DATA,1974-05-01,5.100,48.600,10.706,6111.751,-0.208,11.306,3.467
FRED_DATA,1974-06-01,5.400,49.000,10.860,6111.751,-0.208,11.933,3.442
FRED_DATA,1974-07-01,5.500,49.300,11.538,6053.978,-0.629,12.923,2.523
FRED_DATA,1974-08-01,5.500,49.900,10.889,6053.978,-0.629,12.005,1.509
FRED_DATA,1974-09-01,5.900,50.600,11.947,6053.978,-0.629,11.343,0.559
FRED_DATA,1974-10-01,6.000,51.000,11.842,6030.464,-1.946,10.058,0.048
FRED_DATA,1974-11-01,6.600,51.500,12.200,6030.464,-1.946,9.448,-0.586
FRED_DATA,1974-12-01,7.200,51.900,12.095,6030.464,-1.946,8.531,-1.417
FRED_DATA,1975-01-01,8.100,52.300,11.752,5957.035,-2.300,7.132,-2.517
FRED_DATA,1975-02-01,8.100,52.600,11.205,5957.035,-2.300,6.241,-2.731
FRED_DATA,1975-03-01,8.600,52.800,10.460,5957.035,-2.300,5.537,-3.809
FRED_DATA,1975-04-01,8.800,53.000,10.187,5999.610,-1.835,5.493,-5.020
FRED_DATA,1975-05-01,9.000,53.100,9.259,5999.610,-1.835,5.221,-6.085
FRED_DATA,1975-06-01,8.800,53.500,9.184,5999.610,-1.835,5.548,-6.385
FRED_DATA,1975-07-01,8.600,54.000,9.533,6102.326,0.799,6.096,-6.827
FRED_DATA,1975-08-01,8.400,54.200,8.617,6102.326,0.799,6.135,-5.870
FRED_DATA,1975-09-01,8.400,54.600,7.905,6102.326,0.799,6.239,-5.104
FRED_DATA,1975-10-01,8.400,54.900,7.647,6184.530,2.555,5.816,-4.242
FRED_DATA,1975-11-01,8.300,55.300,7.379,6184.530,2.555,5.216,-4.232
FRED_DATA,1975-12-01,8.200,55.600,7.129,6184.530,2.555,5.195,-3.335
FRED_DATA,1976-01-01,7.900,55.800,6.692,6323.649,6.154,4.868,-2.264
FRED_DATA,1976-02-01,7.700,55.900,6.274,6323.649,6.154,4.771,-1.470
FRED_DATA,1976-03-01,7.600,56.000,6.061,6323.649,6.154,4.837,-0.700
FRED_DATA,1976-04-01,7.700,56.100,5.849,6370.025,6.174,4.816,-0.677
FRED_DATA,1976-05-01,7.400,56.400,6.215,6370.025,6.174,5.291,0.069
FRED_DATA,1976-06-01,7.600,56.700,5.981,6370.025,6.174,5.476,-0.072
FRED_DATA,1976-07-01,7.800,57.000,5.556,6404.895,4.958,5.306,-0.789
FRED_DATA,1976-08-01,7.800,57.300,5.720,6404.895,4.958,5.291,-0.845
FRED_DATA,1976-09-01,7.600,57.600,5.495,6404.895,4.958,5.252,-0.987
FRED_DATA,1976-10-01,7.700,57.900,5.464,6451.177,4.312,5.025,-0.791
FRED_DATA,1976-11-01,7.800,58.100,5.063,6451.177,4.312,4.949,-0.267
FRED_DATA,1976-12-01,7.800,58.400,5.036,6451.177,4.312,4.651,-0.544
FRED_DATA,1977-01-01,7.500,58.700,5.197,6527.703,3.227,4.611,-0.257
FRED_DATA,1977-02-01,7.600,59.300,6.082,6527.703,3.227,4.683,-0.087
FRED_DATA,1977-03-01,7.400,59.600,6.429,6527.703,3.227,4.690,-0.147
FRED_DATA,1977-04-01,7.200,60.000,6.952,6654.466,4.465,4.727,-0.089
FRED_DATA,1977-05-01,7.000,60.200,6.738,6654.466,4.465,5.350,0.059
FRED_DATA,1977-06-01,7.200,60.500,6.702,6654.466,4.465,5.389,-0.088
FRED_DATA,1977-07-01,6.900,60.800,6.667,6774.457,5.770,5.419,0.113
FRED_DATA,1977-08-01,7.000,61.100,6.632,6774.457,5.770,5.902,0.611
FRED_DATA,1977-09-01,6.800,61.300,6.424,6774.457,5.770,6.138,0.886
FRED_DATA,1977-10-01,6.800,61.600,6.390,6774.592,5.013,6.465,1.441
FRED_DATA,1977-11-01,6.800,62.000,6.713,6774.592,5.013,6.508,1.559
FRED_DATA,1977-12-01,6.400,62.300,6.678,6774.592,5.013,6.561,1.909
FRED_DATA,1978-01-01,6.400,62.700,6.814,6796.260,4.114,6.704,2.093
FRED_DATA,1978-02-01,6.300,63.000,6.239,6796.260,4.114,6.784,2.101
FRED_DATA,1978-03-01,6.300,63.400,6.376,6796.260,4.114,6.793,2.103
FRED_DATA,1978-04-01,6.100,63.900,6.500,7058.920,6.078,6.889,2.161
FRED_DATA,1978-05-01,6.000,64.500,7.143,7058.920,6.078,7.360,2.010
FRED_DATA,1978-06-01,5.900,65.000,7.438,7058.920,6.078,7.597,2.208
FRED_DATA,1978-07-01,6.200,65.500,7.730,7129.915,5.247,7.811,2.391
FRED_DATA,1978-08-01,5.900,65.900,7.856,7129.915,5.247,8.036,2.134
FRED_DATA,1978-09-01,6.000,66.500,8.483,7129.915,5.247,8.449,2.311
FRED_DATA,1978-10-01,5.800,67.100,8.929,7225.750,6.660,8.955,2.490
FRED_DATA,1978-11-01,5.900,67.500,8.871,7225.750,6.660,9.755,3.247
FRED_DATA,1978-12-01,6.000,67.900,8.989,7225.750,6.660,10.029,3.468
FRED_DATA,1979-01-01,5.900,68.500,9.250,7238.727,6.510,10.071,3.367
FRED_DATA,1979-02-01,5.900,69.200,9.841,7238.727,6.510,10.059,3.274
FRED_DATA,1979-03-01,5.800,69.900,10.252,7238.727,6.510,10.089,3.295
FRED_DATA,1979-04-01,5.800,70.600,10.485,7246.454,2.657,10.010,3.122
FRED_DATA,1979-05-01,5.600,71.400,10.698,7246.454,2.657,10.242,2.882
FRED_DATA,1979-06-01,5.700,72.200,11.077,7246.454,2.657,10.292,2.695
FRED_DATA,1979-07-01,5.700,73.000,11.450,7300.281,2.389,10.472,2.661
FRED_DATA,1979-08-01,6.000,73.700,11.836,7300.281,2.389,10.936,2.900
FRED_DATA,1979-09-01,5.900,74.400,11.880,7300.281,2.389,11.428,2.979
FRED_DATA,1979-10-01,6.000,75.200,12.072,7318.535,1.284,13.769,4.813
FRED_DATA,1979-11-01,5.900,76.000,12.593,7318.535,1.284,13.180,3.425
FRED_DATA,1979-12-01,6.000,76.900,13.255,7318.535,1.284,13.779,3.750
FRED_DATA,1980-01-01,6.300,78.000,13.869,7341.557,1.421,13.817,3.746
FRED_DATA,1980-02-01,6.300,79.000,14.162,7341.557,1.421,14.126,4.068
FRED_DATA,1980-03-01,6.300,80.100,14.592,7341.557,1.421,17.192,7.104
FRED_DATA,1980-04-01,6.900,80.900,14.589,7190.289,-0.775,17.608,7.597
FRED_DATA,1980-05-01,7.500,81.700,14.426,7190.289,-0.775,10.983,0.741
FRED_DATA,1980-06-01,7.600,82.500,14.266,7190.289,-0.775,9.472,-0.820
FRED_DATA,1980-07-01,7.800,82.600,13.151,7181.743,-1.624,9.026,-1.446
FRED_DATA,1980-08-01,7.700,83.200,12.890,7181.743,-1.624,9.605,-1.331
FRED_DATA,1980-09-01,7.500,83.900,12.769,7181.743,-1.624,10.872,-0.556
FRED_DATA,1980-10-01,7.500,84.700,12.633,7315.677,-0.039,12.814,-0.955
FRED_DATA,1980-11-01,7.500,85.600,12.632,7315.677,-0.039,15.849,2.668
FRED_DATA,1980-12-01,7.200,86.400,12.354,7315.677,-0.039,18.896,5.117
FRED_DATA,1981-01-01,7.500,87.200,11.795,7459.022,1.600,19.085,5.268
FRED_DATA,1981-02-01,7.400,88.000,11.392,7459.022,1.600,15.934,1.808
FRED_DATA,1981-03-01,7.400,88.600,10.612,7459.022,1.600,14.704,-2.488
FRED_DATA,1981-04-01,7.200,89.100,10.136,7403.745,2.969,15.719,-1.889
FRED_DATA,1981-05-01,7.500,89.700,9.792,7403.745,2.969,18.518,7.535
FRED_DATA,1981-06-01,7.500,90.500,9.697,7403.745,2.969,19.100,9.628
FRED_DATA,1981-07-01,7.200,91.500,10.775,7492.405,4.326,19.036,10.010
FRED_DATA,1981-08-01,7.400,92.200,10.817,7492.405,4.326,17.818,8.212
FRED_DATA,1981-09-01,7.600,93.100,10.965,7492.405,4.326,15.874,5.002
FRED_DATA,1981-10-01,7.900,93.400,10.272,7410.768,1.300,15.080,2.266
FRED_DATA,1981-11-01,8.300,93.800,9.579,7410.768,1.300,13.307,-2.542
FRED_DATA,1981-12-01,8.500,94.100,8.912,7410.768,1.300,12.369,-6.527
FRED_DATA,1982-01-01,8.600,94.400,8.257,7295.631,-2.191,13.221,-5.864
FRED_DATA,1982-02-01,8.900,94.700,7.614,7295.631,-2.191,14.779,-1.155
FRED_DATA,1982-03-01,9.000,94.700,6.885,7295.631,-2.191,14.678,-0.026
FRED_DATA,1982-04-01,9.300,95.000,6.622,7328.912,-1.011,14.937,-0.782
FRED_DATA,1982-05-01,9.400,95.900,6.912,7328.912,-1.011,14.455,-4.063
FRED_DATA,1982-06-01,9.600,97.000,7.182,7328.912,-1.011,14.153,-4.947
FRED_DATA,1982-07-01,9.800,97.500,6.557,7300.896,-2.556,12.587,-6.449
FRED_DATA,1982-08-01,9.800,97.700,5.965,7300.896,-2.556,10.119,-7.699
FRED_DATA,1982-09-01,10.100,97.700,4.941,7300.896,-2.556,10.310,-5.564
FRED_DATA,1982-10-01,10.400,98.100,5.032,7303.817,-1.443,9.707,-5.373
FRED_DATA,1982-11-01,10.800,98.000,4.478,7303.817,-1.443,9.196,-4.111
FRED_DATA,1982-12-01,10.800,97.700,3.826,7303.817,-1.443,8.945,-3.424
FRED_DATA,1983-01-01,10.400,97.900,3.708,7400.066,1.431,8.683,-4.537
FRED_DATA,1983-02-01,10.400,98.000,3.485,7400.066,1.431,8.509,-6.270
FRED_DATA,1983-03-01,10.300,98.100,3.590,7400.066,1.431,8.766,-5.912
FRED_DATA,1983-04-01,10.200,98.800,4.000,7568.456,3.268,8.802,-6.135
FRED_DATA,1983-05-01,10.100,99.200,3.441,7568.456,3.268,8.630,-5.825
FRED_DATA,1983-06-01,10.100,99.400,2.474,7568.456,3.268,8.982,-5.171
FRED_DATA,1983-07-01,9.400,99.800,2.359,7719.746,5.737,9.368,-3.219
FRED_DATA,1983-08-01,9.500,100.100,2.456,7719.746,5.737,9.558,-0.561
FRED_DATA,1983-09-01,9.200,100.400,2.764,7719.746,5.737,9.448,-0.862
FRED_DATA,1983-10-01,8.800,100.800,2.752,7880.794,7.900,9.476,-0.231
FRED_DATA,1983-11-01,8.500,101.100,3.163,7880.794,7.900,9.340,0.144
FRED_DATA,1983-12-01,8.300,101.400,3.787,7880.794,7.900,9.471,0.526
FRED_DATA,1984-01-01,8.000,102.100,4.290,8034.847,8.578,9.558,0.875
FRED_DATA,1984-02-01,7.800,102.600,4.694,8034.847,8.578,9.588,1.079
FRED_DATA,1984-03-01,7.800,102.900,4.893,8034.847,8.578,9.913,1.147
FRED_DATA,1984-04-01,7.700,103.300,4.555,8173.670,7.997,10.291,1.489
FRED_DATA,1984-05-01,7.400,103.500,4.335,8173.670,7.997,10.319,1.689
FRED_DATA,1984-06-01,7.200,103.700,4.326,8173.670,7.997,11.062,2.080
FRED_DATA,1984-07-01,7.500,104.100,4.309,8252.465,6.901,11.234,1.866
FRED_DATA,1984-08-01,7.500,104.400,4.296,8252.465,6.901,11.637,2.079
FRED_DATA,1984-09-01,7.300,104.700,4.283,8252.465,6.901,11.303,1.855
FRED_DATA,1984-10-01,7.400,105.100,4.266,8320.199,5.576,9.985,0.509
FRED_DATA,1984-11-01,7.200,105.300,4.154,8320.199,5.576,9.426,0.086
FRED_DATA,1984-12-01,7.300,105.500,4.043,8320.199,5.576,8.382,-1.090
FRED_DATA,1985-01-01,7.300,105.700,3.526,8400.820,4.555,8.349,-1.209
FRED_DATA,1985-02-01,7.200,106.300,3.606,8400.820,4.555,8.501,-1.086
FRED_DATA,1985-03-01,7.200,106.800,3.790,8400.820,4.555,8.577,-1.336
FRED_DATA,1985-04-01,7.300,107.000,3.582,8474.787,3.684,8.267,-2.024
FRED_DATA,1985-05-01,7.200,107.200,3.575,8474.787,3.684,7.971,-2.348
FRED_DATA,1985-06-01,7.400,107.500,3.664,8474.787,3.684,7.533,-3.528
FRED_DATA,1985-07-01,7.400,107.700,3.458,8604.220,4.262,7.884,-3.350
FRED_DATA,1985-08-01,7.100,107.900,3.352,8604.220,4.262,7.898,-3.739
FRED_DATA,1985-09-01,7.100,108.100,3.247,8604.220,4.262,7.921,-3.381
FRED_DATA,1985-10-01,7.100,108.500,3.235,8668.188,4.182,7.986,-1.999
FRED_DATA,1985-11-01,7.000,109.000,3.514,8668.188,4.182,8.051,-1.375
FRED_DATA,1985-12-01,7.000,109.500,3.791,8668.188,4.182,8.275,-0.107
FRED_DATA,1986-01-01,6.700,109.900,3.974,8749.127,4.146,8.145,-0.204
FRED_DATA,1986-02-01,7.200,109.700,3.198,8749.127,4.146,7.860,-0.641
FRED_DATA,1986-03-01,7.200,109.100,2.154,8749.127,4.146,7.479,-1.098
FRED_DATA,1986-04-01,7.100,108.700,1.589,8788.524,3.702,6.988,-1.279
FRED_DATA,1986-05-01,7.200,109.000,1.679,8788.524,3.702,6.853,-1.118
FRED_DATA,1986-06-01,7.200,109.400,1.767,8788.524,3.702,6.917,-0.617
FRED_DATA,1986-07-01,7.000,109.500,1.671,8872.601,3.119,6.557,-1.327
FRED_DATA,1986-08-01,6.900,109.600,1.576,8872.601,3.119,6.171,-1.728
FRED_DATA,1986-09-01,7.000,110.000,1.758,8872.601,3.119,5.890,-2.031
FRED_DATA,1986-10-01,7.000,110.200,1.567,8920.193,2.907,5.846,-2.141
FRED_DATA,1986-11-01,6.900,110.400,1.284,8920.193,2.907,6.039,-2.011
FRED_DATA,1986-12-01,6.600,110.800,1.187,8920.193,2.907,6.908,-1.367
FRED_DATA,1987-01-01,6.600,111.400,1.365,8986.367,2.712,6.426,-1.718
FRED_DATA,1987-02-01,6.600,111.800,1.914,8986.367,2.712,6.101,-1.759
FRED_DATA,1987-03-01,6.600,112.200,2.841,8986.367,2.712,6.128,-1.351
FRED_DATA,1987-04-01,6.300,112.700,3.680,9083.256,3.354,6.365,-0.623
FRED_DATA,1987-05-01,6.300,113.000,3.670,9083.256,3.354,6.853,0.000
FRED_DATA,1987-06-01,6.200,113.500,3.748,9083.256,3.354,6.725,-0.192
FRED_DATA,1987-07-01,6.100,113.800,3.927,9162.024,3.262,6.582,0.025
FRED_DATA,1987-08-01,6.000,114.300,4.288,9162.024,3.262,6.732,0.562
FRED_DATA,1987-09-01,5.900,114.700,4.273,9162.024,3.262,7.216,1.326
FRED_DATA,1987-10-01,6.000,115.000,4.356,9319.332,4.475,7.289,1.443
FRED_DATA,1987-11-01,5.800,115.400,4.529,9319.332,4.475,6.693,0.654
FRED_DATA,1987-12-01,5.700,115.600,4.332,9319.332,4.475,6.770,-0.138
FRED_DATA,1988-01-01,5.700,116.000,4.129,9367.502,4.241,6.834,0.407
FRED_DATA,1988-02-01,5.700,116.200,3.936,9367.502,4.241,6.583,0.482
FRED_DATA,1988-03-01,5.700,116.500,3.832,9367.502,4.241,6.576,0.447
FRED_DATA,1988-04-01,5.400,117.200,3.993,9490.594,4.484,6.872,0.506
FRED_DATA,1988-05-01,5.600,117.500,3.982,9490.594,4.484,7.086,0.234
FRED_DATA,1988-06-01,5.400,118.000,3.965,9490.594,4.484,7.509,0.784
FRED_DATA,1988-07-01,5.400,118.500,4.130,9546.206,4.193,7.755,1.173
FRED_DATA,1988-08-01,5.600,119.000,4.112,9546.206,4.193,8.009,1.277
FRED_DATA,1988-09-01,5.400,119.500,4.185,9546.206,4.193,8.193,0.977
FRED_DATA,1988-10-01,5.400,119.900,4.261,9673.405,3.799,8.296,1.007
FRED_DATA,1988-11-01,5.300,120.300,4.246,9673.405,3.799,8.345,1.652
FRED_DATA,1988-12-01,5.300,120.700,4.412,9673.405,3.799,8.760,1.991
FRED_DATA,1989-01-01,5.400,121.200,4.483,9771.725,4.315,9.121,2.287
FRED_DATA,1989-02-01,5.200,121.600,4.647,9771.725,4.315,9.361,2.778
FRED_DATA,1989-03-01,5.000,122.200,4.893,9771.725,4.315,9.849,3.273
FRED_DATA,1989-04-01,5.200,123.100,5.034,9846.293,3.748,9.835,2.964
FRED_DATA,1989-05-01,5.200,123.700,5.277,9846.293,3.748,9.809,2.723
FRED_DATA,1989-06-01,5.300,124.100,5.169,9846.293,3.748,9.530,2.021
FRED_DATA,1989-07-01,5.200,124.500,5.063,9919.228,3.908,9.235,1.481
FRED_DATA,1989-08-01,5.200,124.500,4.622,9919.228,3.908,8.992,0.983
FRED_DATA,1989-09-01,5.300,124.800,4.435,9919.228,3.908,9.021,0.828
FRED_DATA,1989-10-01,5.300,125.400,4.587,9938.767,2.743,8.841,0.545
FRED_DATA,1989-11-01,5.400,125.900,4.655,9938.767,2.743,8.548,0.203
FRED_DATA,1989-12-01,5.400,126.300,4.640,9938.767,2.743,8.453,-0.308
FRED_DATA,1990-01-01,5.400,127.500,5.198,10047.386,2.821,8.229,-0.892
FRED_DATA,1990-02-01,5.300,128.000,5.263,10047.386,2.821,8.237,-1.124
FRED_DATA,1990-03-01,5.200,128.600,5.237,10047.386,2.821,8.277,-1.572
FRED_DATA,1990-04-01,5.400,128.900,4.712,10083.855,2.413,8.255,-1.580
FRED_DATA,1990-05-01,5.400,129.100,4.365,10083.855,2.413,8.176,-1.633
FRED_DATA,1990-06-01,5.200,129.900,4.674,10083.855,2.413,8.289,-1.241
FRED_DATA,1990-07-01,5.500,130.500,4.819,10090.569,1.727,8.153,-1.083
FRED_DATA,1990-08-01,5.700,131.600,5.703,10090.569,1.727,8.134,-0.858
FRED_DATA,1990-09-01,5.900,132.500,6.170,10090.569,1.727,8.195,-0.826
FRED_DATA,1990-10-01,5.900,133.400,6.380,9998.704,0.603,8.113,-0.728
FRED_DATA,1990-11-01,6.200,133.700,6.195,9998.704,0.603,7.807,-0.741
FRED_DATA,1990-12-01,6.300,134.200,6.255,9998.704,0.603,7.313,-1.140
FRED_DATA,1991-01-01,6.400,134.700,5.647,9951.916,-0.950,6.906,-1.323
FRED_DATA,1991-02-01,6.600,134.800,5.313,9951.916,-0.950,6.252,-1.985
FRED_DATA,1991-03-01,6.800,134.800,4.821,9951.916,-0.950,6.115,-2.162
FRED_DATA,1991-04-01,6.700,135.100,4.810,10029.510,-0.539,5.912,-2.343
FRED_DATA,1991-05-01,6.900,135.600,5.035,10029.510,-0.539,5.783,-2.394
FRED_DATA,1991-06-01,6.900,136.000,4.696,10029.510,-0.539,5.900,-2.389
FRED_DATA,1991-07-01,6.800,136.200,4.368,10080.195,-0.103,5.821,-2.332
FRED_DATA,1991-08-01,6.900,136.600,3.799,10080.195,-0.103,5.661,-2.473
FRED_DATA,1991-09-01,6.900,137.000,3.396,10080.195,-0.103,5.447,-2.748
FRED_DATA,1991-10-01,7.000,137.200,2.849,10115.329,1.166,5.210,-2.903
FRED_DATA,1991-11-01,7.000,137.800,3.067,10115.329,1.166,4.811,-2.995
FRED_DATA,1991-12-01,7.300,138.200,2.981,10115.329,1.166,4.434,-2.879
FRED_DATA,1992-01-01,7.300,138.300,2.673,10236.435,2.859,4.034,-2.872
FRED_DATA,1992-02-01,7.400,138.600,2.819,10236.435,2.859,4.058,-2.195
FRED_DATA,1992-03-01,7.400,139.100,3.190,10236.435,2.859,3.983,-2.132
FRED_DATA,1992-04-01,7.400,139.400,3.183,10347.429,3.170,3.735,-2.178
FRED_DATA,1992-05-01,7.600,139.700,3.024,10347.429,3.170,3.823,-1.960
FRED_DATA,1992-06-01,7.800,140.100,3.015,10347.429,3.170,3.763,-2.137
FRED_DATA,1992-07-01,7.700,140.500,3.157,10449.673,3.665,3.254,-2.567
FRED_DATA,1992-08-01,7.600,140.800,3.075,10449.673,3.665,3.303,-2.358
FRED_DATA,1992-09-01,7.600,141.100,2.993,10449.673,3.665,3.220,-2.227
FRED_DATA,1992-10-01,7.300,141.700,3.280,10558.648,4.383,3.099,-2.111
FRED_DATA,1992-11-01,7.400,142.100,3.120,10558.648,4.383,3.088,-1.724
FRED_DATA,1992-12-01,7.400,142.300,2.967,10558.648,4.383,2.920,-1.515
FRED_DATA,1993-01-01,7.300,142.800,3.254,10576.275,3.320,3.024,-1.010
FRED_DATA,1993-02-01,7.100,143.100,3.247,10576.275,3.320,3.027,-1.030
FRED_DATA,1993-03-01,7.000,143.300,3.019,10576.275,3.320,3.074,-0.909
FRED_DATA,1993-04-01,7.100,143.800,3.156,10637.847,2.807,2.958,-0.777
FRED_DATA,1993-05-01,7.100,144.200,3.221,10637.847,2.807,2.996,-0.827
FRED_DATA,1993-06-01,7.000,144.300,2.998,10637.847,2.807,3.038,-0.725
FRED_DATA,1993-07-01,6.900,144.500,2.847,10688.606,2.287,3.055,-0.198
FRED_DATA,1993-08-01,6.800,144.800,2.841,10688.606,2.287,3.032,-0.271
FRED_DATA,1993-09-01,6.700,145.000,2.764,10688.606,2.287,3.086,-0.133
FRED_DATA,1993-10-01,6.800,145.600,2.752,10833.987,2.608,2.993,-0.106
FRED_DATA,1993-11-01,6.600,146.000,2.745,10833.987,2.608,3.018,-0.070
FRED_DATA,1993-12-01,6.500,146.300,2.811,10833.987,2.608,2.955,0.035
FRED_DATA,1994-01-01,6.600,146.300,2.451,10939.116,3.431,3.051,0.026
FRED_DATA,1994-02-01,6.600,146.700,2.516,10939.116,3.431,3.245,0.218
FRED_DATA,1994-03-01,6.500,147.100,2.652,10939.116,3.431,3.336,0.262
FRED_DATA,1994-04-01,6.400,147.200,2.364,11087.361,4.226,3.555,0.597
FRED_DATA,1994-05-01,6.100,147.500,2.288,11087.361,4.226,4.011,1.015
FRED_DATA,1994-06-01,6.100,147.900,2.495,11087.361,4.226,4.246,1.208
FRED_DATA,1994-07-01,6.100,148.400,2.699,11152.176,4.337,4.256,1.201
FRED_DATA,1994-08-01,6.000,149.000,2.901,11152.176,4.337,4.475,1.442
FRED_DATA,1994-09-01,5.900,149.300,2.966,11152.176,4.337,4.734,1.647
FRED_DATA,1994-10-01,5.800,149.400,2.610,11279.932,4.116,4.760,1.767
FRED_DATA,1994-11-01,5.600,149.800,2.603,11279.932,4.116,5.295,2.277
FRED_DATA,1994-12-01,5.500,150.100,2.597,11279.932,4.116,5.453,2.498
FRED_DATA,1995-01-01,5.600,150.500,2.871,11319.951,3.481,5.527,2.477
FRED_DATA,1995-02-01,5.400,150.900,2.863,11319.951,3.481,5.915,2.670
FRED_DATA,1995-03-01,5.400,151.200,2.787,11319.951,3.481,5.976,2.641
FRED_DATA,1995-04-01,5.800,151.800,3.125,11353.721,2.402,6.047,2.492
FRED_DATA,1995-05-01,5.600,152.100,3.119,11353.721,2.402,6.009,1.998
FRED_DATA,1995-06-01,5.600,152.400,3.043,11353.721,2.402,6.001,1.756
FRED_DATA,1995-07-01,5.700,152.600,2.830,11450.310,2.673,5.852,1.596
FRED_DATA,1995-08-01,5.700,152.900,2.617,11450.310,2.673,5.735,1.261
FRED_DATA,1995-09-01,5.600,153.100,2.545,11450.310,2.673,5.805,1.071
FRED_DATA,1995-10-01,5.500,153.500,2.744,11528.067,2.200,5.756,0.996
FRED_DATA,1995-11-01,5.600,153.700,2.603,11528.067,2.200,5.803,0.508
FRED_DATA,1995-12-01,5.600,153.900,2.532,11528.067,2.200,5.602,0.149
FRED_DATA,1996-01-01,5.600,154.700,2.791,11614.418,2.601,5.565,0.037
FRED_DATA,1996-02-01,5.500,155.000,2.717,11614.418,2.601,5.224,-0.691
FRED_DATA,1996-03-01,5.500,155.500,2.844,11614.418,2.601,5.314,-0.662
FRED_DATA,1996-04-01,5.600,156.100,2.833,11808.140,4.002,5.224,-0.824
FRED_DATA,1996-05-01,5.600,156.400,2.827,11808.140,4.002,5.235,-0.774
FRED_DATA,1996-06-01,5.300,156.700,2.822,11808.140,4.002,5.273,-0.728
FRED_DATA,1996-07-01,5.500,157.000,2.883,11914.063,4.050,5.396,-0.455
FRED_DATA,1996-08-01,5.100,157.200,2.812,11914.063,4.050,5.223,-0.512
FRED_DATA,1996-09-01,5.200,157.700,3.005,11914.063,4.050,5.299,-0.506
FRED_DATA,1996-10-01,5.200,158.200,3.062,12037.775,4.421,5.238,-0.518
FRED_DATA,1996-11-01,5.400,158.700,3.253,12037.775,4.421,5.311,-0.492
FRED_DATA,1996-12-01,5.400,159.100,3.379,12037.775,4.421,5.295,-0.307
FRED_DATA,1997-01-01,5.300,159.400,3.038,12115.472,4.314,5.255,-0.310
FRED_DATA,1997-02-01,5.200,159.700,3.032,12115.472,4.314,5.186,-0.039
FRED_DATA,1997-03-01,5.200,159.800,2.765,12115.472,4.314,5.386,0.072
FRED_DATA,1997-04-01,5.100,159.900,2.434,12317.221,4.311,5.507,0.284
FRED_DATA,1997-05-01,4.900,159.900,2.238,12317.221,4.311,5.504,0.269
FRED_DATA,1997-06-01,5.000,160.200,2.234,12317.221,4.311,5.556,0.282
FRED_DATA,1997-07-01,4.900,160.400,2.166,12471.010,4.675,5.521,0.125
FRED_DATA,1997-08-01,4.800,160.800,2.290,12471.010,4.675,5.542,0.319
FRED_DATA,1997-09-01,4.900,161.200,2.219,12471.010,4.675,5.541,0.242
FRED_DATA,1997-10-01,4.700,161.500,2.086,12577.495,4.484,5.496,0.258
FRED_DATA,1997-11-01,4.600,161.700,1.890,12577.495,4.484,5.522,0.211
FRED_DATA,1997-12-01,4.700,161.800,1.697,12577.495,4.484,5.505,0.210
FRED_DATA,1998-01-01,4.600,162.000,1.631,12703.742,4.856,5.557,0.303
FRED_DATA,1998-02-01,4.600,162.000,1.440,12703.742,4.856,5.506,0.320
FRED_DATA,1998-03-01,4.700,162.000,1.377,12703.742,4.856,5.494,0.107
FRED_DATA,1998-04-01,4.300,162.200,1.438,12821.339,4.093,5.445,-0.062
FRED_DATA,1998-05-01,4.400,162.600,1.689,12821.339,4.093,5.489,-0.015
FRED_DATA,1998-06-01,4.500,162.800,1.623,12821.339,4.093,5.559,0.003
FRED_DATA,1998-07-01,4.500,163.200,1.746,12982.752,4.103,5.536,0.015
FRED_DATA,1998-08-01,4.500,163.400,1.617,12982.752,4.103,5.547,0.005
FRED_DATA,1998-09-01,4.600,163.500,1.427,12982.752,4.103,5.512,-0.029
FRED_DATA,1998-10-01,4.500,163.900,1.486,13191.670,4.883,5.071,-0.425
FRED_DATA,1998-11-01,4.400,164.100,1.484,13191.670,4.883,4.826,-0.696
FRED_DATA,1998-12-01,4.400,164.400,1.607,13191.670,4.883,4.684,-0.821
FRED_DATA,1999-01-01,4.300,164.700,1.667,13315.597,4.816,4.633,-0.925
FRED_DATA,1999-02-01,4.400,164.700,1.667,13315.597,4.816,4.765,-0.741
FRED_DATA,1999-03-01,4.200,164.800,1.728,13315.597,4.816,4.809,-0.684
FRED_DATA,1999-04-01,4.300,165.900,2.281,13426.748,4.722,4.736,-0.709
FRED_DATA,1999-05-01,4.200,166.000,2.091,13426.748,4.722,4.742,-0.746
FRED_DATA,1999-06-01,4.300,166.000,1.966,13426.748,4.722,4.765,-0.794
FRED_DATA,1999-07-01,4.300,166.700,2.145,13604.771,4.791,4.994,-0.542
FRED_DATA,1999-08-01,4.200,167.100,2.264,13604.771,4.791,5.072,-0.475
FRED_DATA,1999-09-01,4.200,167.800,2.630,13604.771,4.791,5.224,-0.287
FRED_DATA,1999-10-01,4.100,168.100,2.563,13827.980,4.824,5.200,0.129
FRED_DATA,1999-11-01,4.100,168.400,2.620,13827.980,4.824,5.420,0.594
FRED_DATA,1999-12-01,4.000,168.800,2.676,13827.980,4.824,5.296,0.612
FRED_DATA,2000-01-01,4.000,169.300,2.793,13878.147,4.225,5.448,0.816
FRED_DATA,2000-02-01,4.100,170.000,3.218,13878.147,4.225,5.735,0.970
FRED_DATA,2000-03-01,4.000,171.000,3.762,13878.147,4.225,5.854,1.044
FRED_DATA,2000-04-01,3.800,170.900,3.014,14130.908,5.244,6.020,1.283
FRED_DATA,2000-05-01,4.000,171.200,3.133,14130.908,5.244,6.268,1.526
FRED_DATA,2000-06-01,4.000,172.200,3.735,14130.908,5.244,6.528,1.764
FRED_DATA,2000-07-01,4.000,172.700,3.599,14145.312,3.973,6.545,1.550
FRED_DATA,2000-08-01,4.100,172.700,3.351,14145.312,3.973,6.497,1.425
FRED_DATA,2000-09-01,3.900,173.600,3.456,14145.312,3.973,6.517,1.293
FRED_DATA,2000-10-01,3.900,173.900,3.450,14229.765,2.906,6.509,1.309
FRED_DATA,2000-11-01,3.900,174.200,3.444,14229.765,2.906,6.514,1.094
FRED_DATA,2000-12-01,3.900,174.600,3.436,14229.765,2.906,6.402,1.106
FRED_DATA,2001-01-01,4.200,175.600,3.721,14183.120,2.198,5.976,0.527
FRED_DATA,2001-02-01,4.200,176.000,3.529,14183.120,2.198,5.494,-0.241
FRED_DATA,2001-03-01,4.300,176.100,2.982,14183.120,2.198,5.311,-0.543
FRED_DATA,2001-04-01,4.400,176.400,3.218,14271.694,0.996,4.802,-1.218
FRED_DATA,2001-05-01,4.300,177.300,3.563,14271.694,0.996,4.212,-2.056
FRED_DATA,2001-06-01,4.500,177.700,3.194,14271.694,0.996,3.970,-2.559
FRED_DATA,2001-07-01,4.600,177.400,2.721,14214.516,0.489,3.769,-2.775
FRED_DATA,2001-08-01,4.900,177.400,2.721,14214.516,0.489,3.653,-2.844
FRED_DATA,2001-09-01,5.000,178.100,2.592,14214.516,0.489,3.069,-3.448
FRED_DATA,2001-10-01,5.300,177.600,2.128,14253.574,0.167,2.485,-4.024
FRED_DATA,2001-11-01,5.500,177.500,1.894,14253.574,0.167,2.087,-4.427
FRED_DATA,2001-12-01,5.700,177.400,1.604,14253.574,0.167,1.818,-4.585
FRED_DATA,2002-01-01,5.700,177.700,1.196,14372.785,1.337,1.730,-4.246
FRED_DATA,2002-02-01,5.700,178.000,1.136,14372.785,1.337,1.740,-3.755
FRED_DATA,2002-03-01,5.700,178.500,1.363,14372.785,1.337,1.730,-3.581
FRED_DATA,2002-04-01,5.900,179.300,1.644,14460.848,1.325,1.753,-3.049
FRED_DATA,2002-05-01,5.800,179.500,1.241,14460.848,1.325,1.751,-2.461
FRED_DATA,2002-06-01,5.800,179.600,1.069,14460.848,1.325,1.750,-2.219
FRED_DATA,2002-07-01,5.800,180.000,1.466,14519.633,2.147,1.729,-2.040
FRED_DATA,2002-08-01,5.700,180.500,1.747,14519.633,2.147,1.743,-1.909
FRED_DATA,2002-09-01,5.700,180.800,1.516,14519.633,2.147,1.751,-1.318
FRED_DATA,2002-10-01,5.700,181.200,2.027,14537.580,1.993,1.755,-0.730
FRED_DATA,2002-11-01,5.900,181.500,2.254,14537.580,1.993,1.336,-0.751
FRED_DATA,2002-12-01,6.000,181.800,2.480,14537.580,1.993,1.238,-0.579
FRED_DATA,2003-01-01,5.800,182.600,2.757,14614.141,1.679,1.235,-0.495
FRED_DATA,2003-02-01,5.900,183.600,3.146,14614.141,1.679,1.262,-0.478
FRED_DATA,2003-03-01,5.900,183.900,3.025,14614.141,1.679,1.253,-0.477
FRED_DATA,2003-04-01,6.000,183.200,2.175,14743.567,1.955,1.258,-0.495
FRED_DATA,2003-05-01,6.100,182.900,1.894,14743.567,1.955,1.259,-0.492
FRED_DATA,2003-06-01,6.300,183.100,1.949,14743.567,1.955,1.223,-0.528
FRED_DATA,2003-07-01,6.200,183.700,2.056,14988.782,3.231,1.011,-0.718
FRED_DATA,2003-08-01,6.100,184.500,2.216,14988.782,3.231,1.029,-0.714
FRED_DATA,2003-09-01,6.100,185.100,2.378,14988.782,3.231,1.010,-0.741
FRED_DATA,2003-10-01,6.000,184.900,2.042,15162.760,4.300,1.010,-0.745
FRED_DATA,2003-11-01,5.800,185.000,1.928,15162.760,4.300,0.996,-0.340
FRED_DATA,2003-12-01,5.700,185.500,2.035,15162.760,4.300,0.984,-0.254
FRED_DATA,2004-01-01,5.700,186.300,2.026,15248.680,4.342,0.997,-0.238
FRED_DATA,2004-02-01,5.600,186.700,1.688,15248.680,4.342,1.007,-0.255
FRED_DATA,2004-03-01,5.800,187.100,1.740,15248.680,4.342,1.002,-0.251
FRED_DATA,2004-04-01,5.600,187.400,2.293,15366.850,4.227,1.004,-0.254
FRED_DATA,2004-05-01,5.600,188.200,2.898,15366.850,4.227,1.005,-0.255
FRED_DATA,2004-06-01,5.600,188.900,3.168,15366.850,4.227,1.026,-0.197
FRED_DATA,2004-07-01,5.500,189.100,2.940,15512.619,3.495,1.264,0.252
FRED_DATA,2004-08-01,5.400,189.200,2.547,15512.619,3.495,1.429,0.400
FRED_DATA,2004-09-01,5.400,189.800,2.539,15512.619,3.495,1.605,0.595
FRED_DATA,2004-10-01,5.500,190.800,3.191,15670.880,3.351,1.761,0.751
FRED_DATA,2004-11-01,5.400,191.700,3.622,15670.880,3.351,1.932,0.936
FRED_DATA,2004-12-01,5.400,191.700,3.342,15670.880,3.351,2.156,1.172
FRED_DATA,2005-01-01,5.300,191.600,2.845,15844.727,3.909,2.279,1.282
FRED_DATA,2005-02-01,5.400,192.400,3.053,15844.727,3.909,2.502,1.495
FRED_DATA,2005-03-01,5.200,193.100,3.207,15844.727,3.909,2.629,1.627
FRED_DATA,2005-04-01,5.200,193.700,3.362,15922.782,3.618,2.785,1.781
FRED_DATA,2005-05-01,5.100,193.600,2.869,15922.782,3.618,3.003,1.998
FRED_DATA,2005-06-01,5.000,193.700,2.541,15922.782,3.618,3.036,2.010
FRED_DATA,2005-07-01,5.000,194.900,3.067,16047.587,3.449,3.263,1.999
FRED_DATA,2005-08-01,4.900,196.100,3.647,16047.587,3.449,3.500,2.070
FRED_DATA,2005-09-01,5.000,198.800,4.742,16047.587,3.449,3.623,2.018
FRED_DATA,2005-10-01,5.000,199.100,4.350,16136.734,2.973,3.779,2.018
FRED_DATA,2005-11-01,5.000,198.100,3.339,16136.734,2.973,3.999,2.067
FRED_DATA,2005-12-01,4.900,198.100,3.339,16136.734,2.973,4.157,2.001
FRED_DATA,2006-01-01,4.700,199.300,4.019,16353.835,3.213,4.285,2.006
FRED_DATA,2006-02-01,4.800,199.400,3.638,16353.835,3.213,4.491,1.990
FRED_DATA,2006-03-01,4.700,199.700,3.418,16353.835,3.213,4.589,1.960
FRED_DATA,2006-04-01,4.700,200.700,3.614,16396.151,2.973,4.790,2.005
FRED_DATA,2006-05-01,4.600,201.300,3.977,16396.151,2.973,4.940,1.938
FRED_DATA,2006-06-01,4.600,201.800,4.182,16396.151,2.973,4.991,1.955
FRED_DATA,2006-07-01,4.700,202.900,4.105,16420.738,2.325,5.235,1.973
FRED_DATA,2006-08-01,4.700,203.800,3.927,16420.738,2.325,5.246,1.747
FRED_DATA,2006-09-01,4.500,202.800,2.012,16420.738,2.325,5.255,1.632
FRED_DATA,2006-10-01,4.400,201.900,1.406,16561.866,2.635,5.245,1.466
FRED_DATA,2006-11-01,4.500,202.000,1.969,16561.866,2.635,5.246,1.247
FRED_DATA,2006-12-01,4.400,203.100,2.524,16561.866,2.635,5.238,1.081
FRED_DATA,2007-01-01,4.600,203.437,2.076,16611.690,1.577,5.248,0.963
FRED_DATA,2007-02-01,4.500,204.226,2.420,16611.690,1.577,5.259,0.767
FRED_DATA,2007-03-01,4.400,205.288,2.798,16611.690,1.577,5.257,0.667
FRED_DATA,2007-04-01,4.500,205.904,2.593,16713.314,1.934,5.250,0.459
FRED_DATA,2007-05-01,4.400,206.755,2.710,16713.314,1.934,5.254,0.313
FRED_DATA,2007-06-01,4.600,207.234,2.693,16713.314,1.934,5.254,0.263
FRED_DATA,2007-07-01,4.700,207.603,2.318,16809.587,2.368,5.258,0.023
FRED_DATA,2007-08-01,4.600,207.667,1.897,16809.587,2.368,5.022,-0.224
FRED_DATA,2007-09-01,4.700,208.547,2.834,16809.587,2.368,4.938,-0.317
FRED_DATA,2007-10-01,4.700,209.190,3.611,16915.191,2.133,4.755,-0.490
FRED_DATA,2007-11-01,4.700,210.834,4.373,16915.191,2.133,4.487,-0.759
FRED_DATA,2007-12-01,5.000,211.445,4.109,16915.191,2.133,4.245,-0.994
FRED_DATA,2008-01-01,5.000,212.174,4.295,16843.003,1.392,3.940,-1.308
FRED_DATA,2008-02-01,4.900,212.687,4.143,16843.003,1.392,2.981,-2.278
FRED_DATA,2008-03-01,5.100,213.448,3.975,16843.003,1.392,2.610,-2.646
FRED_DATA,2008-04-01,5.000,213.942,3.904,16943.291,1.376,2.278,-2.971
FRED_DATA,2008-05-01,5.400,215.208,4.088,16943.291,1.376,1.978,-3.275
FRED_DATA,2008-06-01,5.600,217.463,4.936,16943.291,1.376,2.001,-3.253
FRED_DATA,2008-07-01,5.800,219.016,5.498,16854.295,0.266,2.010,-3.249
FRED_DATA,2008-08-01,6.100,218.690,5.308,16854.295,0.266,1.996,-3.026
FRED_DATA,2008-09-01,6.100,218.877,4.953,16854.295,0.266,1.812,-3.126
FRED_DATA,2008-10-01,6.500,216.995,3.731,16485.350,-2.541,0.969,-3.786
FRED_DATA,2008-11-01,6.800,213.153,1.100,16485.350,-2.541,0.388,-4.099
FRED_DATA,2008-12-01,7.300,211.398,-0.022,16485.350,-2.541,0.155,-4.089
FRED_DATA,2009-01-01,7.800,211.933,-0.114,16298.262,-3.234,0.154,-3.786
FRED_DATA,2009-02-01,8.300,212.705,0.008,16298.262,-3.234,0.222,-2.759
FRED_DATA,2009-03-01,8.700,212.495,-0.446,16298.262,-3.234,0.181,-2.430
FRED_DATA,2009-04-01,9.000,212.709,-0.576,16269.145,-3.979,0.150,-2.128
FRED_DATA,2009-05-01,9.400,213.022,-1.016,16269.145,-3.979,0.177,-1.801
FRED_DATA,2009-06-01,9.500,214.790,-1.229,16269.145,-3.979,0.206,-1.795
FRED_DATA,2009-07-01,9.500,214.726,-1.959,16326.281,-3.133,0.156,-1.854
FRED_DATA,2009-08-01,9.600,215.445,-1.484,16326.281,-3.133,0.160,-1.836
FRED_DATA,2009-09-01,9.800,215.861,-1.378,16326.281,-3.133,0.147,-1.665
FRED_DATA,2009-10-01,10.000,216.509,-0.224,16502.754,0.106,0.118,-0.851
FRED_DATA,2009-11-01,9.900,217.234,1.915,16502.754,0.106,0.119,-0.269
FRED_DATA,2009-12-01,9.900,217.347,2.814,16502.754,0.106,0.118,-0.037
FRED_DATA,2010-01-01,9.800,217.488,2.621,16582.710,1.745,0.110,-0.044
FRED_DATA,2010-02-01,9.800,217.281,2.151,16582.710,1.745,0.126,-0.096
FRED_DATA,2010-03-01,9.900,217.353,2.286,16582.710,1.745,0.165,-0.016
FRED_DATA,2010-04-01,9.900,217.403,2.207,16743.162,2.914,0.198,0.048
FRED_DATA,2010-05-01,9.600,217.290,2.004,16743.162,2.914,0.201,0.023
FRED_DATA,2010-06-01,9.400,217.199,1.122,16743.162,2.914,0.177,-0.030
FRED_DATA,2010-07-01,9.400,217.605,1.341,16872.266,3.344,0.183,0.027
FRED_DATA,2010-08-01,9.500,217.923,1.150,16872.266,3.344,0.189,0.029
FRED_DATA,2010-09-01,9.500,218.275,1.118,16872.266,3.344,0.195,0.048
FRED_DATA,2010-10-01,9.400,219.035,1.167,16960.864,2.776,0.191,0.073
FRED_DATA,2010-11-01,9.800,219.590,1.085,16960.864,2.776,0.194,0.075
FRED_DATA,2010-12-01,9.300,220.472,1.438,16960.864,2.776,0.183,0.065
FRED_DATA,2011-01-01,9.100,221.187,1.701,16920.632,2.038,0.168,0.058
FRED_DATA,2011-02-01,9.000,221.898,2.125,16920.632,2.038,0.157,0.030
FRED_DATA,2011-03-01,9.000,223.046,2.619,16920.632,2.038,0.139,-0.026
FRED_DATA,2011-04-01,9.100,224.093,3.077,17035.114,1.744,0.098,-0.100
FRED_DATA,2011-05-01,9.000,224.806,3.459,17035.114,1.744,0.094,-0.107
FRED_DATA,2011-06-01,9.100,224.806,3.502,17035.114,1.744,0.092,-0.085
FRED_DATA,2011-07-01,9.000,225.395,3.580,17031.313,0.943,0.071,-0.112
FRED_DATA,2011-08-01,9.000,226.106,3.755,17031.313,0.943,0.096,-0.094
FRED_DATA,2011-09-01,9.000,226.597,3.813,17031.313,0.943,0.084,-0.111
FRED_DATA,2011-10-01,8.800,226.750,3.522,17222.583,1.543,0.071,-0.121
FRED_DATA,2011-11-01,8.600,227.169,3.451,17222.583,1.543,0.081,-0.113
FRED_DATA,2011-12-01,8.500,227.223,3.062,17222.583,1.543,0.072,-0.112
FRED_DATA,2012-01-01,8.300,227.842,3.009,17367.010,2.638,0.082,-0.086
FRED_DATA,2012-02-01,8.300,228.329,2.898,17367.010,2.638,0.104,-0.053
FRED_DATA,2012-03-01,8.200,228.807,2.583,17367.010,2.638,0.127,-0.012
FRED_DATA,2012-04-01,8.200,229.187,2.273,17444.525,2.403,0.139,0.041
FRED_DATA,2012-05-01,8.200,228.713,1.738,17444.525,2.403,0.156,0.062
FRED_DATA,2012-06-01,8.200,228.524,1.654,17444.525,2.403,0.162,0.070
FRED_DATA,2012-07-01,8.200,228.590,1.418,17469.650,2.574,0.156,0.085
FRED_DATA,2012-08-01,8.100,229.918,1.686,17469.650,2.574,0.132,0.036
FRED_DATA,2012-09-01,7.800,231.015,1.950,17469.650,2.574,0.144,0.060
FRED_DATA,2012-10-01,7.800,231.638,2.156,17489.852,1.552,0.158,0.088
FRED_DATA,2012-11-01,7.700,231.249,1.796,17489.852,1.552,0.161,0.080
FRED_DATA,2012-12-01,7.900,231.221,1.760,17489.852,1.552,0.165,0.093
FRED_DATA,2013-01-01,8.000,231.679,1.684,17662.400,1.701,0.143,0.061
FRED_DATA,2013-02-01,7.700,232.937,2.018,17662.400,1.701,0.145,0.041
FRED_DATA,2013-03-01,7.500,232.282,1.519,17662.400,1.701,0.144,0.017
FRED_DATA,2013-04-01,7.600,231.797,1.139,17709.671,1.520,0.145,0.006
FRED_DATA,2013-05-01,7.500,231.893,1.390,17709.671,1.520,0.109,-0.047
FRED_DATA,2013-06-01,7.500,232.445,1.716,17709.671,1.520,0.094,-0.068
FRED_DATA,2013-07-01,7.300,232.900,1.885,17860.450,2.237,0.093,-0.064
FRED_DATA,2013-08-01,7.200,233.456,1.539,17860.450,2.237,0.083,-0.049
FRED_DATA,2013-09-01,7.200,233.544,1.095,17860.450,2.237,0.080,-0.064
FRED_DATA,2013-10-01,7.200,233.669,0.877,18016.147,3.009,0.087,-0.071
FRED_DATA,2013-11-01,6.900,234.100,1.233,18016.147,3.009,0.084,-0.076
FRED_DATA,2013-12-01,6.700,234.719,1.513,18016.147,3.009,0.085,-0.079
FRED_DATA,2014-01-01,6.600,235.288,1.558,17953.974,1.651,0.072,-0.071
FRED_DATA,2014-02-01,6.700,235.547,1.120,17953.974,1.651,0.066,-0.079
FRED_DATA,2014-03-01,6.700,236.028,1.613,17953.974,1.651,0.078,-0.065
FRED_DATA,2014-04-01,6.200,236.468,2.015,18185.911,2.689,0.090,-0.055
FRED_DATA,2014-05-01,6.300,236.918,2.167,18185.911,2.689,0.087,-0.022
FRED_DATA,2014-06-01,6.100,237.231,2.059,18185.911,2.689,0.096,0.002
FRED_DATA,2014-07-01,6.200,237.498,1.974,18406.941,3.060,0.091,-0.002
FRED_DATA,2014-08-01,6.100,237.460,1.715,18406.941,3.060,0.088,0.005
FRED_DATA,2014-09-01,5.900,237.477,1.684,18406.941,3.060,0.088,0.008
FRED_DATA,2014-10-01,5.700,237.430,1.610,18500.031,2.686,0.089,0.002
FRED_DATA,2014-11-01,5.800,236.983,1.232,18500.031,2.686,0.092,0.008
FRED_DATA,2014-12-01,5.600,236.252,0.653,18500.031,2.686,0.123,0.037
FRED_DATA,2015-01-01,5.700,234.747,-0.230,18666.621,3.969,0.115,0.043
FRED_DATA,2015-02-01,5.500,235.342,-0.087,18666.621,3.969,0.111,0.044
FRED_DATA,2015-03-01,5.400,235.976,-0.022,18666.621,3.969,0.113,0.035
FRED_DATA,2015-04-01,5.400,236.222,-0.104,18782.243,3.279,0.125,0.034
FRED_DATA,2015-05-01,5.600,237.001,0.035,18782.243,3.279,0.123,0.036
FRED_DATA,2015-06-01,5.300,237.657,0.180,18782.243,3.279,0.129,0.033
FRED_DATA,2015-07-01,5.200,238.034,0.226,18857.418,2.447,0.130,0.039
FRED_DATA,2015-08-01,5.100,238.033,0.241,18857.418,2.447,0.138,0.050
FRED_DATA,2015-09-01,5.000,237.498,0.009,18857.418,2.447,0.136,0.048
FRED_DATA,2015-10-01,5.000,237.733,0.128,18892.206,2.120,0.124,0.035
FRED_DATA,2015-11-01,5.100,238.017,0.436,18892.206,2.120,0.118,0.026
FRED_DATA,2015-12-01,5.000,237.761,0.639,18892.206,2.120,0.241,0.118
FRED_DATA,2016-01-01,4.800,237.652,1.238,19001.690,1.795,0.343,0.228
FRED_DATA,2016-02-01,4.900,237.336,0.847,19001.690,1.795,0.375,0.264
FRED_DATA,2016-03-01,5.000,238.080,0.892,19001.690,1.795,0.362,0.249
FRED_DATA,2016-04-01,5.100,238.992,1.173,19062.709,1.493,0.365,0.241
FRED_DATA,2016-05-01,4.800,239.557,1.078,19062.709,1.493,0.365,0.242
FRED_DATA,2016-06-01,4.900,240.222,1.079,19062.709,1.493,0.378,0.249
FRED_DATA,2016-07-01,4.800,240.101,0.868,19197.938,1.806,0.392,0.261
FRED_DATA,2016-08-01,4.900,240.545,1.055,19197.938,1.806,0.397,0.259
FRED_DATA,2016-09-01,5.000,241.176,1.549,19197.938,1.806,0.396,0.260
FRED_DATA,2016-10-01,4.900,241.741,1.686,19304.352,2.182,0.396,0.273
FRED_DATA,2016-11-01,4.700,242.026,1.684,19304.352,2.182,0.407,0.289
FRED_DATA,2016-12-01,4.700,242.637,2.051,19304.352,2.182,0.540,0.299
FRED_DATA,2017-01-01,4.700,243.618,2.510,19398.343,2.087,0.650,0.307
FRED_DATA,2017-02-01,4.600,244.006,2.810,19398.343,2.087,0.657,0.282
FRED_DATA,2017-03-01,4.400,243.892,2.441,19398.343,2.087,0.786,0.424
FRED_DATA,2017-04-01,4.400,244.193,2.176,19506.949,2.330,0.896,0.531
FRED_DATA,2017-05-01,4.400,244.004,1.856,19506.949,2.330,0.907,0.542
FRED_DATA,2017-06-01,4.300,244.163,1.641,19506.949,2.330,1.040,0.662
FRED_DATA,2017-07-01,4.300,244.243,1.725,19660.766,2.411,1.151,0.759
FRED_DATA,2017-08-01,4.400,245.183,1.928,19660.766,2.411,1.157,0.760
FRED_DATA,2017-09-01,4.300,246.435,2.181,19660.766,2.411,1.153,0.757
FRED_DATA,2017-10-01,4.200,246.626,2.021,19882.352,2.994,1.154,0.757
FRED_DATA,2017-11-01,4.200,247.284,2.172,19882.352,2.994,1.157,0.750
FRED_DATA,2017-12-01,4.100,247.805,2.130,19882.352,2.994,1.302,0.762
FRED_DATA,2018-01-01,4.000,248.859,2.151,20044.077,3.329,1.415,0.765
FRED_DATA,2018-02-01,4.100,249.529,2.263,20044.077,3.329,1.417,0.761
FRED_DATA,2018-03-01,4.000,249.577,2.331,20044.077,3.329,1.506,0.720
FRED_DATA,2018-04-01,4.000,250.227,2.471,20150.476,3.299,1.692,0.796
FRED_DATA,2018-05-01,3.800,250.792,2.782,20150.476,3.299,1.700,0.793
FRED_DATA,2018-06-01,4.000,251.018,2.808,20150.476,3.299,1.820,0.780
FRED_DATA,2018-07-01,3.800,251.214,2.854,20276.154,3.130,1.910,0.759
FRED_DATA,2018-08-01,3.800,251.663,2.643,20276.154,3.130,1.915,0.758
FRED_DATA,2018-09-01,3.700,252.182,2.332,20276.154,3.130,1.955,0.801
FRED_DATA,2018-10-01,3.800,252.772,2.492,20304.874,2.125,2.188,1.034
FRED_DATA,2018-11-01,3.800,252.594,2.147,20304.874,2.125,2.198,1.041
FRED_DATA,2018-12-01,3.900,252.767,2.002,20304.874,2.125,2.274,0.973
